[
{
  "model": "contenttypes.contenttype",
  "pk": 1,
  "fields": {
    "app_label": "admin",
    "model": "logentry"
  }
},
{
  "model": "contenttypes.contenttype",
  "pk": 2,
  "fields": {
    "app_label": "auth",
    "model": "permission"
  }
},
{
  "model": "contenttypes.contenttype",
  "pk": 3,
  "fields": {
    "app_label": "auth",
    "model": "group"
  }
},
{
  "model": "contenttypes.contenttype",
  "pk": 4,
  "fields": {
    "app_label": "auth",
    "model": "user"
  }
},
{
  "model": "contenttypes.contenttype",
  "pk": 5,
  "fields": {
    "app_label": "contenttypes",
    "model": "contenttype"
  }
},
{
  "model": "contenttypes.contenttype",
  "pk": 6,
  "fields": {
    "app_label": "sessions",
    "model": "session"
  }
},
{
  "model": "contenttypes.contenttype",
  "pk": 7,
  "fields": {
    "app_label": "core",
    "model": "person"
  }
},
{
  "model": "contenttypes.contenttype",
  "pk": 8,
  "fields": {
    "app_label": "core",
    "model": "customer"
  }
},
{
  "model": "contenttypes.contenttype",
  "pk": 9,
  "fields": {
    "app_label": "core",
    "model": "employee"
  }
},
{
  "model": "contenttypes.contenttype",
  "pk": 10,
  "fields": {
    "app_label": "core",
    "model": "occupation"
  }
},
{
  "model": "contenttypes.contenttype",
  "pk": 11,
  "fields": {
    "app_label": "core",
    "model": "seller"
  }
},
{
  "model": "contenttypes.contenttype",
  "pk": 12,
  "fields": {
    "app_label": "core",
    "model": "entry"
  }
},
{
  "model": "contenttypes.contenttype",
  "pk": 13,
  "fields": {
    "app_label": "core",
    "model": "category"
  }
},
{
  "model": "contenttypes.contenttype",
  "pk": 14,
  "fields": {
    "app_label": "core",
    "model": "work"
  }
},
{
  "model": "contenttypes.contenttype",
  "pk": 15,
  "fields": {
    "app_label": "core",
    "model": "proposal"
  }
},
{
  "model": "contenttypes.contenttype",
  "pk": 16,
  "fields": {
    "app_label": "core",
    "model": "contract"
  }
},
{
  "model": "contenttypes.contenttype",
  "pk": 17,
  "fields": {
    "app_label": "core",
    "model": "numlastproposal"
  }
},
{
  "model": "sessions.session",
  "pk": "gtkohsi1upthdvlgjx2nyo3sqjpw133f",
  "fields": {
    "session_data": "Y2I4NzRmYmI4ZTQ4MjdjNTJiYmVjM2U1YzgyOWNiZDcxNWEwNzZlMDp7Il9hdXRoX3VzZXJfaGFzaCI6IjZkNDZiNWM4OWQ2NWQ0MTMzMTQ4MDg1NTJhZTAyYjNhODMyZGJjMDIiLCJfYXV0aF91c2VyX2JhY2tlbmQiOiJkamFuZ28uY29udHJpYi5hdXRoLmJhY2tlbmRzLk1vZGVsQmFja2VuZCIsIl9hdXRoX3VzZXJfaWQiOiIxIn0=",
    "expire_date": "2016-01-25T05:19:03.138Z"
  }
},
{
  "model": "core.person",
  "pk": 1,
  "fields": {
    "created": "2016-01-11T05:25:07.027Z",
    "modified": "2016-01-11T05:25:07.027Z",
    "address": "Avenida Paulista, 1320",
    "complement": "Apto 303",
    "district": "Cerqueira C\u00e9sar",
    "city": "S\u00e3o Paulo",
    "uf": "SP",
    "cep": "01020000",
    "first_name": "Regis",
    "last_name": "da Silva",
    "email": "regis@example.com",
    "gender": "M",
    "treatment": "sr",
    "company": "RG Solutions",
    "department": "Or\u00e7amentos",
    "phone1": "11 7543-2101",
    "phone2": "11 7543-2102",
    "phone3": "11 7543-2103",
    "cpf": "11122233396",
    "rg": "40373800",
    "active": true,
    "blocked": false,
    "occupation": 1
  }
},
{
  "model": "core.person",
  "pk": 2,
  "fields": {
    "created": "2016-01-11T05:25:07.461Z",
    "modified": "2016-01-11T05:25:07.461Z",
    "address": "Rua Rafael Barbosa",
    "complement": "casa 1",
    "district": "Ribeirinho",
    "city": "Goi\u00e1s",
    "uf": "GO",
    "cep": "01020000",
    "first_name": "Adailton",
    "last_name": "do Nascimento",
    "email": "dhelbegors@example.com",
    "gender": "M",
    "treatment": "sr",
    "company": "RG Solutions",
    "department": "Developer",
    "phone1": "50 7543-2101",
    "phone2": "50 7543-2102",
    "phone3": "50 7543-2103",
    "cpf": "45877531140",
    "rg": "50373801",
    "active": true,
    "blocked": false,
    "occupation": 4
  }
},
{
  "model": "core.person",
  "pk": 3,
  "fields": {
    "created": "2016-01-11T05:25:07.736Z",
    "modified": "2016-01-11T05:25:07.736Z",
    "address": "Rua Coelho Lisboa, 574",
    "complement": null,
    "district": "Tatuap\u00e9",
    "city": "S\u00e3o Paulo",
    "uf": "SP",
    "cep": "03323-040",
    "first_name": "Ryan",
    "last_name": "Hutchins",
    "email": "r.hutchins@example.com",
    "gender": "M",
    "treatment": "p",
    "company": "RG Solutions",
    "department": null,
    "phone1": "26 8184-2241",
    "phone2": "90 2257-4734",
    "phone3": "01 4675-6085",
    "cpf": "05054135827",
    "rg": null,
    "active": true,
    "blocked": false,
    "occupation": 1
  }
},
{
  "model": "core.person",
  "pk": 4,
  "fields": {
    "created": "2016-01-11T05:25:07.947Z",
    "modified": "2016-01-11T05:25:07.947Z",
    "address": "Av. Indian\u00f3polis, 100",
    "complement": null,
    "district": "Indian\u00f3polis",
    "city": "S\u00e3o Paulo",
    "uf": "SP",
    "cep": "04062-000",
    "first_name": "Mara",
    "last_name": "Blaylock",
    "email": "m.blaylock@example.com",
    "gender": "F",
    "treatment": "pa",
    "company": "Ghostbusters",
    "department": null,
    "phone1": "47 9273-8617",
    "phone2": "86 8330-0041",
    "phone3": "26 2261-4600",
    "cpf": "01801241481",
    "rg": null,
    "active": true,
    "blocked": false,
    "occupation": 1
  }
},
{
  "model": "core.person",
  "pk": 5,
  "fields": {
    "created": "2016-01-11T05:25:08.098Z",
    "modified": "2016-01-11T05:25:08.098Z",
    "address": "Av. Pacaemb\u00fa, 380",
    "complement": null,
    "district": "Barra Funda",
    "city": "S\u00e3o Paulo",
    "uf": "SP",
    "cep": "01155-000",
    "first_name": "Mary",
    "last_name": "Williams",
    "email": "m.williams@example.com",
    "gender": "F",
    "treatment": "pa",
    "company": "Cyberdyne",
    "department": null,
    "phone1": "15 0077-2629",
    "phone2": "59 4684-3699",
    "phone3": "25 2094-8145",
    "cpf": "79434075306",
    "rg": null,
    "active": true,
    "blocked": false,
    "occupation": 1
  }
},
{
  "model": "core.person",
  "pk": 6,
  "fields": {
    "created": "2016-01-11T05:25:08.242Z",
    "modified": "2016-01-11T05:25:08.242Z",
    "address": "Av. Ulisses Reis de Matos, 100",
    "complement": null,
    "district": "Morumbi",
    "city": "S\u00e3o Paulo",
    "uf": "SP",
    "cep": "00568-602",
    "first_name": "Laurie",
    "last_name": "White",
    "email": "l.white@example.com",
    "gender": "F",
    "treatment": "sra",
    "company": "Ghostbusters",
    "department": null,
    "phone1": "20 9239-3564",
    "phone2": "74 1549-1587",
    "phone3": "44 3380-6369",
    "cpf": "87913977902",
    "rg": null,
    "active": true,
    "blocked": false,
    "occupation": 1
  }
},
{
  "model": "core.person",
  "pk": 7,
  "fields": {
    "created": "2016-01-11T05:25:08.392Z",
    "modified": "2016-01-11T05:25:08.392Z",
    "address": "Av. Moreira Guimar\u00e3es, 367",
    "complement": null,
    "district": "Moema",
    "city": "S\u00e3o Paulo",
    "uf": "SP",
    "cep": "04074-030",
    "first_name": "Ronald",
    "last_name": "Wahl",
    "email": "r.wahl@example.com",
    "gender": "M",
    "treatment": "dr",
    "company": "Wonka",
    "department": null,
    "phone1": "48 5957-4287",
    "phone2": "49 2640-2461",
    "phone3": "49 9905-7954",
    "cpf": "52590390247",
    "rg": null,
    "active": true,
    "blocked": false,
    "occupation": 1
  }
},
{
  "model": "core.person",
  "pk": 8,
  "fields": {
    "created": "2016-01-11T05:25:08.543Z",
    "modified": "2016-01-11T05:25:08.543Z",
    "address": "Rua Padre Machado, 68",
    "complement": null,
    "district": "Vila Mariana",
    "city": "S\u00e3o Paulo",
    "uf": "SP",
    "cep": "04127-001",
    "first_name": "John",
    "last_name": "Chavez",
    "email": "j.chavez@example.com",
    "gender": "M",
    "treatment": "a",
    "company": "ILM",
    "department": null,
    "phone1": "94 1525-0029",
    "phone2": "28 1998-5854",
    "phone3": "43 3555-9517",
    "cpf": "20009442879",
    "rg": null,
    "active": true,
    "blocked": false,
    "occupation": 1
  }
},
{
  "model": "core.person",
  "pk": 9,
  "fields": {
    "created": "2016-01-11T05:25:08.691Z",
    "modified": "2016-01-11T05:25:08.691Z",
    "address": "Est Itapecerica, 2925",
    "complement": null,
    "district": "Centro",
    "city": "S\u00e3o Paulo",
    "uf": "SP",
    "cep": "05835-005",
    "first_name": "Virginia",
    "last_name": "Cuevas",
    "email": "v.cuevas@example.com",
    "gender": "F",
    "treatment": "aa",
    "company": "Gringotes",
    "department": null,
    "phone1": "05 2002-3099",
    "phone2": "02 4869-9384",
    "phone3": "19 7291-5514",
    "cpf": "82952063864",
    "rg": null,
    "active": true,
    "blocked": false,
    "occupation": 1
  }
},
{
  "model": "core.person",
  "pk": 10,
  "fields": {
    "created": "2016-01-11T05:25:08.874Z",
    "modified": "2016-01-11T05:25:08.874Z",
    "address": "Av 23 de Maio, 3041",
    "complement": null,
    "district": "Vila Mariana",
    "city": "S\u00e3o Paulo",
    "uf": "SP",
    "cep": "04008-090",
    "first_name": "Kevin",
    "last_name": "Mccormick",
    "email": "k.mccormick@example.com",
    "gender": "M",
    "treatment": "e",
    "company": "Tabajara",
    "department": null,
    "phone1": "52 5131-8342",
    "phone2": "89 9697-1067",
    "phone3": "59 0764-5999",
    "cpf": "84164025788",
    "rg": null,
    "active": true,
    "blocked": false,
    "occupation": 1
  }
},
{
  "model": "core.person",
  "pk": 11,
  "fields": {
    "created": "2016-01-11T05:25:09.012Z",
    "modified": "2016-01-11T05:25:09.013Z",
    "address": "Rua Col\u00f4mbia, 810",
    "complement": null,
    "district": "Jardim Am\u00e9rica",
    "city": "S\u00e3o Paulo",
    "uf": "SP",
    "cep": "01438-001",
    "first_name": "Jesse",
    "last_name": "Connell",
    "email": "j.connell@example.com",
    "gender": "M",
    "treatment": "e",
    "company": "Tabajara",
    "department": null,
    "phone1": "61 8723-0405",
    "phone2": "88 1293-7889",
    "phone3": "52 1783-2842",
    "cpf": "75076821270",
    "rg": null,
    "active": true,
    "blocked": false,
    "occupation": 1
  }
},
{
  "model": "core.person",
  "pk": 12,
  "fields": {
    "created": "2016-01-11T05:25:09.198Z",
    "modified": "2016-01-11T05:25:09.198Z",
    "address": "Av Pedroso de Morais, 1552",
    "complement": null,
    "district": "Pinheiros",
    "city": "S\u00e3o Paulo",
    "uf": "SP",
    "cep": "05420-002",
    "first_name": "John",
    "last_name": "Shaver",
    "email": "j.shaver@example.com",
    "gender": "M",
    "treatment": "sr",
    "company": "ILM",
    "department": null,
    "phone1": "95 2086-3624",
    "phone2": "69 0082-6724",
    "phone3": "26 4275-9854",
    "cpf": "14467224820",
    "rg": null,
    "active": true,
    "blocked": false,
    "occupation": 1
  }
},
{
  "model": "core.person",
  "pk": 13,
  "fields": {
    "created": "2016-01-11T05:25:09.347Z",
    "modified": "2016-01-11T05:25:09.347Z",
    "address": "Av dos Bandeirantes, 1729",
    "complement": null,
    "district": "Vila Ol\u00edmpia",
    "city": "S\u00e3o Paulo",
    "uf": "SP",
    "cep": "04553-010",
    "first_name": "Elizabeth",
    "last_name": "Mccarthy",
    "email": "e.mccarthy@example.com",
    "gender": "F",
    "treatment": "aa",
    "company": "Wonka",
    "department": null,
    "phone1": "35 7744-0726",
    "phone2": "94 1748-8662",
    "phone3": "75 6863-2416",
    "cpf": "78633508758",
    "rg": null,
    "active": true,
    "blocked": false,
    "occupation": 1
  }
},
{
  "model": "core.person",
  "pk": 14,
  "fields": {
    "created": "2016-01-11T05:25:09.519Z",
    "modified": "2016-01-11T05:25:09.519Z",
    "address": "Rua Itingu\u00e7u, 1288",
    "complement": null,
    "district": "Vila R\u00e9",
    "city": "S\u00e3o Paulo",
    "uf": "SP",
    "cep": "03658-000",
    "first_name": "Patrick",
    "last_name": "Thompson",
    "email": "p.thompson@example.com",
    "gender": "M",
    "treatment": "sr",
    "company": "Cyberdyne",
    "department": null,
    "phone1": "76 1827-2105",
    "phone2": "59 9700-1885",
    "phone3": "96 4827-2544",
    "cpf": "18966139456",
    "rg": null,
    "active": true,
    "blocked": false,
    "occupation": 1
  }
},
{
  "model": "core.person",
  "pk": 15,
  "fields": {
    "created": "2016-01-11T05:25:09.651Z",
    "modified": "2016-01-11T05:25:09.651Z",
    "address": "Av Morumbi, 7600",
    "complement": null,
    "district": "Santo Amaro",
    "city": "S\u00e3o Paulo",
    "uf": "SP",
    "cep": "04703-000",
    "first_name": "Rod",
    "last_name": "Jankowski",
    "email": "r.jankowski@example.com",
    "gender": "M",
    "treatment": "p",
    "company": "Globex",
    "department": null,
    "phone1": "45 4735-8302",
    "phone2": "08 2034-8883",
    "phone3": "04 7263-3729",
    "cpf": "94748674807",
    "rg": null,
    "active": true,
    "blocked": false,
    "occupation": 1
  }
},
{
  "model": "core.person",
  "pk": 16,
  "fields": {
    "created": "2016-01-11T05:25:09.797Z",
    "modified": "2016-01-11T05:25:09.797Z",
    "address": "Av Morumbi, 6989",
    "complement": null,
    "district": "Morumbi",
    "city": "S\u00e3o Paulo",
    "uf": "SP",
    "cep": "05650-002",
    "first_name": "Jack",
    "last_name": "Ortiz",
    "email": "j.ortiz@example.com",
    "gender": "M",
    "treatment": "sr",
    "company": "Stark",
    "department": null,
    "phone1": "64 6828-8265",
    "phone2": "79 3984-9560",
    "phone3": "09 6551-6352",
    "cpf": "55145034267",
    "rg": null,
    "active": true,
    "blocked": false,
    "occupation": 1
  }
},
{
  "model": "core.person",
  "pk": 17,
  "fields": {
    "created": "2016-01-11T05:25:09.920Z",
    "modified": "2016-01-11T05:25:09.920Z",
    "address": "Av Prof Francisco Morato, 1706",
    "complement": null,
    "district": "Butant\u00e3",
    "city": "S\u00e3o Paulo",
    "uf": "SP",
    "cep": "05512-200",
    "first_name": "Tamara",
    "last_name": "Davis",
    "email": "t.davis@example.com",
    "gender": "F",
    "treatment": "ea",
    "company": "Globex",
    "department": null,
    "phone1": "87 4829-7743",
    "phone2": "52 1258-7656",
    "phone3": "93 8452-1045",
    "cpf": "15554554861",
    "rg": null,
    "active": true,
    "blocked": false,
    "occupation": 1
  }
},
{
  "model": "core.person",
  "pk": 18,
  "fields": {
    "created": "2016-01-11T05:25:10.053Z",
    "modified": "2016-01-11T05:25:10.053Z",
    "address": "Av Giovanni Gronchi, 2911",
    "complement": null,
    "district": "Morumbi",
    "city": "S\u00e3o Paulo",
    "uf": "SP",
    "cep": "05651-002",
    "first_name": "Cecilia",
    "last_name": "Reed",
    "email": "c.reed@example.com",
    "gender": "F",
    "treatment": "sra",
    "company": "Wayne",
    "department": null,
    "phone1": "02 4674-6432",
    "phone2": "44 4312-1484",
    "phone3": "12 6077-7128",
    "cpf": "81025005645",
    "rg": null,
    "active": true,
    "blocked": false,
    "occupation": 1
  }
},
{
  "model": "core.person",
  "pk": 19,
  "fields": {
    "created": "2016-01-11T05:25:10.185Z",
    "modified": "2016-01-11T05:25:10.185Z",
    "address": "Av Europa, 725",
    "complement": null,
    "district": "Jardim Europa",
    "city": "S\u00e3o Paulo",
    "uf": "SP",
    "cep": "01449-000",
    "first_name": "Margaret",
    "last_name": "Smith",
    "email": "m.smith@example.com",
    "gender": "F",
    "treatment": "pa",
    "company": "RG Solutions",
    "department": null,
    "phone1": "75 1987-6682",
    "phone2": "96 6015-9844",
    "phone3": "76 9712-6133",
    "cpf": "69098218790",
    "rg": null,
    "active": true,
    "blocked": false,
    "occupation": 1
  }
},
{
  "model": "core.person",
  "pk": 20,
  "fields": {
    "created": "2016-01-11T05:25:10.478Z",
    "modified": "2016-01-11T05:25:10.478Z",
    "address": "Rua Col\u00f4mbia, 659",
    "complement": null,
    "district": "Jardim Am\u00e9rica",
    "city": "S\u00e3o Paulo",
    "uf": "SP",
    "cep": "01438-001",
    "first_name": "Elizabeth",
    "last_name": "Prude",
    "email": "e.prude@example.com",
    "gender": "F",
    "treatment": "srta",
    "company": "Cyberdyne",
    "department": null,
    "phone1": "37 9701-1071",
    "phone2": "14 6500-5844",
    "phone3": "59 6356-0554",
    "cpf": "56744630474",
    "rg": null,
    "active": true,
    "blocked": false,
    "occupation": 1
  }
},
{
  "model": "core.person",
  "pk": 21,
  "fields": {
    "created": "2016-01-11T05:25:10.687Z",
    "modified": "2016-01-11T05:25:10.687Z",
    "address": "Av Prof Vicente R\u00e1o, 915",
    "complement": null,
    "district": "Jardim Petr\u00f3polis",
    "city": "S\u00e3o Paulo",
    "uf": "SP",
    "cep": "04636-000",
    "first_name": "Jeffrey",
    "last_name": "Lyons",
    "email": "j.lyons@example.com",
    "gender": "M",
    "treatment": "sr",
    "company": "Ghostbusters",
    "department": null,
    "phone1": "99 2140-2749",
    "phone2": "45 7419-0137",
    "phone3": "48 6652-8644",
    "cpf": "11698417404",
    "rg": null,
    "active": true,
    "blocked": false,
    "occupation": 1
  }
},
{
  "model": "core.person",
  "pk": 22,
  "fields": {
    "created": "2016-01-11T05:25:10.832Z",
    "modified": "2016-01-11T05:25:10.832Z",
    "address": "Av Braz Leme, 268",
    "complement": null,
    "district": "Casa Verde",
    "city": "S\u00e3o Paulo",
    "uf": "SP",
    "cep": "02511-000",
    "first_name": "Aaron",
    "last_name": "Pugliese",
    "email": "a.pugliese@example.com",
    "gender": "M",
    "treatment": "e",
    "company": "ILM",
    "department": null,
    "phone1": "13 2115-6866",
    "phone2": "70 5983-3896",
    "phone3": "85 7154-3091",
    "cpf": "72912678108",
    "rg": null,
    "active": true,
    "blocked": false,
    "occupation": 1
  }
},
{
  "model": "core.person",
  "pk": 23,
  "fields": {
    "created": "2016-01-11T05:25:10.985Z",
    "modified": "2016-01-11T05:25:10.985Z",
    "address": "Rua Gomes de Carvalho, 421",
    "complement": null,
    "district": "Vila Ol\u00edmpia",
    "city": "S\u00e3o Paulo",
    "uf": "SP",
    "cep": "04547-001",
    "first_name": "Betty",
    "last_name": "Smyth",
    "email": "b.smyth@example.com",
    "gender": "F",
    "treatment": "sra",
    "company": "Ghostbusters",
    "department": null,
    "phone1": "37 0747-1609",
    "phone2": "40 8367-6761",
    "phone3": "46 4226-6652",
    "cpf": "33624899750",
    "rg": null,
    "active": true,
    "blocked": false,
    "occupation": 1
  }
},
{
  "model": "core.person",
  "pk": 24,
  "fields": {
    "created": "2016-01-11T05:25:11.116Z",
    "modified": "2016-01-11T05:25:11.116Z",
    "address": "Av Interlagos, 1550",
    "complement": null,
    "district": "Jardim Marajoara",
    "city": "S\u00e3o Paulo",
    "uf": "SP",
    "cep": "04660-001",
    "first_name": "Eric",
    "last_name": "Straub",
    "email": "e.straub@example.com",
    "gender": "M",
    "treatment": "p",
    "company": "Ghostbusters",
    "department": null,
    "phone1": "32 3745-3066",
    "phone2": "83 2933-6348",
    "phone3": "28 8211-2796",
    "cpf": "70002982352",
    "rg": null,
    "active": true,
    "blocked": false,
    "occupation": 1
  }
},
{
  "model": "core.person",
  "pk": 25,
  "fields": {
    "created": "2016-01-11T05:25:11.323Z",
    "modified": "2016-01-11T05:25:11.323Z",
    "address": "Rua Ulysses Reis de Mattos, 100",
    "complement": null,
    "district": "Real Parque",
    "city": "S\u00e3o Paulo",
    "uf": "SP",
    "cep": "05686-020",
    "first_name": "Phyllis",
    "last_name": "Justus",
    "email": "p.justus@example.com",
    "gender": "F",
    "treatment": "sra",
    "company": "Globex",
    "department": null,
    "phone1": "74 1350-0182",
    "phone2": "11 5698-6244",
    "phone3": "07 0954-8645",
    "cpf": "27521606172",
    "rg": null,
    "active": true,
    "blocked": false,
    "occupation": 1
  }
},
{
  "model": "core.person",
  "pk": 26,
  "fields": {
    "created": "2016-01-11T05:25:11.578Z",
    "modified": "2016-01-11T05:25:11.578Z",
    "address": "Av das Na\u00e7\u00f5es Unidas, 17471",
    "complement": null,
    "district": "Vila Almeida",
    "city": "S\u00e3o Paulo",
    "uf": "SP",
    "cep": "04795-100",
    "first_name": "Robert",
    "last_name": "Yates",
    "email": "r.yates@example.com",
    "gender": "M",
    "treatment": "sr",
    "company": "RG Solutions",
    "department": null,
    "phone1": "86 5298-0240",
    "phone2": "81 2234-3178",
    "phone3": "86 2426-2522",
    "cpf": "16660317394",
    "rg": null,
    "active": true,
    "blocked": false,
    "occupation": 1
  }
},
{
  "model": "core.person",
  "pk": 27,
  "fields": {
    "created": "2016-01-11T05:25:11.774Z",
    "modified": "2016-01-11T05:25:11.774Z",
    "address": "Avenida Maria Coelho Aguiar, 215",
    "complement": null,
    "district": "Jardim S\u00e3o Lu\u00eds",
    "city": "S\u00e3o Paulo",
    "uf": "SP",
    "cep": "05804-925",
    "first_name": "Brad",
    "last_name": "Wagoner",
    "email": "b.wagoner@example.com",
    "gender": "M",
    "treatment": "e",
    "company": "Wonka",
    "department": null,
    "phone1": "99 9734-6207",
    "phone2": "75 0819-9565",
    "phone3": "34 5844-8219",
    "cpf": "77010336222",
    "rg": null,
    "active": true,
    "blocked": false,
    "occupation": 1
  }
},
{
  "model": "core.person",
  "pk": 28,
  "fields": {
    "created": "2016-01-11T05:25:11.973Z",
    "modified": "2016-01-11T05:25:11.973Z",
    "address": "Avenida das Na\u00e7\u00f5es Unidas, 22540",
    "complement": null,
    "district": "Alto de Pinheiros",
    "city": "S\u00e3o Paulo",
    "uf": "SP",
    "cep": "05307-085",
    "first_name": "Elaine",
    "last_name": "Garay",
    "email": "e.garay@example.com",
    "gender": "F",
    "treatment": "srta",
    "company": "Tabajara",
    "department": null,
    "phone1": "00 5308-2405",
    "phone2": "60 2370-3870",
    "phone3": "93 2944-1806",
    "cpf": "18839009457",
    "rg": null,
    "active": true,
    "blocked": false,
    "occupation": 1
  }
},
{
  "model": "core.person",
  "pk": 29,
  "fields": {
    "created": "2016-01-11T05:25:12.126Z",
    "modified": "2016-01-11T05:25:12.126Z",
    "address": "Rua Manoel Jos\u00e9 Viana, 94",
    "complement": null,
    "district": "Vila Ivone",
    "city": "S\u00e3o Paulo",
    "uf": "SP",
    "cep": "03282-035",
    "first_name": "Julian",
    "last_name": "Bedgood",
    "email": "j.bedgood@example.com",
    "gender": "M",
    "treatment": "a",
    "company": "Ghostbusters",
    "department": null,
    "phone1": "42 2466-1162",
    "phone2": "27 2729-1841",
    "phone3": "95 1515-9004",
    "cpf": "71025815734",
    "rg": null,
    "active": true,
    "blocked": false,
    "occupation": 1
  }
},
{
  "model": "core.person",
  "pk": 30,
  "fields": {
    "created": "2016-01-11T05:25:12.245Z",
    "modified": "2016-01-11T05:25:12.245Z",
    "address": "Rua Dona Maria Cust\u00f3dia, 319",
    "complement": null,
    "district": "Santa Terezinha",
    "city": "S\u00e3o Paulo",
    "uf": "SP",
    "cep": "02460-070",
    "first_name": "Maria",
    "last_name": "Cook",
    "email": "m.cook@example.com",
    "gender": "F",
    "treatment": "pa",
    "company": "Globex",
    "department": null,
    "phone1": "05 9889-4353",
    "phone2": "89 8750-4675",
    "phone3": "00 7065-5248",
    "cpf": "46293981164",
    "rg": null,
    "active": true,
    "blocked": false,
    "occupation": 1
  }
},
{
  "model": "core.person",
  "pk": 31,
  "fields": {
    "created": "2016-01-11T05:25:12.383Z",
    "modified": "2016-01-11T05:25:12.383Z",
    "address": "Avenida Robert Kennedy, 188",
    "complement": null,
    "district": "Socorro",
    "city": "S\u00e3o Paulo",
    "uf": "SP",
    "cep": "04768-000",
    "first_name": "Timothy",
    "last_name": "Coffman",
    "email": "t.coffman@example.com",
    "gender": "M",
    "treatment": "sr",
    "company": "ILM",
    "department": null,
    "phone1": "03 4439-5096",
    "phone2": "93 6595-0521",
    "phone3": "53 9052-1954",
    "cpf": "01607146939",
    "rg": null,
    "active": true,
    "blocked": false,
    "occupation": 1
  }
},
{
  "model": "core.person",
  "pk": 32,
  "fields": {
    "created": "2016-01-11T05:25:12.782Z",
    "modified": "2016-01-11T05:25:12.782Z",
    "address": "Av Eng Caetano Alvares, 3916",
    "complement": null,
    "district": "Lim\u00e3o",
    "city": "S\u00e3o Paulo",
    "uf": "SP",
    "cep": "00000-000",
    "first_name": "Andrew",
    "last_name": "Green",
    "email": "a.green@example.com",
    "gender": "M",
    "treatment": "e",
    "company": "Wonka",
    "department": null,
    "phone1": "82 7810-8412",
    "phone2": "54 7756-8553",
    "phone3": "42 2670-3985",
    "cpf": "34236177042",
    "rg": null,
    "active": true,
    "blocked": false,
    "occupation": 1
  }
},
{
  "model": "core.person",
  "pk": 33,
  "fields": {
    "created": "2016-01-11T05:25:12.930Z",
    "modified": "2016-01-11T05:25:12.930Z",
    "address": "Av Morumbi, 7766",
    "complement": null,
    "district": "Santo Amaro",
    "city": "S\u00e3o Paulo",
    "uf": "SP",
    "cep": "04703-000",
    "first_name": "Stephen",
    "last_name": "Martinez",
    "email": "s.martinez@example.com",
    "gender": "M",
    "treatment": "p",
    "company": "Oscorp",
    "department": null,
    "phone1": "34 9114-4050",
    "phone2": "19 9196-7421",
    "phone3": "12 1388-6345",
    "cpf": "13548374487",
    "rg": null,
    "active": true,
    "blocked": false,
    "occupation": 1
  }
},
{
  "model": "core.person",
  "pk": 34,
  "fields": {
    "created": "2016-01-11T05:25:13.044Z",
    "modified": "2016-01-11T05:25:13.044Z",
    "address": "Av Roland Garros, 1853",
    "complement": null,
    "district": "Jardim Brasil",
    "city": "S\u00e3o Paulo",
    "uf": "SP",
    "cep": "00000-000",
    "first_name": "Ann",
    "last_name": "Buck",
    "email": "a.buck@example.com",
    "gender": "F",
    "treatment": "ea",
    "company": "Globex",
    "department": null,
    "phone1": "54 9159-5844",
    "phone2": "69 9353-7295",
    "phone3": "23 5522-1946",
    "cpf": "71761764670",
    "rg": null,
    "active": true,
    "blocked": false,
    "occupation": 1
  }
},
{
  "model": "core.person",
  "pk": 35,
  "fields": {
    "created": "2016-01-11T05:25:13.163Z",
    "modified": "2016-01-11T05:25:13.164Z",
    "address": "Av Nazar\u00e9, 1070",
    "complement": null,
    "district": "Ipiranga",
    "city": "S\u00e3o Paulo",
    "uf": "SP",
    "cep": "04262-200",
    "first_name": "Alisa",
    "last_name": "Crowley",
    "email": "a.crowley@example.com",
    "gender": "F",
    "treatment": "srta",
    "company": "Globex",
    "department": null,
    "phone1": "34 4809-4455",
    "phone2": "27 8875-9210",
    "phone3": "74 7459-9686",
    "cpf": "05696369765",
    "rg": null,
    "active": true,
    "blocked": false,
    "occupation": 1
  }
},
{
  "model": "core.person",
  "pk": 36,
  "fields": {
    "created": "2016-01-11T05:25:13.287Z",
    "modified": "2016-01-11T05:25:13.287Z",
    "address": "Avenida das Nacoes Unidas, 19667",
    "complement": null,
    "district": "Vila Almeida",
    "city": "S\u00e3o Paulo",
    "uf": "SP",
    "cep": "04795-100",
    "first_name": "Juana",
    "last_name": "Morris",
    "email": "j.morris@example.com",
    "gender": "F",
    "treatment": "sra",
    "company": "Oscorp",
    "department": null,
    "phone1": "66 2377-5158",
    "phone2": "08 1001-1835",
    "phone3": "54 3731-3832",
    "cpf": "30807493248",
    "rg": null,
    "active": true,
    "blocked": false,
    "occupation": 1
  }
},
{
  "model": "core.person",
  "pk": 37,
  "fields": {
    "created": "2016-01-11T05:25:13.411Z",
    "modified": "2016-01-11T05:25:13.411Z",
    "address": "Av Morvan Dias de Figueiredo, 1175",
    "complement": null,
    "district": "Vila Guilherme",
    "city": "S\u00e3o Paulo",
    "uf": "SP",
    "cep": "02170-000",
    "first_name": "Jacqueline",
    "last_name": "Orr",
    "email": "j.orr@example.com",
    "gender": "F",
    "treatment": "ea",
    "company": "Globex",
    "department": null,
    "phone1": "91 4057-6191",
    "phone2": "21 3201-2266",
    "phone3": "26 6087-7240",
    "cpf": "37047359683",
    "rg": null,
    "active": true,
    "blocked": false,
    "occupation": 1
  }
},
{
  "model": "core.person",
  "pk": 38,
  "fields": {
    "created": "2016-01-11T05:25:13.576Z",
    "modified": "2016-01-11T05:25:13.576Z",
    "address": "Av Prof Luiz Ign\u00e1cio Anhaia Mello, 2560",
    "complement": null,
    "district": "Jardim Avelino",
    "city": "S\u00e3o Paulo",
    "uf": "SP",
    "cep": "03154-100",
    "first_name": "Daniel",
    "last_name": "Morales",
    "email": "d.morales@example.com",
    "gender": "M",
    "treatment": "sr",
    "company": "RG Solutions",
    "department": null,
    "phone1": "60 1434-6922",
    "phone2": "86 2818-1084",
    "phone3": "02 3822-4350",
    "cpf": "33255115374",
    "rg": null,
    "active": true,
    "blocked": false,
    "occupation": 1
  }
},
{
  "model": "core.person",
  "pk": 39,
  "fields": {
    "created": "2016-01-11T05:25:13.752Z",
    "modified": "2016-01-11T05:25:13.752Z",
    "address": "Av Jabaquara, 2177",
    "complement": null,
    "district": "Mirand\u00f3polis",
    "city": "S\u00e3o Paulo",
    "uf": "SP",
    "cep": "04045-003",
    "first_name": "Deborah",
    "last_name": "Heuer",
    "email": "d.heuer@example.com",
    "gender": "F",
    "treatment": "srta",
    "company": "Oscorp",
    "department": null,
    "phone1": "02 8832-6413",
    "phone2": "29 4058-6143",
    "phone3": "74 8659-9176",
    "cpf": "93220007373",
    "rg": null,
    "active": true,
    "blocked": false,
    "occupation": 1
  }
},
{
  "model": "core.person",
  "pk": 40,
  "fields": {
    "created": "2016-01-11T05:25:13.874Z",
    "modified": "2016-01-11T05:25:13.875Z",
    "address": "P\u00e7 Br de Tiet\u00ea, 115",
    "complement": null,
    "district": "Belenzinho",
    "city": "S\u00e3o Paulo",
    "uf": "SP",
    "cep": "03163-050",
    "first_name": "Laura",
    "last_name": "Lewis",
    "email": "l.lewis@example.com",
    "gender": "F",
    "treatment": "pa",
    "company": "Globex",
    "department": null,
    "phone1": "41 5278-4365",
    "phone2": "95 6619-6383",
    "phone3": "68 0176-4110",
    "cpf": "58395935366",
    "rg": null,
    "active": true,
    "blocked": false,
    "occupation": 1
  }
},
{
  "model": "core.person",
  "pk": 41,
  "fields": {
    "created": "2016-01-11T05:25:14.006Z",
    "modified": "2016-01-11T05:25:14.006Z",
    "address": "Av Otaviano Alves de Lima, 3972",
    "complement": null,
    "district": "Nossa Senhora do \u00d3",
    "city": "S\u00e3o Paulo",
    "uf": "SP",
    "cep": "02901-000",
    "first_name": "Leo",
    "last_name": "Palomo",
    "email": "l.palomo@example.com",
    "gender": "M",
    "treatment": "sr",
    "company": "Globex",
    "department": null,
    "phone1": "34 2400-1326",
    "phone2": "21 4260-6446",
    "phone3": "16 3758-0934",
    "cpf": "51849391849",
    "rg": null,
    "active": true,
    "blocked": false,
    "occupation": 1
  }
},
{
  "model": "core.person",
  "pk": 42,
  "fields": {
    "created": "2016-01-11T05:25:14.131Z",
    "modified": "2016-01-11T05:25:14.131Z",
    "address": "Av Pacaembu, 380",
    "complement": null,
    "district": "Barra Funda",
    "city": "S\u00e3o Paulo",
    "uf": "SP",
    "cep": "01155-000",
    "first_name": "Alice",
    "last_name": "Hamilton",
    "email": "a.hamilton@example.com",
    "gender": "F",
    "treatment": "d",
    "company": "ILM",
    "department": null,
    "phone1": "21 8587-5853",
    "phone2": "43 3374-2868",
    "phone3": "77 5580-8128",
    "cpf": "54087662545",
    "rg": null,
    "active": true,
    "blocked": false,
    "occupation": 1
  }
},
{
  "model": "core.person",
  "pk": 43,
  "fields": {
    "created": "2016-01-11T05:25:14.329Z",
    "modified": "2016-01-11T05:25:14.329Z",
    "address": "Av Dr Ricardo Jafet, 2419",
    "complement": null,
    "district": "Vila Firmiano Pinto",
    "city": "S\u00e3o Paulo",
    "uf": "SP",
    "cep": "04123-030",
    "first_name": "Ed",
    "last_name": "Stiteler",
    "email": "e.stiteler@example.com",
    "gender": "M",
    "treatment": "sr",
    "company": "ILM",
    "department": null,
    "phone1": "92 4916-4814",
    "phone2": "53 1957-3722",
    "phone3": "25 7156-4684",
    "cpf": "72236732140",
    "rg": null,
    "active": true,
    "blocked": false,
    "occupation": 1
  }
},
{
  "model": "core.person",
  "pk": 44,
  "fields": {
    "created": "2016-01-11T05:25:14.544Z",
    "modified": "2016-01-11T05:25:14.545Z",
    "address": "Av Rio Branco, 1457",
    "complement": null,
    "district": "Campos El\u00edseos",
    "city": "S\u00e3o Paulo",
    "uf": "SP",
    "cep": "01205-001",
    "first_name": "Catherine",
    "last_name": "Corathers",
    "email": "c.corathers@example.com",
    "gender": "F",
    "treatment": "srta",
    "company": "Ghostbusters",
    "department": null,
    "phone1": "26 5185-7030",
    "phone2": "90 6408-1031",
    "phone3": "70 2263-5243",
    "cpf": "35563345836",
    "rg": null,
    "active": true,
    "blocked": false,
    "occupation": 1
  }
},
{
  "model": "core.person",
  "pk": 45,
  "fields": {
    "created": "2016-01-11T05:25:14.672Z",
    "modified": "2016-01-11T05:25:14.672Z",
    "address": "Av Prof\u00ba Luiz Ignacio Anhaia Mello, 4470",
    "complement": null,
    "district": "Jardim Idepend\u00eancia",
    "city": "S\u00e3o Paulo",
    "uf": "SP",
    "cep": "03294-100",
    "first_name": "Dirk",
    "last_name": "Mancuso",
    "email": "d.mancuso@example.com",
    "gender": "M",
    "treatment": "a",
    "company": "Gringotes",
    "department": null,
    "phone1": "68 9726-8526",
    "phone2": "93 3259-5485",
    "phone3": "93 4492-0228",
    "cpf": "45160935440",
    "rg": null,
    "active": true,
    "blocked": false,
    "occupation": 1
  }
},
{
  "model": "core.person",
  "pk": 46,
  "fields": {
    "created": "2016-01-11T05:25:14.800Z",
    "modified": "2016-01-11T05:25:14.800Z",
    "address": "Al Olga, 259",
    "complement": null,
    "district": "Barra Funda",
    "city": "S\u00e3o Paulo",
    "uf": "SP",
    "cep": "01155-040",
    "first_name": "Isaac",
    "last_name": "Anderson",
    "email": "i.anderson@example.com",
    "gender": "M",
    "treatment": "dr",
    "company": "Acme",
    "department": null,
    "phone1": "27 6250-8787",
    "phone2": "28 6085-8173",
    "phone3": "00 8168-1829",
    "cpf": "98053299562",
    "rg": null,
    "active": true,
    "blocked": false,
    "occupation": 1
  }
},
{
  "model": "core.person",
  "pk": 47,
  "fields": {
    "created": "2016-01-11T05:25:14.935Z",
    "modified": "2016-01-11T05:25:14.935Z",
    "address": "Av Dr Gast\u00e3o Vidigal, 1595",
    "complement": null,
    "district": "Vila Leopoldina",
    "city": "S\u00e3o Paulo",
    "uf": "SP",
    "cep": "05314-000",
    "first_name": "Peggy",
    "last_name": "Mick",
    "email": "p.mick@example.com",
    "gender": "F",
    "treatment": "srta",
    "company": "Ghostbusters",
    "department": null,
    "phone1": "23 8175-6353",
    "phone2": "28 5464-7874",
    "phone3": "77 1827-4865",
    "cpf": "26890714051",
    "rg": null,
    "active": true,
    "blocked": false,
    "occupation": 1
  }
},
{
  "model": "core.person",
  "pk": 48,
  "fields": {
    "created": "2016-01-11T05:25:15.074Z",
    "modified": "2016-01-11T05:25:15.074Z",
    "address": "Rua Cl\u00e9lia, 1000",
    "complement": null,
    "district": "\u00c1gua Branca",
    "city": "S\u00e3o Paulo",
    "uf": "SP",
    "cep": "05042-000",
    "first_name": "David",
    "last_name": "Smith",
    "email": "d.smith@example.com",
    "gender": "M",
    "treatment": "e",
    "company": "Wayne",
    "department": null,
    "phone1": "78 0371-6395",
    "phone2": "59 8462-9381",
    "phone3": "32 2980-8305",
    "cpf": "03290137428",
    "rg": null,
    "active": true,
    "blocked": false,
    "occupation": 1
  }
},
{
  "model": "core.person",
  "pk": 49,
  "fields": {
    "created": "2016-01-11T05:25:15.208Z",
    "modified": "2016-01-11T05:25:15.208Z",
    "address": "Av Ermano Marchetti, 596",
    "complement": null,
    "district": "\u00c1gua Branca",
    "city": "S\u00e3o Paulo",
    "uf": "SP",
    "cep": "05038-000",
    "first_name": "Mario",
    "last_name": "Frye",
    "email": "m.frye@example.com",
    "gender": "M",
    "treatment": "e",
    "company": "Acme",
    "department": null,
    "phone1": "17 2853-9145",
    "phone2": "20 6592-6776",
    "phone3": "42 1294-1409",
    "cpf": "63752261380",
    "rg": null,
    "active": true,
    "blocked": false,
    "occupation": 1
  }
},
{
  "model": "core.person",
  "pk": 50,
  "fields": {
    "created": "2016-01-11T05:25:15.348Z",
    "modified": "2016-01-11T05:25:15.348Z",
    "address": "Av Conselheiro Carr\u00e3o, 1306",
    "complement": null,
    "district": "Carr\u00e3o",
    "city": "S\u00e3o Paulo",
    "uf": "SP",
    "cep": "03402-001",
    "first_name": "Ronald",
    "last_name": "Jernigan",
    "email": "r.jernigan@example.com",
    "gender": "M",
    "treatment": "sr",
    "company": "Stark",
    "department": null,
    "phone1": "15 1692-7774",
    "phone2": "87 6174-7221",
    "phone3": "42 4929-0555",
    "cpf": "68966658849",
    "rg": null,
    "active": true,
    "blocked": false,
    "occupation": 1
  }
},
{
  "model": "core.customer",
  "pk": 1,
  "fields": {
    "created": "2016-01-11T05:25:19.305Z",
    "modified": "2016-01-11T05:25:19.305Z",
    "address": "Rua Coelho Lisboa, 574",
    "complement": null,
    "district": "Tatuap\u00e9",
    "city": "S\u00e3o Paulo",
    "uf": "SP",
    "cep": "03323-040",
    "first_name": "AA Arquitetos Associados",
    "last_name": null,
    "email": null,
    "gender": "F",
    "treatment": null,
    "company": null,
    "department": null,
    "phone1": "96 6289-1100",
    "phone2": "12 3781-3517",
    "phone3": "63 2696-4634",
    "cpf": null,
    "rg": null,
    "active": true,
    "blocked": false,
    "cnpj": null,
    "ie": "isento",
    "type_customer": "a"
  }
},
{
  "model": "core.customer",
  "pk": 2,
  "fields": {
    "created": "2016-01-11T05:25:19.561Z",
    "modified": "2016-01-11T05:25:19.561Z",
    "address": "Av. Indian\u00f3polis, 100",
    "complement": null,
    "district": "Indian\u00f3polis",
    "city": "S\u00e3o Paulo",
    "uf": "SP",
    "cep": "04062-000",
    "first_name": "Athie Wohnrath",
    "last_name": null,
    "email": null,
    "gender": "M",
    "treatment": null,
    "company": null,
    "department": null,
    "phone1": "25 1119-9482",
    "phone2": "30 7893-9982",
    "phone3": "30 3246-4661",
    "cpf": null,
    "rg": null,
    "active": true,
    "blocked": false,
    "cnpj": null,
    "ie": "isento",
    "type_customer": "a"
  }
},
{
  "model": "core.customer",
  "pk": 3,
  "fields": {
    "created": "2016-01-11T05:25:19.704Z",
    "modified": "2016-01-11T05:25:19.704Z",
    "address": "Av. Pacaemb\u00fa, 380",
    "complement": null,
    "district": "Barra Funda",
    "city": "S\u00e3o Paulo",
    "uf": "SP",
    "cep": "01155-000",
    "first_name": "Brookfield",
    "last_name": null,
    "email": null,
    "gender": "M",
    "treatment": null,
    "company": null,
    "department": null,
    "phone1": "90 6361-9142",
    "phone2": "24 6640-8790",
    "phone3": "94 2220-0497",
    "cpf": null,
    "rg": null,
    "active": true,
    "blocked": false,
    "cnpj": null,
    "ie": "isento",
    "type_customer": "c"
  }
},
{
  "model": "core.customer",
  "pk": 4,
  "fields": {
    "created": "2016-01-11T05:25:19.936Z",
    "modified": "2016-01-11T05:25:19.936Z",
    "address": "Av. Ulisses Reis de Matos, 100",
    "complement": null,
    "district": "Morumbi",
    "city": "S\u00e3o Paulo",
    "uf": "SP",
    "cep": "00568-602",
    "first_name": "Camargo Corr\u00eaa",
    "last_name": null,
    "email": null,
    "gender": "M",
    "treatment": null,
    "company": null,
    "department": null,
    "phone1": "60 5974-4681",
    "phone2": "88 8226-6335",
    "phone3": "06 0660-5109",
    "cpf": null,
    "rg": null,
    "active": true,
    "blocked": false,
    "cnpj": null,
    "ie": "isento",
    "type_customer": "c"
  }
},
{
  "model": "core.customer",
  "pk": 5,
  "fields": {
    "created": "2016-01-11T05:25:20.094Z",
    "modified": "2016-01-11T05:25:20.094Z",
    "address": "Av. Moreira Guimar\u00e3es, 367",
    "complement": null,
    "district": "Moema",
    "city": "S\u00e3o Paulo",
    "uf": "SP",
    "cep": "04074-030",
    "first_name": "Camila Vieira Santos",
    "last_name": null,
    "email": null,
    "gender": "M",
    "treatment": null,
    "company": null,
    "department": null,
    "phone1": "11 8882-9463",
    "phone2": "20 7644-4753",
    "phone3": "00 3891-6789",
    "cpf": null,
    "rg": null,
    "active": true,
    "blocked": false,
    "cnpj": null,
    "ie": "isento",
    "type_customer": "a"
  }
},
{
  "model": "core.customer",
  "pk": 6,
  "fields": {
    "created": "2016-01-11T05:25:20.225Z",
    "modified": "2016-01-11T05:25:20.225Z",
    "address": "Rua Padre Machado, 68",
    "complement": null,
    "district": "Vila Mariana",
    "city": "S\u00e3o Paulo",
    "uf": "SP",
    "cep": "04127-001",
    "first_name": "Costa Hirota",
    "last_name": null,
    "email": null,
    "gender": "F",
    "treatment": null,
    "company": null,
    "department": null,
    "phone1": "04 5092-4147",
    "phone2": "90 5986-4871",
    "phone3": "65 4648-0918",
    "cpf": null,
    "rg": null,
    "active": true,
    "blocked": false,
    "cnpj": null,
    "ie": "isento",
    "type_customer": "c"
  }
},
{
  "model": "core.customer",
  "pk": 7,
  "fields": {
    "created": "2016-01-11T05:25:20.352Z",
    "modified": "2016-01-11T05:25:20.352Z",
    "address": "Est Itapecerica, 2925",
    "complement": null,
    "district": "Centro",
    "city": "S\u00e3o Paulo",
    "uf": "SP",
    "cep": "05835-005",
    "first_name": "Cyrela",
    "last_name": null,
    "email": null,
    "gender": "F",
    "treatment": null,
    "company": null,
    "department": null,
    "phone1": "41 0748-1993",
    "phone2": "76 7126-4809",
    "phone3": "15 7047-1963",
    "cpf": null,
    "rg": null,
    "active": true,
    "blocked": false,
    "cnpj": null,
    "ie": "isento",
    "type_customer": "c"
  }
},
{
  "model": "core.customer",
  "pk": 8,
  "fields": {
    "created": "2016-01-11T05:25:20.470Z",
    "modified": "2016-01-11T05:25:20.470Z",
    "address": "Av 23 de Maio, 3041",
    "complement": null,
    "district": "Vila Mariana",
    "city": "S\u00e3o Paulo",
    "uf": "SP",
    "cep": "04008-090",
    "first_name": "Even",
    "last_name": null,
    "email": null,
    "gender": "M",
    "treatment": null,
    "company": null,
    "department": null,
    "phone1": "48 4212-7639",
    "phone2": "11 1753-0291",
    "phone3": "21 3389-9370",
    "cpf": null,
    "rg": null,
    "active": true,
    "blocked": false,
    "cnpj": null,
    "ie": "isento",
    "type_customer": "c"
  }
},
{
  "model": "core.customer",
  "pk": 9,
  "fields": {
    "created": "2016-01-11T05:25:20.712Z",
    "modified": "2016-01-11T05:25:20.712Z",
    "address": "Rua Col\u00f4mbia, 810",
    "complement": null,
    "district": "Jardim Am\u00e9rica",
    "city": "S\u00e3o Paulo",
    "uf": "SP",
    "cep": "01438-001",
    "first_name": "Fonseca & Mercadante",
    "last_name": null,
    "email": null,
    "gender": "M",
    "treatment": null,
    "company": null,
    "department": null,
    "phone1": "63 3509-1113",
    "phone2": "78 1663-4679",
    "phone3": "61 0062-0207",
    "cpf": null,
    "rg": null,
    "active": true,
    "blocked": false,
    "cnpj": null,
    "ie": "isento",
    "type_customer": "c"
  }
},
{
  "model": "core.customer",
  "pk": 10,
  "fields": {
    "created": "2016-01-11T05:25:20.863Z",
    "modified": "2016-01-11T05:25:20.863Z",
    "address": "Av Pedroso de Morais, 1552",
    "complement": null,
    "district": "Pinheiros",
    "city": "S\u00e3o Paulo",
    "uf": "SP",
    "cep": "05420-002",
    "first_name": "Gafisa",
    "last_name": null,
    "email": null,
    "gender": "F",
    "treatment": null,
    "company": null,
    "department": null,
    "phone1": "79 7939-9001",
    "phone2": "48 8536-2181",
    "phone3": "38 2488-5472",
    "cpf": null,
    "rg": null,
    "active": true,
    "blocked": false,
    "cnpj": null,
    "ie": "isento",
    "type_customer": "c"
  }
},
{
  "model": "core.customer",
  "pk": 11,
  "fields": {
    "created": "2016-01-11T05:25:20.982Z",
    "modified": "2016-01-11T05:25:20.982Z",
    "address": "Av dos Bandeirantes, 1729",
    "complement": null,
    "district": "Vila Ol\u00edmpia",
    "city": "S\u00e3o Paulo",
    "uf": "SP",
    "cep": "04553-010",
    "first_name": "Hochtief",
    "last_name": null,
    "email": null,
    "gender": "M",
    "treatment": null,
    "company": null,
    "department": null,
    "phone1": "23 5729-7412",
    "phone2": "44 0548-8380",
    "phone3": "01 7611-2818",
    "cpf": null,
    "rg": null,
    "active": true,
    "blocked": false,
    "cnpj": null,
    "ie": "isento",
    "type_customer": "c"
  }
},
{
  "model": "core.customer",
  "pk": 12,
  "fields": {
    "created": "2016-01-11T05:25:21.113Z",
    "modified": "2016-01-11T05:25:21.113Z",
    "address": "Rua Itingu\u00e7u, 1288",
    "complement": null,
    "district": "Vila R\u00e9",
    "city": "S\u00e3o Paulo",
    "uf": "SP",
    "cep": "03658-000",
    "first_name": "Lucio Engenharia",
    "last_name": null,
    "email": null,
    "gender": "M",
    "treatment": null,
    "company": null,
    "department": null,
    "phone1": "27 7078-2876",
    "phone2": "80 5746-1788",
    "phone3": "01 8349-6492",
    "cpf": null,
    "rg": null,
    "active": true,
    "blocked": false,
    "cnpj": null,
    "ie": "isento",
    "type_customer": "c"
  }
},
{
  "model": "core.customer",
  "pk": 13,
  "fields": {
    "created": "2016-01-11T05:25:21.282Z",
    "modified": "2016-01-11T05:25:21.282Z",
    "address": "Av Morumbi, 7600",
    "complement": null,
    "district": "Santo Amaro",
    "city": "S\u00e3o Paulo",
    "uf": "SP",
    "cep": "04703-000",
    "first_name": "MRV",
    "last_name": null,
    "email": null,
    "gender": "F",
    "treatment": null,
    "company": null,
    "department": null,
    "phone1": "18 1711-0798",
    "phone2": "61 0921-0866",
    "phone3": "72 6873-5308",
    "cpf": null,
    "rg": null,
    "active": true,
    "blocked": false,
    "cnpj": null,
    "ie": "isento",
    "type_customer": "c"
  }
},
{
  "model": "core.customer",
  "pk": 14,
  "fields": {
    "created": "2016-01-11T05:25:21.584Z",
    "modified": "2016-01-11T05:25:21.584Z",
    "address": "Av Morumbi, 6989",
    "complement": null,
    "district": "Morumbi",
    "city": "S\u00e3o Paulo",
    "uf": "SP",
    "cep": "05650-002",
    "first_name": "Plaenge",
    "last_name": null,
    "email": null,
    "gender": "M",
    "treatment": null,
    "company": null,
    "department": null,
    "phone1": "96 7239-4690",
    "phone2": "43 0670-2051",
    "phone3": "78 1438-7139",
    "cpf": null,
    "rg": null,
    "active": true,
    "blocked": false,
    "cnpj": null,
    "ie": "isento",
    "type_customer": "c"
  }
},
{
  "model": "core.customer",
  "pk": 15,
  "fields": {
    "created": "2016-01-11T05:25:21.784Z",
    "modified": "2016-01-11T05:25:21.784Z",
    "address": "Av Prof Francisco Morato, 1706",
    "complement": null,
    "district": "Butant\u00e3",
    "city": "S\u00e3o Paulo",
    "uf": "SP",
    "cep": "05512-200",
    "first_name": "Rocha Andrade Arquitetura",
    "last_name": null,
    "email": null,
    "gender": "F",
    "treatment": null,
    "company": null,
    "department": null,
    "phone1": "04 4444-8941",
    "phone2": "39 7515-2020",
    "phone3": "95 7897-9248",
    "cpf": null,
    "rg": null,
    "active": true,
    "blocked": false,
    "cnpj": null,
    "ie": "isento",
    "type_customer": "a"
  }
},
{
  "model": "core.customer",
  "pk": 16,
  "fields": {
    "created": "2016-01-11T05:25:21.927Z",
    "modified": "2016-01-11T05:25:21.927Z",
    "address": "Av Giovanni Gronchi, 2911",
    "complement": null,
    "district": "Morumbi",
    "city": "S\u00e3o Paulo",
    "uf": "SP",
    "cep": "05651-002",
    "first_name": "Tecnisa",
    "last_name": null,
    "email": null,
    "gender": "M",
    "treatment": null,
    "company": null,
    "department": null,
    "phone1": "01 2725-9287",
    "phone2": "16 8079-3993",
    "phone3": "64 0555-3947",
    "cpf": null,
    "rg": null,
    "active": true,
    "blocked": false,
    "cnpj": null,
    "ie": "isento",
    "type_customer": "c"
  }
},
{
  "model": "core.customer",
  "pk": 17,
  "fields": {
    "created": "2016-01-11T05:25:22.219Z",
    "modified": "2016-01-11T05:25:22.219Z",
    "address": "Av Europa, 725",
    "complement": null,
    "district": "Jardim Europa",
    "city": "S\u00e3o Paulo",
    "uf": "SP",
    "cep": "01449-000",
    "first_name": "Toledo Ferrari",
    "last_name": null,
    "email": null,
    "gender": "M",
    "treatment": null,
    "company": null,
    "department": null,
    "phone1": "77 6018-4323",
    "phone2": "01 8031-3957",
    "phone3": "25 9103-7551",
    "cpf": null,
    "rg": null,
    "active": true,
    "blocked": false,
    "cnpj": null,
    "ie": "isento",
    "type_customer": "c"
  }
},
{
  "model": "core.customer",
  "pk": 18,
  "fields": {
    "created": "2016-01-11T05:25:22.380Z",
    "modified": "2016-01-11T05:25:22.380Z",
    "address": "Rua Col\u00f4mbia, 659",
    "complement": null,
    "district": "Jardim Am\u00e9rica",
    "city": "S\u00e3o Paulo",
    "uf": "SP",
    "cep": "01438-001",
    "first_name": "Jeremy",
    "last_name": "Kramer",
    "email": "j.kramer@example.com",
    "gender": "M",
    "treatment": "sr",
    "company": "Acme",
    "department": null,
    "phone1": "91 1786-2850",
    "phone2": "77 4347-4882",
    "phone3": "14 8213-0425",
    "cpf": "47448628477",
    "rg": null,
    "active": true,
    "blocked": false,
    "cnpj": null,
    "ie": null,
    "type_customer": "p"
  }
},
{
  "model": "core.customer",
  "pk": 19,
  "fields": {
    "created": "2016-01-11T05:25:22.641Z",
    "modified": "2016-01-11T05:25:22.641Z",
    "address": "Av Prof Vicente R\u00e1o, 915",
    "complement": null,
    "district": "Jardim Petr\u00f3polis",
    "city": "S\u00e3o Paulo",
    "uf": "SP",
    "cep": "04636-000",
    "first_name": "Billy",
    "last_name": "Auer",
    "email": "b.auer@example.com",
    "gender": "M",
    "treatment": "a",
    "company": "Wayne",
    "department": null,
    "phone1": "20 3370-0814",
    "phone2": "32 8712-8641",
    "phone3": "08 1803-1258",
    "cpf": "99398829954",
    "rg": null,
    "active": true,
    "blocked": false,
    "cnpj": null,
    "ie": null,
    "type_customer": "p"
  }
},
{
  "model": "core.customer",
  "pk": 20,
  "fields": {
    "created": "2016-01-11T05:25:22.787Z",
    "modified": "2016-01-11T05:25:22.787Z",
    "address": "Av Braz Leme, 268",
    "complement": null,
    "district": "Casa Verde",
    "city": "S\u00e3o Paulo",
    "uf": "SP",
    "cep": "02511-000",
    "first_name": "Elana",
    "last_name": "Rice",
    "email": "e.rice@example.com",
    "gender": "F",
    "treatment": "pa",
    "company": "Oscorp",
    "department": null,
    "phone1": "67 9221-7911",
    "phone2": "54 3114-9188",
    "phone3": "45 6156-6473",
    "cpf": "10948398264",
    "rg": null,
    "active": true,
    "blocked": false,
    "cnpj": null,
    "ie": null,
    "type_customer": "p"
  }
},
{
  "model": "core.customer",
  "pk": 21,
  "fields": {
    "created": "2016-01-11T05:25:22.946Z",
    "modified": "2016-01-11T05:25:22.946Z",
    "address": "Rua Gomes de Carvalho, 421",
    "complement": null,
    "district": "Vila Ol\u00edmpia",
    "city": "S\u00e3o Paulo",
    "uf": "SP",
    "cep": "04547-001",
    "first_name": "Charles",
    "last_name": "Palmer",
    "email": "c.palmer@example.com",
    "gender": "M",
    "treatment": "e",
    "company": "Oscorp",
    "department": null,
    "phone1": "52 6506-9759",
    "phone2": "71 9863-1738",
    "phone3": "41 1900-9810",
    "cpf": "89053195923",
    "rg": null,
    "active": true,
    "blocked": false,
    "cnpj": null,
    "ie": null,
    "type_customer": "p"
  }
},
{
  "model": "core.customer",
  "pk": 22,
  "fields": {
    "created": "2016-01-11T05:25:23.082Z",
    "modified": "2016-01-11T05:25:23.082Z",
    "address": "Av Interlagos, 1550",
    "complement": null,
    "district": "Jardim Marajoara",
    "city": "S\u00e3o Paulo",
    "uf": "SP",
    "cep": "04660-001",
    "first_name": "William",
    "last_name": "Bunch",
    "email": "w.bunch@example.com",
    "gender": "M",
    "treatment": "a",
    "company": "Gringotes",
    "department": null,
    "phone1": "58 5591-7504",
    "phone2": "47 9064-9581",
    "phone3": "46 7237-7904",
    "cpf": "25811073889",
    "rg": null,
    "active": true,
    "blocked": false,
    "cnpj": null,
    "ie": null,
    "type_customer": "p"
  }
},
{
  "model": "core.customer",
  "pk": 23,
  "fields": {
    "created": "2016-01-11T05:25:23.213Z",
    "modified": "2016-01-11T05:25:23.213Z",
    "address": "Rua Ulysses Reis de Mattos, 100",
    "complement": null,
    "district": "Real Parque",
    "city": "S\u00e3o Paulo",
    "uf": "SP",
    "cep": "05686-020",
    "first_name": "Doreen",
    "last_name": "Sampson",
    "email": "d.sampson@example.com",
    "gender": "F",
    "treatment": "srta",
    "company": "Wayne",
    "department": null,
    "phone1": "10 9866-8646",
    "phone2": "14 6300-9381",
    "phone3": "90 1729-0901",
    "cpf": "00115763936",
    "rg": null,
    "active": true,
    "blocked": false,
    "cnpj": null,
    "ie": null,
    "type_customer": "p"
  }
},
{
  "model": "core.customer",
  "pk": 24,
  "fields": {
    "created": "2016-01-11T05:25:23.341Z",
    "modified": "2016-01-11T05:25:23.341Z",
    "address": "Av das Na\u00e7\u00f5es Unidas, 17471",
    "complement": null,
    "district": "Vila Almeida",
    "city": "S\u00e3o Paulo",
    "uf": "SP",
    "cep": "04795-100",
    "first_name": "Donna",
    "last_name": "Fortin",
    "email": "d.fortin@example.com",
    "gender": "F",
    "treatment": "aa",
    "company": "Wayne",
    "department": null,
    "phone1": "46 9788-8821",
    "phone2": "74 3972-3769",
    "phone3": "60 5231-9282",
    "cpf": "31123513440",
    "rg": null,
    "active": true,
    "blocked": false,
    "cnpj": null,
    "ie": null,
    "type_customer": "p"
  }
},
{
  "model": "core.customer",
  "pk": 25,
  "fields": {
    "created": "2016-01-11T05:25:23.471Z",
    "modified": "2016-01-11T05:25:23.471Z",
    "address": "Avenida Maria Coelho Aguiar, 215",
    "complement": null,
    "district": "Jardim S\u00e3o Lu\u00eds",
    "city": "S\u00e3o Paulo",
    "uf": "SP",
    "cep": "05804-925",
    "first_name": "Luigi",
    "last_name": "Rich",
    "email": "l.rich@example.com",
    "gender": "M",
    "treatment": "sr",
    "company": "ILM",
    "department": null,
    "phone1": "55 1854-6803",
    "phone2": "07 8590-1048",
    "phone3": "00 4632-1092",
    "cpf": "96872516732",
    "rg": null,
    "active": true,
    "blocked": false,
    "cnpj": null,
    "ie": null,
    "type_customer": "p"
  }
},
{
  "model": "core.occupation",
  "pk": 1,
  "fields": {
    "occupation": "Or\u00e7amentista"
  }
},
{
  "model": "core.occupation",
  "pk": 2,
  "fields": {
    "occupation": "Vendedor"
  }
},
{
  "model": "core.occupation",
  "pk": 3,
  "fields": {
    "occupation": "Arquiteto"
  }
},
{
  "model": "core.occupation",
  "pk": 4,
  "fields": {
    "occupation": "Engenheiro"
  }
},
{
  "model": "core.occupation",
  "pk": 5,
  "fields": {
    "occupation": "Coordenador"
  }
},
{
  "model": "core.occupation",
  "pk": 6,
  "fields": {
    "occupation": "Estagi\u00e1rio"
  }
},
{
  "model": "core.occupation",
  "pk": 7,
  "fields": {
    "occupation": "Gerente"
  }
},
{
  "model": "core.occupation",
  "pk": 8,
  "fields": {
    "occupation": "Diretor"
  }
},
{
  "model": "core.seller",
  "pk": 1,
  "fields": {
    "employee": 5,
    "internal": false,
    "commissioned": true,
    "commission": "0.01"
  }
},
{
  "model": "core.seller",
  "pk": 2,
  "fields": {
    "employee": 8,
    "internal": true,
    "commissioned": true,
    "commission": "0.01"
  }
},
{
  "model": "core.seller",
  "pk": 3,
  "fields": {
    "employee": 9,
    "internal": true,
    "commissioned": true,
    "commission": "0.01"
  }
},
{
  "model": "core.entry",
  "pk": 1,
  "fields": {
    "created": "2016-01-11T06:38:50.617Z",
    "modified": "2016-01-11T06:38:50.617Z",
    "priority": "a",
    "category": 8,
    "work": 41,
    "person": 5,
    "description": "xZXYEVSnFTSVtGKkRylfQreMQcnHgn",
    "seller": 2,
    "is_entry": false
  }
},
{
  "model": "core.entry",
  "pk": 2,
  "fields": {
    "created": "2016-01-11T06:38:51.024Z",
    "modified": "2016-01-11T06:38:51.024Z",
    "priority": "b",
    "category": 4,
    "work": 42,
    "person": 25,
    "description": "SNxfrVCwrxjeQGstZbmDfVYvFzTrMt",
    "seller": 3,
    "is_entry": false
  }
},
{
  "model": "core.entry",
  "pk": 3,
  "fields": {
    "created": "2016-01-11T06:38:51.197Z",
    "modified": "2016-01-11T06:38:51.197Z",
    "priority": "u",
    "category": 2,
    "work": 43,
    "person": 16,
    "description": "KCkpUdDsCmfYCfNBjgfRjxhpVoxXTT",
    "seller": 1,
    "is_entry": false
  }
},
{
  "model": "core.entry",
  "pk": 4,
  "fields": {
    "created": "2016-01-11T06:38:51.346Z",
    "modified": "2016-01-11T06:38:51.346Z",
    "priority": "n",
    "category": 3,
    "work": 44,
    "person": 40,
    "description": "IEePbOaByddchwceCNFWzUPBYpsumY",
    "seller": 1,
    "is_entry": false
  }
},
{
  "model": "core.entry",
  "pk": 5,
  "fields": {
    "created": "2016-01-11T06:38:51.545Z",
    "modified": "2016-01-11T06:38:51.545Z",
    "priority": "b",
    "category": 3,
    "work": 45,
    "person": 7,
    "description": "SkiFdjAIACEYSSXPEhrXNsfaqBcHHk",
    "seller": 1,
    "is_entry": false
  }
},
{
  "model": "core.entry",
  "pk": 6,
  "fields": {
    "created": "2016-01-11T06:38:51.834Z",
    "modified": "2016-01-11T06:38:51.834Z",
    "priority": "n",
    "category": 4,
    "work": 46,
    "person": 43,
    "description": "fMRuenewxtaFQQQYJDRbQToKQWmHqI",
    "seller": 1,
    "is_entry": false
  }
},
{
  "model": "core.entry",
  "pk": 7,
  "fields": {
    "created": "2016-01-11T06:38:51.999Z",
    "modified": "2016-01-11T06:38:51.999Z",
    "priority": "u",
    "category": 1,
    "work": 47,
    "person": 44,
    "description": "azqCOuCALlnoZneeQgSOsYQhMejUKR",
    "seller": 2,
    "is_entry": false
  }
},
{
  "model": "core.entry",
  "pk": 8,
  "fields": {
    "created": "2016-01-11T06:38:52.137Z",
    "modified": "2016-01-11T06:38:52.137Z",
    "priority": "a",
    "category": 7,
    "work": 48,
    "person": 48,
    "description": "IQDFIYZhnuOgEAnMXcprENAqaHvQPX",
    "seller": 3,
    "is_entry": false
  }
},
{
  "model": "core.entry",
  "pk": 9,
  "fields": {
    "created": "2016-01-11T06:38:52.281Z",
    "modified": "2016-01-11T06:38:52.281Z",
    "priority": "b",
    "category": 6,
    "work": 49,
    "person": 10,
    "description": "AlOMXIybaJZkCpDzakiQwBmyaNLJKd",
    "seller": 2,
    "is_entry": false
  }
},
{
  "model": "core.entry",
  "pk": 10,
  "fields": {
    "created": "2016-01-11T06:38:52.425Z",
    "modified": "2016-01-11T06:38:52.425Z",
    "priority": "u",
    "category": 6,
    "work": 50,
    "person": 43,
    "description": "iPCTvZUHKJgRHoafqAFAtrQBHGKhqR",
    "seller": 2,
    "is_entry": false
  }
},
{
  "model": "core.entry",
  "pk": 11,
  "fields": {
    "created": "2016-01-11T06:38:52.687Z",
    "modified": "2016-01-11T06:38:52.687Z",
    "priority": "n",
    "category": 2,
    "work": 51,
    "person": 44,
    "description": "tlwmEpvptWAduXzZzXyKRItduIgNpl",
    "seller": 1,
    "is_entry": false
  }
},
{
  "model": "core.entry",
  "pk": 12,
  "fields": {
    "created": "2016-01-11T06:38:52.892Z",
    "modified": "2016-01-11T06:38:52.892Z",
    "priority": "u",
    "category": 5,
    "work": 52,
    "person": 17,
    "description": "bDEImcUQAAqKGIRbJKIqWuQCFPcyCx",
    "seller": 2,
    "is_entry": false
  }
},
{
  "model": "core.entry",
  "pk": 13,
  "fields": {
    "created": "2016-01-11T06:38:53.066Z",
    "modified": "2016-01-11T06:38:53.066Z",
    "priority": "a",
    "category": 1,
    "work": 53,
    "person": 6,
    "description": "ULXCPxCkfDnXEdZPkyaJalaAKhMxje",
    "seller": 2,
    "is_entry": false
  }
},
{
  "model": "core.entry",
  "pk": 14,
  "fields": {
    "created": "2016-01-11T06:38:53.208Z",
    "modified": "2016-01-11T06:38:53.208Z",
    "priority": "u",
    "category": 6,
    "work": 54,
    "person": 35,
    "description": "ONFWAJAFTaHeQQAoRmgdLBUWGcJziR",
    "seller": 3,
    "is_entry": false
  }
},
{
  "model": "core.entry",
  "pk": 15,
  "fields": {
    "created": "2016-01-11T06:38:53.389Z",
    "modified": "2016-01-11T06:38:53.389Z",
    "priority": "a",
    "category": 2,
    "work": 55,
    "person": 9,
    "description": "fBHRZTrttYsgGcnvzQmEbbFfUWhEoB",
    "seller": 1,
    "is_entry": false
  }
},
{
  "model": "core.entry",
  "pk": 16,
  "fields": {
    "created": "2016-01-11T06:38:53.579Z",
    "modified": "2016-01-11T06:38:53.579Z",
    "priority": "b",
    "category": 3,
    "work": 56,
    "person": 18,
    "description": "FVPVMCknEQZFKatMIVOLGpSQjglBwy",
    "seller": 1,
    "is_entry": false
  }
},
{
  "model": "core.entry",
  "pk": 17,
  "fields": {
    "created": "2016-01-11T06:38:53.763Z",
    "modified": "2016-01-11T06:38:53.764Z",
    "priority": "u",
    "category": 7,
    "work": 57,
    "person": 1,
    "description": "iBFsbLoWTauTreAxSxqvVztLYMncHu",
    "seller": 1,
    "is_entry": false
  }
},
{
  "model": "core.entry",
  "pk": 18,
  "fields": {
    "created": "2016-01-11T06:38:53.996Z",
    "modified": "2016-01-11T06:38:53.996Z",
    "priority": "u",
    "category": 1,
    "work": 58,
    "person": 8,
    "description": "nzBGRqhibQqmcMsioLkQpHnlHLSScK",
    "seller": 3,
    "is_entry": false
  }
},
{
  "model": "core.entry",
  "pk": 19,
  "fields": {
    "created": "2016-01-11T06:38:54.120Z",
    "modified": "2016-01-11T06:38:54.120Z",
    "priority": "u",
    "category": 6,
    "work": 59,
    "person": 34,
    "description": "DnjIinZyypvRfWRylfdNubRAtaXWHY",
    "seller": 3,
    "is_entry": false
  }
},
{
  "model": "core.entry",
  "pk": 20,
  "fields": {
    "created": "2016-01-11T06:38:54.277Z",
    "modified": "2016-01-11T06:38:54.277Z",
    "priority": "n",
    "category": 6,
    "work": 60,
    "person": 18,
    "description": "kTCHRxUFjTBaSwlDInQrYZnUrrfSJP",
    "seller": 1,
    "is_entry": false
  }
},
{
  "model": "core.entry",
  "pk": 21,
  "fields": {
    "created": "2016-01-11T06:38:54.477Z",
    "modified": "2016-01-11T06:38:54.477Z",
    "priority": "a",
    "category": 2,
    "work": 61,
    "person": 17,
    "description": "MTfbAFGkBYLZkCIpRIsfoQTPPdlmHe",
    "seller": 3,
    "is_entry": false
  }
},
{
  "model": "core.entry",
  "pk": 22,
  "fields": {
    "created": "2016-01-11T06:38:54.645Z",
    "modified": "2016-01-11T06:38:54.645Z",
    "priority": "b",
    "category": 5,
    "work": 62,
    "person": 2,
    "description": "DMWGViVJDpoENZkKESUYxtkCVuYKij",
    "seller": 3,
    "is_entry": false
  }
},
{
  "model": "core.entry",
  "pk": 23,
  "fields": {
    "created": "2016-01-11T06:38:54.843Z",
    "modified": "2016-01-11T06:38:54.843Z",
    "priority": "b",
    "category": 6,
    "work": 63,
    "person": 43,
    "description": "ZRLtyyDbPRuEVvZHczBiUxZJxVybnv",
    "seller": 1,
    "is_entry": false
  }
},
{
  "model": "core.entry",
  "pk": 24,
  "fields": {
    "created": "2016-01-11T06:38:54.988Z",
    "modified": "2016-01-11T06:38:54.988Z",
    "priority": "u",
    "category": 3,
    "work": 64,
    "person": 36,
    "description": "VibNnwwmhKemWIurcbQYodNcpHxKws",
    "seller": 2,
    "is_entry": false
  }
},
{
  "model": "core.entry",
  "pk": 25,
  "fields": {
    "created": "2016-01-11T06:38:55.151Z",
    "modified": "2016-01-11T06:38:55.151Z",
    "priority": "n",
    "category": 4,
    "work": 65,
    "person": 48,
    "description": "GdxyQEVPTWIbVWwXMbsniDgIwPLcEZ",
    "seller": 1,
    "is_entry": false
  }
},
{
  "model": "core.entry",
  "pk": 26,
  "fields": {
    "created": "2016-01-11T06:38:55.279Z",
    "modified": "2016-01-11T06:38:55.279Z",
    "priority": "b",
    "category": 8,
    "work": 66,
    "person": 1,
    "description": "KgRvlwFECQVtDSkUlzHfNJoLOzuSnY",
    "seller": 1,
    "is_entry": false
  }
},
{
  "model": "core.entry",
  "pk": 27,
  "fields": {
    "created": "2016-01-11T06:38:55.407Z",
    "modified": "2016-01-11T06:38:55.407Z",
    "priority": "a",
    "category": 8,
    "work": 67,
    "person": 15,
    "description": "VFcVYjKdMxLnsSWkpsjjsmRMrdokCh",
    "seller": 3,
    "is_entry": false
  }
},
{
  "model": "core.entry",
  "pk": 28,
  "fields": {
    "created": "2016-01-11T06:38:55.567Z",
    "modified": "2016-01-11T06:38:55.567Z",
    "priority": "n",
    "category": 1,
    "work": 68,
    "person": 30,
    "description": "TejReXAmJWasiNarRZRInGVTAuvTic",
    "seller": 3,
    "is_entry": false
  }
},
{
  "model": "core.entry",
  "pk": 29,
  "fields": {
    "created": "2016-01-11T06:38:55.728Z",
    "modified": "2016-01-11T06:38:55.728Z",
    "priority": "u",
    "category": 1,
    "work": 69,
    "person": 25,
    "description": "nTlVrXTOJawYVKoBiWzRMoEKwLOgzg",
    "seller": 1,
    "is_entry": false
  }
},
{
  "model": "core.entry",
  "pk": 30,
  "fields": {
    "created": "2016-01-11T06:38:55.855Z",
    "modified": "2016-01-11T06:38:55.855Z",
    "priority": "n",
    "category": 4,
    "work": 70,
    "person": 42,
    "description": "WwZQQIEnLWtNYajrzbpvlmsBUjuXsQ",
    "seller": 1,
    "is_entry": false
  }
},
{
  "model": "core.entry",
  "pk": 31,
  "fields": {
    "created": "2016-01-11T06:38:56.022Z",
    "modified": "2016-01-11T06:38:56.023Z",
    "priority": "u",
    "category": 7,
    "work": 71,
    "person": 14,
    "description": "fcTfeTuqAdJJPhJzPxSwjTJIKxfCgw",
    "seller": 2,
    "is_entry": false
  }
},
{
  "model": "core.entry",
  "pk": 32,
  "fields": {
    "created": "2016-01-11T06:38:56.221Z",
    "modified": "2016-01-11T06:38:56.221Z",
    "priority": "a",
    "category": 6,
    "work": 72,
    "person": 13,
    "description": "YdvtrWGWfLcnuGzxzrvIlEpcRbGJvV",
    "seller": 3,
    "is_entry": false
  }
},
{
  "model": "core.entry",
  "pk": 33,
  "fields": {
    "created": "2016-01-11T06:38:56.394Z",
    "modified": "2016-01-11T06:38:56.394Z",
    "priority": "u",
    "category": 8,
    "work": 73,
    "person": 46,
    "description": "pqwItfzewwiwuWmDbYmyhmJUIFzBxY",
    "seller": 2,
    "is_entry": false
  }
},
{
  "model": "core.entry",
  "pk": 34,
  "fields": {
    "created": "2016-01-11T06:38:56.508Z",
    "modified": "2016-01-11T06:38:56.508Z",
    "priority": "a",
    "category": 5,
    "work": 74,
    "person": 16,
    "description": "CQiWrALBPhKrfzOfefdDifeXBpmYPA",
    "seller": 1,
    "is_entry": false
  }
},
{
  "model": "core.entry",
  "pk": 35,
  "fields": {
    "created": "2016-01-11T06:38:56.650Z",
    "modified": "2016-01-11T06:38:56.650Z",
    "priority": "n",
    "category": 4,
    "work": 75,
    "person": 42,
    "description": "VisuuUGOvUCHvMYfNwXmfcEkBqzqwP",
    "seller": 1,
    "is_entry": false
  }
},
{
  "model": "core.entry",
  "pk": 36,
  "fields": {
    "created": "2016-01-11T06:38:56.819Z",
    "modified": "2016-01-11T06:38:56.819Z",
    "priority": "n",
    "category": 3,
    "work": 76,
    "person": 46,
    "description": "yQWpPWxbyNZaBjWFGWFhpgfxpeLgUm",
    "seller": 1,
    "is_entry": false
  }
},
{
  "model": "core.entry",
  "pk": 37,
  "fields": {
    "created": "2016-01-11T06:38:56.931Z",
    "modified": "2016-01-11T06:38:56.931Z",
    "priority": "b",
    "category": 2,
    "work": 77,
    "person": 15,
    "description": "FtBznXRhDsmDrHkXJJyPthkcFEbTyM",
    "seller": 2,
    "is_entry": false
  }
},
{
  "model": "core.entry",
  "pk": 38,
  "fields": {
    "created": "2016-01-11T06:38:57.121Z",
    "modified": "2016-01-11T06:38:57.121Z",
    "priority": "n",
    "category": 1,
    "work": 78,
    "person": 34,
    "description": "YZITnOuBlDhzhAooZmgzPUBzjoqrtD",
    "seller": 2,
    "is_entry": false
  }
},
{
  "model": "core.entry",
  "pk": 39,
  "fields": {
    "created": "2016-01-11T06:38:57.277Z",
    "modified": "2016-01-11T06:38:57.277Z",
    "priority": "a",
    "category": 5,
    "work": 79,
    "person": 44,
    "description": "KOqnIQHeMdEuxuXBLuQfAyKbXVnsmF",
    "seller": 2,
    "is_entry": false
  }
},
{
  "model": "core.entry",
  "pk": 40,
  "fields": {
    "created": "2016-01-11T06:38:57.409Z",
    "modified": "2016-01-11T06:38:57.409Z",
    "priority": "a",
    "category": 1,
    "work": 80,
    "person": 37,
    "description": "tfgVtZObyQXKcnPcIczsLroEAYyjun",
    "seller": 2,
    "is_entry": false
  }
},
{
  "model": "core.category",
  "pk": 1,
  "fields": {
    "category": "or\u00e7amento"
  }
},
{
  "model": "core.category",
  "pk": 2,
  "fields": {
    "category": "concorr\u00eancia"
  }
},
{
  "model": "core.category",
  "pk": 3,
  "fields": {
    "category": "consulta"
  }
},
{
  "model": "core.category",
  "pk": 4,
  "fields": {
    "category": "cota\u00e7\u00e3o"
  }
},
{
  "model": "core.category",
  "pk": 5,
  "fields": {
    "category": "extra"
  }
},
{
  "model": "core.category",
  "pk": 6,
  "fields": {
    "category": "global"
  }
},
{
  "model": "core.category",
  "pk": 7,
  "fields": {
    "category": "particular"
  }
},
{
  "model": "core.category",
  "pk": 8,
  "fields": {
    "category": "outros"
  }
},
{
  "model": "core.work",
  "pk": 41,
  "fields": {
    "address": "Rua Coelho Lisboa, 574",
    "complement": null,
    "district": "Tatuap\u00e9",
    "city": "S\u00e3o Paulo",
    "uf": "SP",
    "cep": "03323-040",
    "name_work": "New Parker",
    "person": 29,
    "customer": 17
  }
},
{
  "model": "core.work",
  "pk": 42,
  "fields": {
    "address": "Av. Indian\u00f3polis, 100",
    "complement": null,
    "district": "Indian\u00f3polis",
    "city": "S\u00e3o Paulo",
    "uf": "SP",
    "cep": "04062-000",
    "name_work": "Ed. Boulevard",
    "person": 31,
    "customer": 24
  }
},
{
  "model": "core.work",
  "pk": 43,
  "fields": {
    "address": "Av. Pacaemb\u00fa, 380",
    "complement": null,
    "district": "Barra Funda",
    "city": "S\u00e3o Paulo",
    "uf": "SP",
    "cep": "01155-000",
    "name_work": "Ed. Levantina",
    "person": 36,
    "customer": 23
  }
},
{
  "model": "core.work",
  "pk": 44,
  "fields": {
    "address": "Av. Ulisses Reis de Matos, 100",
    "complement": null,
    "district": "Morumbi",
    "city": "S\u00e3o Paulo",
    "uf": "SP",
    "cep": "00568-602",
    "name_work": "Ed. Morizono",
    "person": 8,
    "customer": 25
  }
},
{
  "model": "core.work",
  "pk": 45,
  "fields": {
    "address": "Av. Moreira Guimar\u00e3es, 367",
    "complement": null,
    "district": "Moema",
    "city": "S\u00e3o Paulo",
    "uf": "SP",
    "cep": "04074-030",
    "name_work": "Tiree Itaim",
    "person": 12,
    "customer": 3
  }
},
{
  "model": "core.work",
  "pk": 46,
  "fields": {
    "address": "Rua Padre Machado, 68",
    "complement": null,
    "district": "Vila Mariana",
    "city": "S\u00e3o Paulo",
    "uf": "SP",
    "cep": "04127-001",
    "name_work": "Casa Ferraz",
    "person": 27,
    "customer": 4
  }
},
{
  "model": "core.work",
  "pk": 47,
  "fields": {
    "address": "Est Itapecerica, 2925",
    "complement": null,
    "district": "Centro",
    "city": "S\u00e3o Paulo",
    "uf": "SP",
    "cep": "05835-005",
    "name_work": "Ed. Leopoldo",
    "person": 23,
    "customer": 20
  }
},
{
  "model": "core.work",
  "pk": 48,
  "fields": {
    "address": "Av 23 de Maio, 3041",
    "complement": null,
    "district": "Vila Mariana",
    "city": "S\u00e3o Paulo",
    "uf": "SP",
    "cep": "04008-090",
    "name_work": "SP Loft IV",
    "person": 33,
    "customer": 8
  }
},
{
  "model": "core.work",
  "pk": 49,
  "fields": {
    "address": "Rua Col\u00f4mbia, 810",
    "complement": null,
    "district": "Jardim Am\u00e9rica",
    "city": "S\u00e3o Paulo",
    "uf": "SP",
    "cep": "01438-001",
    "name_work": "Ed. Faria Lima",
    "person": 45,
    "customer": 7
  }
},
{
  "model": "core.work",
  "pk": 50,
  "fields": {
    "address": "Av Pedroso de Morais, 1552",
    "complement": null,
    "district": "Pinheiros",
    "city": "S\u00e3o Paulo",
    "uf": "SP",
    "cep": "05420-002",
    "name_work": "Ed. Hor\u00e1cio Lafer",
    "person": 34,
    "customer": 1
  }
},
{
  "model": "core.work",
  "pk": 51,
  "fields": {
    "address": "Av dos Bandeirantes, 1729",
    "complement": null,
    "district": "Vila Ol\u00edmpia",
    "city": "S\u00e3o Paulo",
    "uf": "SP",
    "cep": "04553-010",
    "name_work": "Ed. Spraiada",
    "person": 35,
    "customer": 19
  }
},
{
  "model": "core.work",
  "pk": 52,
  "fields": {
    "address": "Rua Itingu\u00e7u, 1288",
    "complement": null,
    "district": "Vila R\u00e9",
    "city": "S\u00e3o Paulo",
    "uf": "SP",
    "cep": "03658-000",
    "name_work": "Ed. 23 de Maio",
    "person": 42,
    "customer": 1
  }
},
{
  "model": "core.work",
  "pk": 53,
  "fields": {
    "address": "Av Morumbi, 7600",
    "complement": null,
    "district": "Santo Amaro",
    "city": "S\u00e3o Paulo",
    "uf": "SP",
    "cep": "04703-000",
    "name_work": "Ed. Santo Augusto",
    "person": 10,
    "customer": 3
  }
},
{
  "model": "core.work",
  "pk": 54,
  "fields": {
    "address": "Av Morumbi, 6989",
    "complement": null,
    "district": "Morumbi",
    "city": "S\u00e3o Paulo",
    "uf": "SP",
    "cep": "05650-002",
    "name_work": "Infinity",
    "person": 46,
    "customer": 8
  }
},
{
  "model": "core.work",
  "pk": 55,
  "fields": {
    "address": "Av Prof Francisco Morato, 1706",
    "complement": null,
    "district": "Butant\u00e3",
    "city": "S\u00e3o Paulo",
    "uf": "SP",
    "cep": "05512-200",
    "name_work": "Boavista Shopping",
    "person": 5,
    "customer": 16
  }
},
{
  "model": "core.work",
  "pk": 56,
  "fields": {
    "address": "Av Giovanni Gronchi, 2911",
    "complement": null,
    "district": "Morumbi",
    "city": "S\u00e3o Paulo",
    "uf": "SP",
    "cep": "05651-002",
    "name_work": "Brascan Century Open Mall",
    "person": 13,
    "customer": 8
  }
},
{
  "model": "core.work",
  "pk": 57,
  "fields": {
    "address": "Av Europa, 725",
    "complement": null,
    "district": "Jardim Europa",
    "city": "S\u00e3o Paulo",
    "uf": "SP",
    "cep": "01449-000",
    "name_work": "Central Plaza Shopping",
    "person": 41,
    "customer": 11
  }
},
{
  "model": "core.work",
  "pk": 58,
  "fields": {
    "address": "Rua Col\u00f4mbia, 659",
    "complement": null,
    "district": "Jardim Am\u00e9rica",
    "city": "S\u00e3o Paulo",
    "uf": "SP",
    "cep": "01438-001",
    "name_work": "Shopping Interlagos",
    "person": 21,
    "customer": 22
  }
},
{
  "model": "core.work",
  "pk": 59,
  "fields": {
    "address": "Av Prof Vicente R\u00e1o, 915",
    "complement": null,
    "district": "Jardim Petr\u00f3polis",
    "city": "S\u00e3o Paulo",
    "uf": "SP",
    "cep": "04636-000",
    "name_work": "Continental Shopping Center",
    "person": 15,
    "customer": 24
  }
},
{
  "model": "core.work",
  "pk": 60,
  "fields": {
    "address": "Av Braz Leme, 268",
    "complement": null,
    "district": "Casa Verde",
    "city": "S\u00e3o Paulo",
    "uf": "SP",
    "cep": "02511-000",
    "name_work": "Morumbi Shopping",
    "person": 9,
    "customer": 13
  }
},
{
  "model": "core.work",
  "pk": 61,
  "fields": {
    "address": "Rua Gomes de Carvalho, 421",
    "complement": null,
    "district": "Vila Ol\u00edmpia",
    "city": "S\u00e3o Paulo",
    "uf": "SP",
    "cep": "04547-001",
    "name_work": "Raposo Shopping",
    "person": 41,
    "customer": 14
  }
},
{
  "model": "core.work",
  "pk": 62,
  "fields": {
    "address": "Av Interlagos, 1550",
    "complement": null,
    "district": "Jardim Marajoara",
    "city": "S\u00e3o Paulo",
    "uf": "SP",
    "cep": "04660-001",
    "name_work": "Santana Parque Shopping",
    "person": 49,
    "customer": 14
  }
},
{
  "model": "core.work",
  "pk": 63,
  "fields": {
    "address": "Rua Ulysses Reis de Mattos, 100",
    "complement": null,
    "district": "Real Parque",
    "city": "S\u00e3o Paulo",
    "uf": "SP",
    "cep": "05686-020",
    "name_work": "Shopping Analia Franco",
    "person": 40,
    "customer": 13
  }
},
{
  "model": "core.work",
  "pk": 64,
  "fields": {
    "address": "Av das Na\u00e7\u00f5es Unidas, 17471",
    "complement": null,
    "district": "Vila Almeida",
    "city": "S\u00e3o Paulo",
    "uf": "SP",
    "cep": "04795-100",
    "name_work": "Shopping Butant\u00e3",
    "person": 20,
    "customer": 8
  }
},
{
  "model": "core.work",
  "pk": 65,
  "fields": {
    "address": "Avenida Maria Coelho Aguiar, 215",
    "complement": null,
    "district": "Jardim S\u00e3o Lu\u00eds",
    "city": "S\u00e3o Paulo",
    "uf": "SP",
    "cep": "05804-925",
    "name_work": "Shopping Eldorado",
    "person": 10,
    "customer": 4
  }
},
{
  "model": "core.work",
  "pk": 66,
  "fields": {
    "address": "Avenida das Na\u00e7\u00f5es Unidas, 22540",
    "complement": null,
    "district": "Alto de Pinheiros",
    "city": "S\u00e3o Paulo",
    "uf": "SP",
    "cep": "05307-085",
    "name_work": "Shopping Frei Caneca",
    "person": 34,
    "customer": 4
  }
},
{
  "model": "core.work",
  "pk": 67,
  "fields": {
    "address": "Rua Manoel Jos\u00e9 Viana, 94",
    "complement": null,
    "district": "Vila Ivone",
    "city": "S\u00e3o Paulo",
    "uf": "SP",
    "cep": "03282-035",
    "name_work": "Shopping Ibirapuera",
    "person": 46,
    "customer": 15
  }
},
{
  "model": "core.work",
  "pk": 68,
  "fields": {
    "address": "Rua Dona Maria Cust\u00f3dia, 319",
    "complement": null,
    "district": "Santa Terezinha",
    "city": "S\u00e3o Paulo",
    "uf": "SP",
    "cep": "02460-070",
    "name_work": "Shopping Jardim Sul",
    "person": 17,
    "customer": 11
  }
},
{
  "model": "core.work",
  "pk": 69,
  "fields": {
    "address": "Avenida Robert Kennedy, 188",
    "complement": null,
    "district": "Socorro",
    "city": "S\u00e3o Paulo",
    "uf": "SP",
    "cep": "04768-000",
    "name_work": "Shopping JK Iguatemi",
    "person": 35,
    "customer": 18
  }
},
{
  "model": "core.work",
  "pk": 70,
  "fields": {
    "address": "Av Eng Caetano Alvares, 3916",
    "complement": null,
    "district": "Lim\u00e3o",
    "city": "S\u00e3o Paulo",
    "uf": "SP",
    "cep": "00000-000",
    "name_work": "Shopping Metro Boulevard Tatuape",
    "person": 13,
    "customer": 12
  }
},
{
  "model": "core.work",
  "pk": 71,
  "fields": {
    "address": "Av Morumbi, 7766",
    "complement": null,
    "district": "Santo Amaro",
    "city": "S\u00e3o Paulo",
    "uf": "SP",
    "cep": "04703-000",
    "name_work": "Shopping Metr\u00f4 Itaquera",
    "person": 40,
    "customer": 6
  }
},
{
  "model": "core.work",
  "pk": 72,
  "fields": {
    "address": "Av Roland Garros, 1853",
    "complement": null,
    "district": "Jardim Brasil",
    "city": "S\u00e3o Paulo",
    "uf": "SP",
    "cep": "00000-000",
    "name_work": "Shopping Metr\u00f4 Tatuape",
    "person": 8,
    "customer": 16
  }
},
{
  "model": "core.work",
  "pk": 73,
  "fields": {
    "address": "Av Nazar\u00e9, 1070",
    "complement": null,
    "district": "Ipiranga",
    "city": "S\u00e3o Paulo",
    "uf": "SP",
    "cep": "04262-200",
    "name_work": "Shopping Metr\u00f4 Tucuruvi",
    "person": 16,
    "customer": 19
  }
},
{
  "model": "core.work",
  "pk": 74,
  "fields": {
    "address": "Avenida das Nacoes Unidas, 19667",
    "complement": null,
    "district": "Vila Almeida",
    "city": "S\u00e3o Paulo",
    "uf": "SP",
    "cep": "04795-100",
    "name_work": "Shopping P\u00e1tio Higien\u00f3polis",
    "person": 18,
    "customer": 16
  }
},
{
  "model": "core.work",
  "pk": 75,
  "fields": {
    "address": "Av Morvan Dias de Figueiredo, 1175",
    "complement": null,
    "district": "Vila Guilherme",
    "city": "S\u00e3o Paulo",
    "uf": "SP",
    "cep": "02170-000",
    "name_work": "Shopping P\u00e1tio Paulista",
    "person": 38,
    "customer": 12
  }
},
{
  "model": "core.work",
  "pk": 76,
  "fields": {
    "address": "Av Prof Luiz Ign\u00e1cio Anhaia Mello, 2560",
    "complement": null,
    "district": "Jardim Avelino",
    "city": "S\u00e3o Paulo",
    "uf": "SP",
    "cep": "03154-100",
    "name_work": "Shopping Plaza Sul",
    "person": 4,
    "customer": 13
  }
},
{
  "model": "core.work",
  "pk": 77,
  "fields": {
    "address": "Av Jabaquara, 2177",
    "complement": null,
    "district": "Mirand\u00f3polis",
    "city": "S\u00e3o Paulo",
    "uf": "SP",
    "cep": "04045-003",
    "name_work": "Shopping Sp Market",
    "person": 30,
    "customer": 6
  }
},
{
  "model": "core.work",
  "pk": 78,
  "fields": {
    "address": "P\u00e7 Br de Tiet\u00ea, 115",
    "complement": null,
    "district": "Belenzinho",
    "city": "S\u00e3o Paulo",
    "uf": "SP",
    "cep": "03163-050",
    "name_work": "Shopping Vila Ol\u00edmpia",
    "person": 34,
    "customer": 20
  }
},
{
  "model": "core.work",
  "pk": 79,
  "fields": {
    "address": "Av Otaviano Alves de Lima, 3972",
    "complement": null,
    "district": "Nossa Senhora do \u00d3",
    "city": "S\u00e3o Paulo",
    "uf": "SP",
    "cep": "02901-000",
    "name_work": "Shopping Villa - lobos",
    "person": 43,
    "customer": 14
  }
},
{
  "model": "core.work",
  "pk": 80,
  "fields": {
    "address": "Av Pacaembu, 380",
    "complement": null,
    "district": "Barra Funda",
    "city": "S\u00e3o Paulo",
    "uf": "SP",
    "cep": "01155-000",
    "name_work": "West Plaza Shopping",
    "person": 24,
    "customer": 12
  }
},
{
  "model": "core.proposal",
  "pk": 1,
  "fields": {
    "created": "2016-01-11T06:30:15.416Z",
    "modified": "2016-01-11T06:30:15.416Z",
    "num_prop": 1,
    "type_prop": "R",
    "num_type_prop": 0,
    "category": 7,
    "description": "HfyWcTgOiXwuyZpMPUrOWHGNApeUlX",
    "work": 76,
    "person": 10,
    "employee": 9,
    "seller": 2,
    "status": "a",
    "date_conclusion": "2015-09-22T03:00:00Z",
    "price": "4715614.20",
    "obs": null
  }
},
{
  "model": "core.proposal",
  "pk": 2,
  "fields": {
    "created": "2016-01-11T06:30:15.786Z",
    "modified": "2016-01-11T06:30:15.786Z",
    "num_prop": 2,
    "type_prop": "R",
    "num_type_prop": 0,
    "category": 1,
    "description": "xGeRWpdFhmNREFZsMlpvPFswWYJZqj",
    "work": 51,
    "person": 45,
    "employee": 5,
    "seller": 1,
    "status": "p",
    "date_conclusion": null,
    "price": "0.00",
    "obs": null
  }
},
{
  "model": "core.proposal",
  "pk": 3,
  "fields": {
    "created": "2016-01-11T06:30:15.924Z",
    "modified": "2016-01-11T06:30:15.924Z",
    "num_prop": 3,
    "type_prop": "R",
    "num_type_prop": 0,
    "category": 8,
    "description": "LynHVSovyVbfWaVNezKWlsuycBiZZp",
    "work": 45,
    "person": 5,
    "employee": 3,
    "seller": 3,
    "status": "p",
    "date_conclusion": null,
    "price": "0.00",
    "obs": null
  }
},
{
  "model": "core.proposal",
  "pk": 4,
  "fields": {
    "created": "2016-01-11T06:30:16.092Z",
    "modified": "2016-01-11T06:30:16.092Z",
    "num_prop": 4,
    "type_prop": "R",
    "num_type_prop": 0,
    "category": 2,
    "description": "ozVOSXgwjRJDMAtjiyXvwIdEkQRvYt",
    "work": 72,
    "person": 7,
    "employee": 2,
    "seller": 2,
    "status": "elab",
    "date_conclusion": null,
    "price": "0.00",
    "obs": null
  }
},
{
  "model": "core.proposal",
  "pk": 5,
  "fields": {
    "created": "2016-01-11T06:30:16.214Z",
    "modified": "2016-01-11T06:30:16.214Z",
    "num_prop": 5,
    "type_prop": "R",
    "num_type_prop": 0,
    "category": 7,
    "description": "FUEejvQLdGJoYaeYYemoXtDRKoYDuQ",
    "work": 55,
    "person": 3,
    "employee": 4,
    "seller": 2,
    "status": "p",
    "date_conclusion": null,
    "price": "0.00",
    "obs": null
  }
},
{
  "model": "core.proposal",
  "pk": 6,
  "fields": {
    "created": "2016-01-11T06:30:16.334Z",
    "modified": "2016-01-11T06:30:16.334Z",
    "num_prop": 6,
    "type_prop": "R",
    "num_type_prop": 0,
    "category": 5,
    "description": "AHFPnMSKqkYxIlRzsjGvGLUUQfrpBV",
    "work": 58,
    "person": 35,
    "employee": 3,
    "seller": 1,
    "status": "a",
    "date_conclusion": "2015-11-06T02:00:00Z",
    "price": "9588694.77",
    "obs": null
  }
},
{
  "model": "core.proposal",
  "pk": 7,
  "fields": {
    "created": "2016-01-11T06:30:16.498Z",
    "modified": "2016-01-11T06:30:16.498Z",
    "num_prop": 7,
    "type_prop": "R",
    "num_type_prop": 0,
    "category": 6,
    "description": "iSwLUmYznTkKFZfFlddbHwUyIsItkV",
    "work": 57,
    "person": 16,
    "employee": 9,
    "seller": 2,
    "status": "a",
    "date_conclusion": "2015-02-07T02:00:00Z",
    "price": "9102264.66",
    "obs": null
  }
},
{
  "model": "core.proposal",
  "pk": 8,
  "fields": {
    "created": "2016-01-11T06:30:16.661Z",
    "modified": "2016-01-11T06:30:16.661Z",
    "num_prop": 8,
    "type_prop": "R",
    "num_type_prop": 0,
    "category": 1,
    "description": "BYDILKfxlXpFdmhNPxDdRuFbTVBssn",
    "work": 75,
    "person": 25,
    "employee": 1,
    "seller": 3,
    "status": "co",
    "date_conclusion": "2015-03-23T03:00:00Z",
    "price": "1395661.23",
    "obs": null
  }
},
{
  "model": "core.proposal",
  "pk": 9,
  "fields": {
    "created": "2016-01-11T06:30:16.825Z",
    "modified": "2016-01-11T06:30:16.825Z",
    "num_prop": 9,
    "type_prop": "R",
    "num_type_prop": 0,
    "category": 4,
    "description": "bxOgXdXMdVbsZqnJWHNmVSkTUQMMiL",
    "work": 72,
    "person": 5,
    "employee": 6,
    "seller": 3,
    "status": "p",
    "date_conclusion": null,
    "price": "0.00",
    "obs": null
  }
},
{
  "model": "core.proposal",
  "pk": 10,
  "fields": {
    "created": "2016-01-11T06:30:16.982Z",
    "modified": "2016-01-11T06:30:16.983Z",
    "num_prop": 10,
    "type_prop": "R",
    "num_type_prop": 0,
    "category": 8,
    "description": "oBntUrwZftLhpbXPcnNLIIWnMJribd",
    "work": 65,
    "person": 35,
    "employee": 1,
    "seller": 2,
    "status": "co",
    "date_conclusion": "2015-09-24T03:00:00Z",
    "price": "1800583.46",
    "obs": null
  }
},
{
  "model": "core.proposal",
  "pk": 11,
  "fields": {
    "created": "2016-01-11T06:30:17.142Z",
    "modified": "2016-01-11T06:30:17.142Z",
    "num_prop": 11,
    "type_prop": "R",
    "num_type_prop": 0,
    "category": 6,
    "description": "pKcJZscDcLWwmyUsnoBGJPLjPXmYas",
    "work": 59,
    "person": 1,
    "employee": 2,
    "seller": 3,
    "status": "c",
    "date_conclusion": null,
    "price": "0.00",
    "obs": null
  }
},
{
  "model": "core.proposal",
  "pk": 12,
  "fields": {
    "created": "2016-01-11T06:30:17.269Z",
    "modified": "2016-01-11T06:30:17.269Z",
    "num_prop": 12,
    "type_prop": "R",
    "num_type_prop": 0,
    "category": 2,
    "description": "WdZAGdtVQKSKtfHgKXazrUmQnyUXbt",
    "work": 44,
    "person": 32,
    "employee": 4,
    "seller": 2,
    "status": "c",
    "date_conclusion": null,
    "price": "0.00",
    "obs": null
  }
},
{
  "model": "core.proposal",
  "pk": 13,
  "fields": {
    "created": "2016-01-11T06:30:17.400Z",
    "modified": "2016-01-11T06:30:17.400Z",
    "num_prop": 13,
    "type_prop": "R",
    "num_type_prop": 0,
    "category": 3,
    "description": "rIwzEwKwAARpFSJIdMDNOliYEPJbpn",
    "work": 72,
    "person": 2,
    "employee": 8,
    "seller": 1,
    "status": "p",
    "date_conclusion": null,
    "price": "0.00",
    "obs": null
  }
},
{
  "model": "core.proposal",
  "pk": 14,
  "fields": {
    "created": "2016-01-11T06:30:17.534Z",
    "modified": "2016-01-11T06:30:17.534Z",
    "num_prop": 14,
    "type_prop": "R",
    "num_type_prop": 0,
    "category": 1,
    "description": "vKBClmQyyuAATXOTclFxTPWRBuZbnS",
    "work": 75,
    "person": 10,
    "employee": 7,
    "seller": 1,
    "status": "co",
    "date_conclusion": "2015-07-24T03:00:00Z",
    "price": "1451951.51",
    "obs": null
  }
},
{
  "model": "core.proposal",
  "pk": 15,
  "fields": {
    "created": "2016-01-11T06:30:17.666Z",
    "modified": "2016-01-11T06:30:17.666Z",
    "num_prop": 15,
    "type_prop": "R",
    "num_type_prop": 0,
    "category": 2,
    "description": "OxvajzVzUqWOtGfeMvRBYbqGxraHjE",
    "work": 61,
    "person": 46,
    "employee": 8,
    "seller": 3,
    "status": "elab",
    "date_conclusion": null,
    "price": "0.00",
    "obs": null
  }
},
{
  "model": "core.proposal",
  "pk": 16,
  "fields": {
    "created": "2016-01-11T06:30:17.843Z",
    "modified": "2016-01-11T06:30:17.843Z",
    "num_prop": 16,
    "type_prop": "R",
    "num_type_prop": 0,
    "category": 4,
    "description": "rhZZiUgkAQecPfFDothdFSuSJSIohZ",
    "work": 63,
    "person": 43,
    "employee": 3,
    "seller": 3,
    "status": "p",
    "date_conclusion": null,
    "price": "0.00",
    "obs": null
  }
},
{
  "model": "core.proposal",
  "pk": 17,
  "fields": {
    "created": "2016-01-11T06:30:18.009Z",
    "modified": "2016-01-11T06:30:18.009Z",
    "num_prop": 17,
    "type_prop": "R",
    "num_type_prop": 0,
    "category": 6,
    "description": "omGzhVhKlaELodMhVPRkDWOvdPXKWD",
    "work": 57,
    "person": 43,
    "employee": 1,
    "seller": 1,
    "status": "a",
    "date_conclusion": "2015-12-21T02:00:00Z",
    "price": "6994646.84",
    "obs": null
  }
},
{
  "model": "core.proposal",
  "pk": 18,
  "fields": {
    "created": "2016-01-11T06:30:18.192Z",
    "modified": "2016-01-11T06:30:18.192Z",
    "num_prop": 18,
    "type_prop": "R",
    "num_type_prop": 0,
    "category": 3,
    "description": "EazjZkwEzlaMKintJJyPHSRYpYXhjd",
    "work": 68,
    "person": 3,
    "employee": 8,
    "seller": 2,
    "status": "elab",
    "date_conclusion": null,
    "price": "0.00",
    "obs": null
  }
},
{
  "model": "core.proposal",
  "pk": 19,
  "fields": {
    "created": "2016-01-11T06:30:18.326Z",
    "modified": "2016-01-11T06:30:18.326Z",
    "num_prop": 19,
    "type_prop": "R",
    "num_type_prop": 0,
    "category": 8,
    "description": "chcaeTAlJjxqwotRLjUaqMasapodmZ",
    "work": 51,
    "person": 42,
    "employee": 9,
    "seller": 3,
    "status": "co",
    "date_conclusion": "2015-04-26T03:00:00Z",
    "price": "2474947.08",
    "obs": null
  }
},
{
  "model": "core.proposal",
  "pk": 20,
  "fields": {
    "created": "2016-01-11T06:30:18.457Z",
    "modified": "2016-01-11T06:30:18.458Z",
    "num_prop": 20,
    "type_prop": "R",
    "num_type_prop": 0,
    "category": 7,
    "description": "dmZtRUzmMSmzwERAlTbyvtnGzCzbqK",
    "work": 59,
    "person": 45,
    "employee": 9,
    "seller": 1,
    "status": "p",
    "date_conclusion": null,
    "price": "0.00",
    "obs": null
  }
},
{
  "model": "core.proposal",
  "pk": 21,
  "fields": {
    "created": "2016-01-11T06:30:18.590Z",
    "modified": "2016-01-11T06:30:18.590Z",
    "num_prop": 21,
    "type_prop": "R",
    "num_type_prop": 0,
    "category": 1,
    "description": "ZPjSSUbzLRopTMgikKOxUoyvHsijNm",
    "work": 46,
    "person": 15,
    "employee": 8,
    "seller": 3,
    "status": "co",
    "date_conclusion": "2015-01-25T02:00:00Z",
    "price": "248886.42",
    "obs": null
  }
},
{
  "model": "core.proposal",
  "pk": 22,
  "fields": {
    "created": "2016-01-11T06:30:18.723Z",
    "modified": "2016-01-11T06:30:18.723Z",
    "num_prop": 22,
    "type_prop": "R",
    "num_type_prop": 0,
    "category": 1,
    "description": "zTvxQmPkqZtjehEmXmnNHwkBSKYJZM",
    "work": 55,
    "person": 3,
    "employee": 9,
    "seller": 3,
    "status": "p",
    "date_conclusion": null,
    "price": "0.00",
    "obs": null
  }
},
{
  "model": "core.proposal",
  "pk": 23,
  "fields": {
    "created": "2016-01-11T06:30:18.867Z",
    "modified": "2016-01-11T06:30:18.867Z",
    "num_prop": 23,
    "type_prop": "R",
    "num_type_prop": 0,
    "category": 4,
    "description": "ZmrSodJOQtGTysibaWSOShqnXsbJkU",
    "work": 49,
    "person": 31,
    "employee": 7,
    "seller": 2,
    "status": "a",
    "date_conclusion": "2015-10-10T03:00:00Z",
    "price": "2931324.36",
    "obs": null
  }
},
{
  "model": "core.proposal",
  "pk": 24,
  "fields": {
    "created": "2016-01-11T06:30:18.998Z",
    "modified": "2016-01-11T06:30:18.999Z",
    "num_prop": 24,
    "type_prop": "R",
    "num_type_prop": 0,
    "category": 6,
    "description": "pWBLvdfyPfpbsACPZemsCvkNMkeQjE",
    "work": 80,
    "person": 21,
    "employee": 2,
    "seller": 3,
    "status": "co",
    "date_conclusion": "2015-07-27T03:00:00Z",
    "price": "6246377.20",
    "obs": null
  }
},
{
  "model": "core.proposal",
  "pk": 25,
  "fields": {
    "created": "2016-01-11T06:30:19.133Z",
    "modified": "2016-01-11T06:30:19.133Z",
    "num_prop": 25,
    "type_prop": "R",
    "num_type_prop": 0,
    "category": 1,
    "description": "HVcHwOEgYAdZwMHVvITxDfjlLqEONj",
    "work": 57,
    "person": 14,
    "employee": 5,
    "seller": 1,
    "status": "p",
    "date_conclusion": null,
    "price": "0.00",
    "obs": null
  }
},
{
  "model": "core.proposal",
  "pk": 26,
  "fields": {
    "created": "2016-01-11T06:30:19.271Z",
    "modified": "2016-01-11T06:30:19.271Z",
    "num_prop": 26,
    "type_prop": "R",
    "num_type_prop": 0,
    "category": 5,
    "description": "xnnvwmsvPkhfxAPtqNeRVhIHdTJhVk",
    "work": 64,
    "person": 33,
    "employee": 2,
    "seller": 3,
    "status": "p",
    "date_conclusion": null,
    "price": "0.00",
    "obs": null
  }
},
{
  "model": "core.proposal",
  "pk": 27,
  "fields": {
    "created": "2016-01-11T06:30:19.404Z",
    "modified": "2016-01-11T06:30:19.404Z",
    "num_prop": 27,
    "type_prop": "R",
    "num_type_prop": 0,
    "category": 3,
    "description": "iRkIIHvMNyDkpbmvfYButkcFczrQjB",
    "work": 69,
    "person": 18,
    "employee": 8,
    "seller": 1,
    "status": "elab",
    "date_conclusion": null,
    "price": "0.00",
    "obs": null
  }
},
{
  "model": "core.proposal",
  "pk": 28,
  "fields": {
    "created": "2016-01-11T06:30:19.537Z",
    "modified": "2016-01-11T06:30:19.537Z",
    "num_prop": 28,
    "type_prop": "R",
    "num_type_prop": 0,
    "category": 4,
    "description": "iLiAbonxfqIxBsrBWRiomoNvGHMqAt",
    "work": 74,
    "person": 8,
    "employee": 2,
    "seller": 1,
    "status": "co",
    "date_conclusion": "2015-10-17T03:00:00Z",
    "price": "620697.08",
    "obs": null
  }
},
{
  "model": "core.proposal",
  "pk": 29,
  "fields": {
    "created": "2016-01-11T06:30:19.681Z",
    "modified": "2016-01-11T06:30:19.681Z",
    "num_prop": 29,
    "type_prop": "R",
    "num_type_prop": 0,
    "category": 4,
    "description": "TLKlEBDthxwkxAZfjJWTIUtFNSgREw",
    "work": 71,
    "person": 40,
    "employee": 3,
    "seller": 3,
    "status": "co",
    "date_conclusion": "2015-10-20T02:00:00Z",
    "price": "9422047.81",
    "obs": null
  }
},
{
  "model": "core.proposal",
  "pk": 30,
  "fields": {
    "created": "2016-01-11T06:30:19.870Z",
    "modified": "2016-01-11T06:30:19.870Z",
    "num_prop": 30,
    "type_prop": "R",
    "num_type_prop": 0,
    "category": 3,
    "description": "lBkdFmqVOXRddMuutsOBwRPvBZonPa",
    "work": 59,
    "person": 6,
    "employee": 1,
    "seller": 1,
    "status": "p",
    "date_conclusion": null,
    "price": "0.00",
    "obs": null
  }
},
{
  "model": "core.proposal",
  "pk": 31,
  "fields": {
    "created": "2016-01-11T06:30:20.013Z",
    "modified": "2016-01-11T06:30:20.013Z",
    "num_prop": 31,
    "type_prop": "R",
    "num_type_prop": 0,
    "category": 2,
    "description": "sQHVkvMXNinSreHZuTtaIYXxDPZTqg",
    "work": 68,
    "person": 18,
    "employee": 4,
    "seller": 2,
    "status": "p",
    "date_conclusion": null,
    "price": "0.00",
    "obs": null
  }
},
{
  "model": "core.proposal",
  "pk": 32,
  "fields": {
    "created": "2016-01-11T06:30:20.166Z",
    "modified": "2016-01-11T06:30:20.166Z",
    "num_prop": 32,
    "type_prop": "R",
    "num_type_prop": 0,
    "category": 1,
    "description": "wEEVYNolYnHGAGwEABLILUGeOznwct",
    "work": 50,
    "person": 22,
    "employee": 4,
    "seller": 3,
    "status": "p",
    "date_conclusion": null,
    "price": "0.00",
    "obs": null
  }
},
{
  "model": "core.proposal",
  "pk": 33,
  "fields": {
    "created": "2016-01-11T06:30:20.293Z",
    "modified": "2016-01-11T06:30:20.293Z",
    "num_prop": 33,
    "type_prop": "R",
    "num_type_prop": 0,
    "category": 5,
    "description": "LfdmttFjPtfEOtNUzwpdyqgOhZSDGZ",
    "work": 48,
    "person": 30,
    "employee": 1,
    "seller": 1,
    "status": "c",
    "date_conclusion": null,
    "price": "0.00",
    "obs": null
  }
},
{
  "model": "core.proposal",
  "pk": 34,
  "fields": {
    "created": "2016-01-11T06:30:20.480Z",
    "modified": "2016-01-11T06:30:20.480Z",
    "num_prop": 34,
    "type_prop": "R",
    "num_type_prop": 0,
    "category": 8,
    "description": "YNMKcIRfQhfHUjsVPGoBBrLblvikXb",
    "work": 56,
    "person": 13,
    "employee": 4,
    "seller": 3,
    "status": "p",
    "date_conclusion": null,
    "price": "0.00",
    "obs": null
  }
},
{
  "model": "core.proposal",
  "pk": 35,
  "fields": {
    "created": "2016-01-11T06:30:20.658Z",
    "modified": "2016-01-11T06:30:20.658Z",
    "num_prop": 35,
    "type_prop": "R",
    "num_type_prop": 0,
    "category": 2,
    "description": "hjgQWIubwUVcMZKjyNaPFeKVYKsOpC",
    "work": 58,
    "person": 11,
    "employee": 5,
    "seller": 1,
    "status": "p",
    "date_conclusion": null,
    "price": "0.00",
    "obs": null
  }
},
{
  "model": "core.proposal",
  "pk": 36,
  "fields": {
    "created": "2016-01-11T06:30:20.787Z",
    "modified": "2016-01-11T06:30:20.787Z",
    "num_prop": 36,
    "type_prop": "R",
    "num_type_prop": 0,
    "category": 7,
    "description": "rQjyukoYPvoObrBDCxEMPOqydPTQKs",
    "work": 48,
    "person": 23,
    "employee": 4,
    "seller": 1,
    "status": "elab",
    "date_conclusion": null,
    "price": "0.00",
    "obs": null
  }
},
{
  "model": "core.proposal",
  "pk": 37,
  "fields": {
    "created": "2016-01-11T06:30:20.968Z",
    "modified": "2016-01-11T06:30:20.968Z",
    "num_prop": 37,
    "type_prop": "R",
    "num_type_prop": 0,
    "category": 3,
    "description": "cLWUHEaBXmTXWufsmlIDazKtszUFLK",
    "work": 78,
    "person": 35,
    "employee": 3,
    "seller": 1,
    "status": "p",
    "date_conclusion": null,
    "price": "0.00",
    "obs": null
  }
},
{
  "model": "core.proposal",
  "pk": 38,
  "fields": {
    "created": "2016-01-11T06:30:21.227Z",
    "modified": "2016-01-11T06:30:21.227Z",
    "num_prop": 38,
    "type_prop": "R",
    "num_type_prop": 0,
    "category": 7,
    "description": "DucTfFgSZgbhfIONpwsnYcPQlcNPsP",
    "work": 55,
    "person": 7,
    "employee": 4,
    "seller": 3,
    "status": "elab",
    "date_conclusion": null,
    "price": "0.00",
    "obs": null
  }
},
{
  "model": "core.proposal",
  "pk": 39,
  "fields": {
    "created": "2016-01-11T06:30:21.371Z",
    "modified": "2016-01-11T06:30:21.371Z",
    "num_prop": 39,
    "type_prop": "R",
    "num_type_prop": 0,
    "category": 8,
    "description": "riIjuexMWVGdfpQrstARSNFtqbBQSY",
    "work": 78,
    "person": 24,
    "employee": 7,
    "seller": 2,
    "status": "p",
    "date_conclusion": null,
    "price": "0.00",
    "obs": null
  }
},
{
  "model": "core.proposal",
  "pk": 40,
  "fields": {
    "created": "2016-01-11T06:30:21.492Z",
    "modified": "2016-01-11T06:30:21.492Z",
    "num_prop": 40,
    "type_prop": "R",
    "num_type_prop": 0,
    "category": 8,
    "description": "zxRGmuAzZibZqhGHCInnrAGOzQjDAT",
    "work": 63,
    "person": 5,
    "employee": 1,
    "seller": 2,
    "status": "a",
    "date_conclusion": "2015-12-10T02:00:00Z",
    "price": "9778984.29",
    "obs": null
  }
},
{
  "model": "core.proposal",
  "pk": 41,
  "fields": {
    "created": "2016-01-11T06:30:21.609Z",
    "modified": "2016-01-11T06:30:21.609Z",
    "num_prop": 41,
    "type_prop": "R",
    "num_type_prop": 0,
    "category": 6,
    "description": "XysYURfPYznexQYjpDDEWGJaAFPZSS",
    "work": 52,
    "person": 46,
    "employee": 3,
    "seller": 3,
    "status": "c",
    "date_conclusion": null,
    "price": "0.00",
    "obs": null
  }
},
{
  "model": "core.proposal",
  "pk": 42,
  "fields": {
    "created": "2016-01-11T06:30:21.731Z",
    "modified": "2016-01-11T06:30:21.731Z",
    "num_prop": 42,
    "type_prop": "R",
    "num_type_prop": 0,
    "category": 6,
    "description": "JzEUqaNSzWpGeZJXSQzCQtqXhIUAWf",
    "work": 62,
    "person": 46,
    "employee": 3,
    "seller": 3,
    "status": "a",
    "date_conclusion": "2015-02-11T02:00:00Z",
    "price": "5292637.79",
    "obs": null
  }
},
{
  "model": "core.proposal",
  "pk": 43,
  "fields": {
    "created": "2016-01-11T06:30:21.861Z",
    "modified": "2016-01-11T06:30:21.861Z",
    "num_prop": 43,
    "type_prop": "R",
    "num_type_prop": 0,
    "category": 5,
    "description": "EJCdlZCgCgRHbAjwINaFojEAVRNEkX",
    "work": 46,
    "person": 17,
    "employee": 6,
    "seller": 3,
    "status": "a",
    "date_conclusion": "2015-06-12T03:00:00Z",
    "price": "6853606.15",
    "obs": null
  }
},
{
  "model": "core.proposal",
  "pk": 44,
  "fields": {
    "created": "2016-01-11T06:30:22.000Z",
    "modified": "2016-01-11T06:30:22.000Z",
    "num_prop": 44,
    "type_prop": "R",
    "num_type_prop": 0,
    "category": 6,
    "description": "AsTOkhLTdxxihNAMyOmtVxWivKFUph",
    "work": 69,
    "person": 49,
    "employee": 2,
    "seller": 2,
    "status": "p",
    "date_conclusion": null,
    "price": "0.00",
    "obs": null
  }
},
{
  "model": "core.proposal",
  "pk": 45,
  "fields": {
    "created": "2016-01-11T06:30:22.142Z",
    "modified": "2016-01-11T06:30:22.142Z",
    "num_prop": 45,
    "type_prop": "R",
    "num_type_prop": 0,
    "category": 8,
    "description": "lsfONajObIlFZuHhRrNFWkrCkTteLm",
    "work": 48,
    "person": 40,
    "employee": 4,
    "seller": 1,
    "status": "c",
    "date_conclusion": null,
    "price": "0.00",
    "obs": null
  }
},
{
  "model": "core.proposal",
  "pk": 46,
  "fields": {
    "created": "2016-01-11T06:30:22.294Z",
    "modified": "2016-01-11T06:30:22.294Z",
    "num_prop": 46,
    "type_prop": "R",
    "num_type_prop": 0,
    "category": 2,
    "description": "AMQVmUKXNFzREZCZHJgFNEhkEzKBVN",
    "work": 44,
    "person": 36,
    "employee": 8,
    "seller": 3,
    "status": "elab",
    "date_conclusion": null,
    "price": "0.00",
    "obs": null
  }
},
{
  "model": "core.proposal",
  "pk": 47,
  "fields": {
    "created": "2016-01-11T06:30:22.451Z",
    "modified": "2016-01-11T06:30:22.451Z",
    "num_prop": 47,
    "type_prop": "R",
    "num_type_prop": 0,
    "category": 3,
    "description": "iliQvBvcfORIKdJkSRhGraykRMAFbZ",
    "work": 44,
    "person": 40,
    "employee": 2,
    "seller": 2,
    "status": "elab",
    "date_conclusion": null,
    "price": "0.00",
    "obs": null
  }
},
{
  "model": "core.proposal",
  "pk": 48,
  "fields": {
    "created": "2016-01-11T06:30:22.717Z",
    "modified": "2016-01-11T06:30:22.717Z",
    "num_prop": 48,
    "type_prop": "R",
    "num_type_prop": 0,
    "category": 5,
    "description": "xzkgUXnkSmjPOVuUFtGiNpWcLDznkq",
    "work": 57,
    "person": 22,
    "employee": 1,
    "seller": 3,
    "status": "co",
    "date_conclusion": "2015-07-07T03:00:00Z",
    "price": "6755734.19",
    "obs": null
  }
},
{
  "model": "core.proposal",
  "pk": 49,
  "fields": {
    "created": "2016-01-11T06:30:22.844Z",
    "modified": "2016-01-11T06:30:22.844Z",
    "num_prop": 49,
    "type_prop": "R",
    "num_type_prop": 0,
    "category": 7,
    "description": "gqWsPnHnCmiqGKfyWIgtQMaNbplXtF",
    "work": 71,
    "person": 45,
    "employee": 9,
    "seller": 2,
    "status": "p",
    "date_conclusion": null,
    "price": "0.00",
    "obs": null
  }
},
{
  "model": "core.proposal",
  "pk": 50,
  "fields": {
    "created": "2016-01-11T06:30:22.993Z",
    "modified": "2016-01-11T06:30:22.993Z",
    "num_prop": 50,
    "type_prop": "R",
    "num_type_prop": 0,
    "category": 3,
    "description": "xYkMFikBqTcrHXLQmZFCbFmNYnsLLP",
    "work": 65,
    "person": 43,
    "employee": 6,
    "seller": 1,
    "status": "elab",
    "date_conclusion": null,
    "price": "0.00",
    "obs": null
  }
},
{
  "model": "core.proposal",
  "pk": 51,
  "fields": {
    "created": "2016-01-11T06:30:23.133Z",
    "modified": "2016-01-11T06:30:23.133Z",
    "num_prop": 51,
    "type_prop": "R",
    "num_type_prop": 0,
    "category": 8,
    "description": "igLZTonWQGqSoewEGlPblOpPRIObCA",
    "work": 64,
    "person": 23,
    "employee": 3,
    "seller": 3,
    "status": "elab",
    "date_conclusion": null,
    "price": "0.00",
    "obs": null
  }
},
{
  "model": "core.proposal",
  "pk": 52,
  "fields": {
    "created": "2016-01-11T06:30:23.258Z",
    "modified": "2016-01-11T06:30:23.258Z",
    "num_prop": 52,
    "type_prop": "R",
    "num_type_prop": 0,
    "category": 6,
    "description": "WwDlcLOeRASkNFnRJFJriWjOnWAIgg",
    "work": 63,
    "person": 9,
    "employee": 4,
    "seller": 3,
    "status": "co",
    "date_conclusion": "2015-06-23T03:00:00Z",
    "price": "8371263.53",
    "obs": null
  }
},
{
  "model": "core.proposal",
  "pk": 53,
  "fields": {
    "created": "2016-01-11T06:30:23.379Z",
    "modified": "2016-01-11T06:30:23.380Z",
    "num_prop": 53,
    "type_prop": "R",
    "num_type_prop": 0,
    "category": 5,
    "description": "ioMmFKNCvWczFOoDmvZLWKrNbCVNJb",
    "work": 44,
    "person": 28,
    "employee": 1,
    "seller": 3,
    "status": "a",
    "date_conclusion": "2015-07-13T03:00:00Z",
    "price": "3663734.03",
    "obs": null
  }
},
{
  "model": "core.proposal",
  "pk": 54,
  "fields": {
    "created": "2016-01-11T06:30:23.517Z",
    "modified": "2016-01-11T06:30:23.517Z",
    "num_prop": 54,
    "type_prop": "R",
    "num_type_prop": 0,
    "category": 6,
    "description": "jVYxiKjVoshRHPCpqWlAeyidSObuYC",
    "work": 52,
    "person": 22,
    "employee": 8,
    "seller": 1,
    "status": "p",
    "date_conclusion": null,
    "price": "0.00",
    "obs": null
  }
},
{
  "model": "core.proposal",
  "pk": 55,
  "fields": {
    "created": "2016-01-11T06:30:23.651Z",
    "modified": "2016-01-11T06:30:23.651Z",
    "num_prop": 55,
    "type_prop": "R",
    "num_type_prop": 0,
    "category": 5,
    "description": "mOCQirQHVVRzNflZONytZegCqAaEgj",
    "work": 45,
    "person": 24,
    "employee": 3,
    "seller": 3,
    "status": "c",
    "date_conclusion": null,
    "price": "0.00",
    "obs": null
  }
},
{
  "model": "core.proposal",
  "pk": 56,
  "fields": {
    "created": "2016-01-11T06:30:23.780Z",
    "modified": "2016-01-11T06:30:23.780Z",
    "num_prop": 56,
    "type_prop": "R",
    "num_type_prop": 0,
    "category": 7,
    "description": "WQUvPheZVyjVJCPggDgGOklIFFMvVP",
    "work": 51,
    "person": 42,
    "employee": 5,
    "seller": 3,
    "status": "co",
    "date_conclusion": "2015-12-10T02:00:00Z",
    "price": "9876297.48",
    "obs": null
  }
},
{
  "model": "core.proposal",
  "pk": 57,
  "fields": {
    "created": "2016-01-11T06:30:23.915Z",
    "modified": "2016-01-11T06:30:23.915Z",
    "num_prop": 57,
    "type_prop": "R",
    "num_type_prop": 0,
    "category": 6,
    "description": "pkRCAdSFcgNawolgqPIlgNWJYReRws",
    "work": 48,
    "person": 26,
    "employee": 6,
    "seller": 3,
    "status": "co",
    "date_conclusion": "2015-05-18T03:00:00Z",
    "price": "2260534.29",
    "obs": null
  }
},
{
  "model": "core.proposal",
  "pk": 58,
  "fields": {
    "created": "2016-01-11T06:30:24.059Z",
    "modified": "2016-01-11T06:30:24.059Z",
    "num_prop": 58,
    "type_prop": "R",
    "num_type_prop": 0,
    "category": 7,
    "description": "YTDeRyAEVzmVcMUcCdVnKSvyVbmdBp",
    "work": 78,
    "person": 28,
    "employee": 7,
    "seller": 2,
    "status": "co",
    "date_conclusion": "2015-04-24T03:00:00Z",
    "price": "1983504.81",
    "obs": null
  }
},
{
  "model": "core.proposal",
  "pk": 59,
  "fields": {
    "created": "2016-01-11T06:30:24.361Z",
    "modified": "2016-01-11T06:30:24.361Z",
    "num_prop": 59,
    "type_prop": "R",
    "num_type_prop": 0,
    "category": 6,
    "description": "JABziJpeGdbEEahyaUmpYHPIQjZfDb",
    "work": 49,
    "person": 8,
    "employee": 3,
    "seller": 1,
    "status": "co",
    "date_conclusion": "2015-07-17T03:00:00Z",
    "price": "7714909.63",
    "obs": null
  }
},
{
  "model": "core.proposal",
  "pk": 60,
  "fields": {
    "created": "2016-01-11T06:30:24.493Z",
    "modified": "2016-01-11T06:30:24.494Z",
    "num_prop": 60,
    "type_prop": "R",
    "num_type_prop": 0,
    "category": 5,
    "description": "vsWNiTyqdabELvDCNIfLjgsvVYzUOF",
    "work": 72,
    "person": 37,
    "employee": 9,
    "seller": 2,
    "status": "co",
    "date_conclusion": "2015-03-01T03:00:00Z",
    "price": "8628190.68",
    "obs": null
  }
},
{
  "model": "core.proposal",
  "pk": 61,
  "fields": {
    "created": "2016-01-11T06:30:24.638Z",
    "modified": "2016-01-11T06:30:24.638Z",
    "num_prop": 61,
    "type_prop": "R",
    "num_type_prop": 0,
    "category": 5,
    "description": "HMYmpDbqicOsUUanyFpslworwcVDkJ",
    "work": 61,
    "person": 29,
    "employee": 6,
    "seller": 2,
    "status": "co",
    "date_conclusion": "2015-05-03T03:00:00Z",
    "price": "5339891.71",
    "obs": null
  }
},
{
  "model": "core.proposal",
  "pk": 62,
  "fields": {
    "created": "2016-01-11T06:30:24.756Z",
    "modified": "2016-01-11T06:30:24.756Z",
    "num_prop": 62,
    "type_prop": "R",
    "num_type_prop": 0,
    "category": 3,
    "description": "HeKWVZrnRDLaOPJvvuModsyaWCiNzq",
    "work": 50,
    "person": 30,
    "employee": 7,
    "seller": 2,
    "status": "c",
    "date_conclusion": null,
    "price": "0.00",
    "obs": null
  }
},
{
  "model": "core.proposal",
  "pk": 63,
  "fields": {
    "created": "2016-01-11T06:30:24.889Z",
    "modified": "2016-01-11T06:30:24.889Z",
    "num_prop": 63,
    "type_prop": "R",
    "num_type_prop": 0,
    "category": 5,
    "description": "ewtwRWKHyRxgfKkjFsLSwLVImWKCnV",
    "work": 74,
    "person": 39,
    "employee": 4,
    "seller": 1,
    "status": "p",
    "date_conclusion": null,
    "price": "0.00",
    "obs": null
  }
},
{
  "model": "core.proposal",
  "pk": 64,
  "fields": {
    "created": "2016-01-11T06:30:25.011Z",
    "modified": "2016-01-11T06:30:25.011Z",
    "num_prop": 64,
    "type_prop": "R",
    "num_type_prop": 0,
    "category": 3,
    "description": "muVGGstDkuMHHCCzpyCFTrJYPGeggm",
    "work": 78,
    "person": 18,
    "employee": 9,
    "seller": 2,
    "status": "p",
    "date_conclusion": null,
    "price": "0.00",
    "obs": null
  }
},
{
  "model": "core.proposal",
  "pk": 65,
  "fields": {
    "created": "2016-01-11T06:30:25.128Z",
    "modified": "2016-01-11T06:30:25.128Z",
    "num_prop": 65,
    "type_prop": "R",
    "num_type_prop": 0,
    "category": 6,
    "description": "BJmVUZVTncTmEALbcQCDEaIttbFJFK",
    "work": 47,
    "person": 26,
    "employee": 3,
    "seller": 3,
    "status": "a",
    "date_conclusion": "2015-03-10T03:00:00Z",
    "price": "7196221.38",
    "obs": null
  }
},
{
  "model": "core.proposal",
  "pk": 66,
  "fields": {
    "created": "2016-01-11T06:30:25.247Z",
    "modified": "2016-01-11T06:30:25.247Z",
    "num_prop": 66,
    "type_prop": "R",
    "num_type_prop": 0,
    "category": 8,
    "description": "jOWhGDRWeuDotDobCQUkSpvMhZkkfj",
    "work": 49,
    "person": 20,
    "employee": 1,
    "seller": 3,
    "status": "co",
    "date_conclusion": "2015-09-06T03:00:00Z",
    "price": "476581.83",
    "obs": null
  }
},
{
  "model": "core.proposal",
  "pk": 67,
  "fields": {
    "created": "2016-01-11T06:30:25.383Z",
    "modified": "2016-01-11T06:30:25.383Z",
    "num_prop": 67,
    "type_prop": "R",
    "num_type_prop": 0,
    "category": 7,
    "description": "nfqFnJaKVXimSEjCCqpoKmCnPfyuYq",
    "work": 78,
    "person": 39,
    "employee": 5,
    "seller": 2,
    "status": "a",
    "date_conclusion": "2015-10-16T03:00:00Z",
    "price": "4248908.65",
    "obs": null
  }
},
{
  "model": "core.proposal",
  "pk": 68,
  "fields": {
    "created": "2016-01-11T06:30:25.514Z",
    "modified": "2016-01-11T06:30:25.515Z",
    "num_prop": 68,
    "type_prop": "R",
    "num_type_prop": 0,
    "category": 2,
    "description": "rLwscENILeKQuJbXvaqjRAzXpfepHa",
    "work": 74,
    "person": 38,
    "employee": 3,
    "seller": 3,
    "status": "elab",
    "date_conclusion": null,
    "price": "0.00",
    "obs": null
  }
},
{
  "model": "core.proposal",
  "pk": 69,
  "fields": {
    "created": "2016-01-11T06:30:25.646Z",
    "modified": "2016-01-11T06:30:25.646Z",
    "num_prop": 69,
    "type_prop": "R",
    "num_type_prop": 0,
    "category": 2,
    "description": "YmwOSbbZcZmXClbKhMMxyFEVaghaUq",
    "work": 43,
    "person": 15,
    "employee": 6,
    "seller": 2,
    "status": "elab",
    "date_conclusion": null,
    "price": "0.00",
    "obs": null
  }
},
{
  "model": "core.proposal",
  "pk": 70,
  "fields": {
    "created": "2016-01-11T06:30:25.778Z",
    "modified": "2016-01-11T06:30:25.778Z",
    "num_prop": 70,
    "type_prop": "R",
    "num_type_prop": 0,
    "category": 3,
    "description": "wegQEcPyUwFoEAboxvQuNMoSwQJHbc",
    "work": 71,
    "person": 12,
    "employee": 9,
    "seller": 3,
    "status": "c",
    "date_conclusion": null,
    "price": "0.00",
    "obs": null
  }
},
{
  "model": "core.proposal",
  "pk": 71,
  "fields": {
    "created": "2016-01-11T06:30:25.919Z",
    "modified": "2016-01-11T06:30:25.919Z",
    "num_prop": 71,
    "type_prop": "R",
    "num_type_prop": 0,
    "category": 5,
    "description": "eKGiwHNWxDoRhUazkDHUxpyngJYQnT",
    "work": 62,
    "person": 12,
    "employee": 5,
    "seller": 1,
    "status": "co",
    "date_conclusion": "2015-07-18T03:00:00Z",
    "price": "4885899.99",
    "obs": null
  }
},
{
  "model": "core.proposal",
  "pk": 72,
  "fields": {
    "created": "2016-01-11T06:30:26.075Z",
    "modified": "2016-01-11T06:30:26.075Z",
    "num_prop": 72,
    "type_prop": "R",
    "num_type_prop": 0,
    "category": 8,
    "description": "pVLSnvwqFRROLIlMvAdqzOqRgQwlfc",
    "work": 64,
    "person": 25,
    "employee": 6,
    "seller": 1,
    "status": "c",
    "date_conclusion": null,
    "price": "0.00",
    "obs": null
  }
},
{
  "model": "core.proposal",
  "pk": 73,
  "fields": {
    "created": "2016-01-11T06:30:26.206Z",
    "modified": "2016-01-11T06:30:26.206Z",
    "num_prop": 73,
    "type_prop": "R",
    "num_type_prop": 0,
    "category": 2,
    "description": "bpvgysqVLxKbcIKNbYNjDWdngVHmTV",
    "work": 45,
    "person": 46,
    "employee": 3,
    "seller": 3,
    "status": "a",
    "date_conclusion": "2015-11-01T02:00:00Z",
    "price": "1760530.90",
    "obs": null
  }
},
{
  "model": "core.proposal",
  "pk": 74,
  "fields": {
    "created": "2016-01-11T06:30:26.353Z",
    "modified": "2016-01-11T06:30:26.353Z",
    "num_prop": 74,
    "type_prop": "R",
    "num_type_prop": 0,
    "category": 6,
    "description": "gUDstTkPfAaruqdzmrZEtRIyqamYBV",
    "work": 69,
    "person": 44,
    "employee": 6,
    "seller": 1,
    "status": "elab",
    "date_conclusion": null,
    "price": "0.00",
    "obs": null
  }
},
{
  "model": "core.proposal",
  "pk": 75,
  "fields": {
    "created": "2016-01-11T06:30:26.520Z",
    "modified": "2016-01-11T06:30:26.520Z",
    "num_prop": 75,
    "type_prop": "R",
    "num_type_prop": 0,
    "category": 3,
    "description": "HjyiehoschsKfBlgDxINHksfCxGIEu",
    "work": 79,
    "person": 19,
    "employee": 2,
    "seller": 1,
    "status": "c",
    "date_conclusion": null,
    "price": "0.00",
    "obs": null
  }
},
{
  "model": "core.proposal",
  "pk": 76,
  "fields": {
    "created": "2016-01-11T06:30:26.672Z",
    "modified": "2016-01-11T06:30:26.672Z",
    "num_prop": 76,
    "type_prop": "R",
    "num_type_prop": 0,
    "category": 1,
    "description": "EyZSlceFktcxrsZnqyPmfmOhfpbJJh",
    "work": 42,
    "person": 17,
    "employee": 9,
    "seller": 1,
    "status": "a",
    "date_conclusion": "2015-09-04T03:00:00Z",
    "price": "4654250.33",
    "obs": null
  }
},
{
  "model": "core.proposal",
  "pk": 77,
  "fields": {
    "created": "2016-01-11T06:30:26.791Z",
    "modified": "2016-01-11T06:30:26.791Z",
    "num_prop": 77,
    "type_prop": "R",
    "num_type_prop": 0,
    "category": 5,
    "description": "NfYlVljYzxFdVVXLXRecFiiAvBVsQA",
    "work": 77,
    "person": 15,
    "employee": 1,
    "seller": 2,
    "status": "co",
    "date_conclusion": "2015-04-11T03:00:00Z",
    "price": "6706215.46",
    "obs": null
  }
},
{
  "model": "core.proposal",
  "pk": 78,
  "fields": {
    "created": "2016-01-11T06:30:26.917Z",
    "modified": "2016-01-11T06:30:26.917Z",
    "num_prop": 78,
    "type_prop": "R",
    "num_type_prop": 0,
    "category": 5,
    "description": "eCLiVvQylPcNQrdbTUNUYGZuwmtHNA",
    "work": 55,
    "person": 4,
    "employee": 3,
    "seller": 3,
    "status": "a",
    "date_conclusion": "2015-12-12T02:00:00Z",
    "price": "3506656.95",
    "obs": null
  }
},
{
  "model": "core.proposal",
  "pk": 79,
  "fields": {
    "created": "2016-01-11T06:30:27.061Z",
    "modified": "2016-01-11T06:30:27.062Z",
    "num_prop": 79,
    "type_prop": "R",
    "num_type_prop": 0,
    "category": 1,
    "description": "sLvTgULlDcCgYlKfFSEfQNoPkxfgHv",
    "work": 76,
    "person": 48,
    "employee": 9,
    "seller": 1,
    "status": "a",
    "date_conclusion": "2015-05-07T03:00:00Z",
    "price": "9215878.01",
    "obs": null
  }
},
{
  "model": "core.proposal",
  "pk": 80,
  "fields": {
    "created": "2016-01-11T06:30:27.285Z",
    "modified": "2016-01-11T06:30:27.285Z",
    "num_prop": 80,
    "type_prop": "R",
    "num_type_prop": 0,
    "category": 8,
    "description": "awceihOlusJteKwllRjIfKSQktoiPA",
    "work": 51,
    "person": 4,
    "employee": 2,
    "seller": 2,
    "status": "c",
    "date_conclusion": null,
    "price": "0.00",
    "obs": null
  }
},
{
  "model": "core.proposal",
  "pk": 81,
  "fields": {
    "created": "2016-01-11T06:30:27.436Z",
    "modified": "2016-01-11T06:30:27.436Z",
    "num_prop": 81,
    "type_prop": "R",
    "num_type_prop": 0,
    "category": 7,
    "description": "bwapHgaXfBsBjxOIxwtlpJOnNXeUWH",
    "work": 54,
    "person": 31,
    "employee": 7,
    "seller": 2,
    "status": "a",
    "date_conclusion": "2015-02-13T02:00:00Z",
    "price": "722578.29",
    "obs": null
  }
},
{
  "model": "core.proposal",
  "pk": 82,
  "fields": {
    "created": "2016-01-11T06:30:27.598Z",
    "modified": "2016-01-11T06:30:27.598Z",
    "num_prop": 82,
    "type_prop": "R",
    "num_type_prop": 0,
    "category": 3,
    "description": "KwKPtnjXOEAZskDyDjQRRhEpWcEkRA",
    "work": 70,
    "person": 17,
    "employee": 7,
    "seller": 1,
    "status": "c",
    "date_conclusion": null,
    "price": "0.00",
    "obs": null
  }
},
{
  "model": "core.proposal",
  "pk": 83,
  "fields": {
    "created": "2016-01-11T06:30:27.739Z",
    "modified": "2016-01-11T06:30:27.739Z",
    "num_prop": 83,
    "type_prop": "R",
    "num_type_prop": 0,
    "category": 5,
    "description": "WbGNPXweFdvSWyLgHUNSevNzUrezEH",
    "work": 55,
    "person": 12,
    "employee": 9,
    "seller": 1,
    "status": "c",
    "date_conclusion": null,
    "price": "0.00",
    "obs": null
  }
},
{
  "model": "core.proposal",
  "pk": 84,
  "fields": {
    "created": "2016-01-11T06:30:27.885Z",
    "modified": "2016-01-11T06:30:27.886Z",
    "num_prop": 84,
    "type_prop": "R",
    "num_type_prop": 0,
    "category": 1,
    "description": "JtJKUJXwFdtGitOjWPHOCVNZeVuGab",
    "work": 51,
    "person": 50,
    "employee": 5,
    "seller": 3,
    "status": "a",
    "date_conclusion": "2015-09-09T03:00:00Z",
    "price": "4969406.88",
    "obs": null
  }
},
{
  "model": "core.proposal",
  "pk": 85,
  "fields": {
    "created": "2016-01-11T06:30:28.019Z",
    "modified": "2016-01-11T06:30:28.019Z",
    "num_prop": 85,
    "type_prop": "R",
    "num_type_prop": 0,
    "category": 6,
    "description": "VzCNxOTTdubsyTZCOgPsCbiwXRxLrW",
    "work": 74,
    "person": 21,
    "employee": 9,
    "seller": 3,
    "status": "c",
    "date_conclusion": null,
    "price": "0.00",
    "obs": null
  }
},
{
  "model": "core.proposal",
  "pk": 86,
  "fields": {
    "created": "2016-01-11T06:30:28.152Z",
    "modified": "2016-01-11T06:30:28.152Z",
    "num_prop": 86,
    "type_prop": "R",
    "num_type_prop": 0,
    "category": 5,
    "description": "uPaFpulsdWFukBKbEMOzInkjvNBWny",
    "work": 42,
    "person": 48,
    "employee": 6,
    "seller": 2,
    "status": "elab",
    "date_conclusion": null,
    "price": "0.00",
    "obs": null
  }
},
{
  "model": "core.proposal",
  "pk": 87,
  "fields": {
    "created": "2016-01-11T06:30:28.273Z",
    "modified": "2016-01-11T06:30:28.273Z",
    "num_prop": 87,
    "type_prop": "R",
    "num_type_prop": 0,
    "category": 1,
    "description": "pQHXbcGEpTSgfixrpzjGCXOwFXCQwp",
    "work": 51,
    "person": 50,
    "employee": 7,
    "seller": 1,
    "status": "a",
    "date_conclusion": "2015-01-11T02:00:00Z",
    "price": "6216997.92",
    "obs": null
  }
},
{
  "model": "core.proposal",
  "pk": 88,
  "fields": {
    "created": "2016-01-11T06:30:28.429Z",
    "modified": "2016-01-11T06:30:28.429Z",
    "num_prop": 88,
    "type_prop": "R",
    "num_type_prop": 0,
    "category": 1,
    "description": "wOYTDETIxaQyiJXyFbOuGxPWAIlOwj",
    "work": 44,
    "person": 34,
    "employee": 3,
    "seller": 3,
    "status": "c",
    "date_conclusion": null,
    "price": "0.00",
    "obs": null
  }
},
{
  "model": "core.proposal",
  "pk": 89,
  "fields": {
    "created": "2016-01-11T06:30:28.562Z",
    "modified": "2016-01-11T06:30:28.562Z",
    "num_prop": 89,
    "type_prop": "R",
    "num_type_prop": 0,
    "category": 1,
    "description": "imldrCiYRqTudcftqbqCpaBVDRpGqq",
    "work": 49,
    "person": 25,
    "employee": 3,
    "seller": 2,
    "status": "p",
    "date_conclusion": null,
    "price": "0.00",
    "obs": null
  }
},
{
  "model": "core.proposal",
  "pk": 90,
  "fields": {
    "created": "2016-01-11T06:30:28.691Z",
    "modified": "2016-01-11T06:30:28.691Z",
    "num_prop": 90,
    "type_prop": "R",
    "num_type_prop": 0,
    "category": 6,
    "description": "FrUKSEtsnoNsJfImjNQsUdvJodHFKh",
    "work": 70,
    "person": 49,
    "employee": 3,
    "seller": 3,
    "status": "c",
    "date_conclusion": null,
    "price": "0.00",
    "obs": null
  }
},
{
  "model": "core.proposal",
  "pk": 91,
  "fields": {
    "created": "2016-01-11T06:30:28.839Z",
    "modified": "2016-01-11T06:30:28.839Z",
    "num_prop": 91,
    "type_prop": "R",
    "num_type_prop": 0,
    "category": 3,
    "description": "nQcRgEsHXHIviMCgWQbAZeIjPMVBmK",
    "work": 42,
    "person": 13,
    "employee": 6,
    "seller": 3,
    "status": "p",
    "date_conclusion": null,
    "price": "0.00",
    "obs": null
  }
},
{
  "model": "core.proposal",
  "pk": 92,
  "fields": {
    "created": "2016-01-11T06:30:28.995Z",
    "modified": "2016-01-11T06:30:28.995Z",
    "num_prop": 92,
    "type_prop": "R",
    "num_type_prop": 0,
    "category": 6,
    "description": "RSwWcQieGWVddLwlOgZENxFqdRMwBV",
    "work": 71,
    "person": 17,
    "employee": 4,
    "seller": 1,
    "status": "elab",
    "date_conclusion": null,
    "price": "0.00",
    "obs": null
  }
},
{
  "model": "core.proposal",
  "pk": 93,
  "fields": {
    "created": "2016-01-11T06:30:29.152Z",
    "modified": "2016-01-11T06:30:29.152Z",
    "num_prop": 93,
    "type_prop": "R",
    "num_type_prop": 0,
    "category": 5,
    "description": "OhBTPaMzRwSoabJVlPLWYdSmDdOwfH",
    "work": 78,
    "person": 12,
    "employee": 2,
    "seller": 3,
    "status": "p",
    "date_conclusion": null,
    "price": "0.00",
    "obs": null
  }
},
{
  "model": "core.proposal",
  "pk": 94,
  "fields": {
    "created": "2016-01-11T06:30:29.296Z",
    "modified": "2016-01-11T06:30:29.296Z",
    "num_prop": 94,
    "type_prop": "R",
    "num_type_prop": 0,
    "category": 3,
    "description": "vplpcKnhAqnpjYxVqizGiIbkHiSrhA",
    "work": 46,
    "person": 30,
    "employee": 4,
    "seller": 1,
    "status": "a",
    "date_conclusion": "2015-10-07T03:00:00Z",
    "price": "3730944.67",
    "obs": null
  }
},
{
  "model": "core.proposal",
  "pk": 95,
  "fields": {
    "created": "2016-01-11T06:30:29.450Z",
    "modified": "2016-01-11T06:30:29.450Z",
    "num_prop": 95,
    "type_prop": "R",
    "num_type_prop": 0,
    "category": 4,
    "description": "tuVGYPMURGxVqntoTDxXeYqTZYXXYK",
    "work": 45,
    "person": 37,
    "employee": 4,
    "seller": 1,
    "status": "p",
    "date_conclusion": null,
    "price": "0.00",
    "obs": null
  }
},
{
  "model": "core.proposal",
  "pk": 96,
  "fields": {
    "created": "2016-01-11T06:30:29.606Z",
    "modified": "2016-01-11T06:30:29.606Z",
    "num_prop": 96,
    "type_prop": "R",
    "num_type_prop": 0,
    "category": 4,
    "description": "kiqwWvyyriUUrcWTInQHmiSOjfbKQT",
    "work": 47,
    "person": 39,
    "employee": 3,
    "seller": 2,
    "status": "p",
    "date_conclusion": null,
    "price": "0.00",
    "obs": null
  }
},
{
  "model": "core.proposal",
  "pk": 97,
  "fields": {
    "created": "2016-01-11T06:30:29.738Z",
    "modified": "2016-01-11T06:30:29.738Z",
    "num_prop": 97,
    "type_prop": "R",
    "num_type_prop": 0,
    "category": 5,
    "description": "mFemHPlRnwuihJDOSyJucZJuOTRvrm",
    "work": 75,
    "person": 21,
    "employee": 8,
    "seller": 1,
    "status": "c",
    "date_conclusion": null,
    "price": "0.00",
    "obs": null
  }
},
{
  "model": "core.proposal",
  "pk": 98,
  "fields": {
    "created": "2016-01-11T06:30:29.875Z",
    "modified": "2016-01-11T06:30:29.875Z",
    "num_prop": 98,
    "type_prop": "R",
    "num_type_prop": 0,
    "category": 7,
    "description": "bUfAYrjWOkSwIFxNYPuXdMrhVFCcEr",
    "work": 54,
    "person": 15,
    "employee": 1,
    "seller": 1,
    "status": "co",
    "date_conclusion": "2015-08-27T03:00:00Z",
    "price": "5461229.81",
    "obs": null
  }
},
{
  "model": "core.proposal",
  "pk": 99,
  "fields": {
    "created": "2016-01-11T06:30:30.003Z",
    "modified": "2016-01-11T06:30:30.003Z",
    "num_prop": 99,
    "type_prop": "R",
    "num_type_prop": 0,
    "category": 1,
    "description": "QGVexlPCMNqJCJyJEzmWaPCtujvcEA",
    "work": 59,
    "person": 7,
    "employee": 5,
    "seller": 1,
    "status": "elab",
    "date_conclusion": null,
    "price": "0.00",
    "obs": null
  }
},
{
  "model": "core.proposal",
  "pk": 100,
  "fields": {
    "created": "2016-01-11T06:30:30.124Z",
    "modified": "2016-01-11T06:30:30.124Z",
    "num_prop": 100,
    "type_prop": "R",
    "num_type_prop": 0,
    "category": 2,
    "description": "LXrdkshjOdCvBFhwRbTOhBRkFUpMIY",
    "work": 51,
    "person": 44,
    "employee": 4,
    "seller": 2,
    "status": "co",
    "date_conclusion": "2015-03-04T03:00:00Z",
    "price": "9103908.53",
    "obs": null
  }
},
{
  "model": "core.contract",
  "pk": 1,
  "fields": {
    "created": "2016-01-11T06:31:39.641Z",
    "modified": "2016-01-11T06:31:39.641Z",
    "proposal": 1,
    "contractor": 13,
    "is_canceled": false
  }
},
{
  "model": "core.contract",
  "pk": 2,
  "fields": {
    "created": "2016-01-11T06:31:39.859Z",
    "modified": "2016-01-11T06:31:39.860Z",
    "proposal": 6,
    "contractor": 22,
    "is_canceled": false
  }
},
{
  "model": "core.contract",
  "pk": 3,
  "fields": {
    "created": "2016-01-11T06:31:39.999Z",
    "modified": "2016-01-11T06:31:40.000Z",
    "proposal": 7,
    "contractor": 11,
    "is_canceled": false
  }
},
{
  "model": "core.contract",
  "pk": 4,
  "fields": {
    "created": "2016-01-11T06:31:40.144Z",
    "modified": "2016-01-11T06:31:40.144Z",
    "proposal": 17,
    "contractor": 11,
    "is_canceled": true
  }
},
{
  "model": "core.contract",
  "pk": 5,
  "fields": {
    "created": "2016-01-11T06:31:40.288Z",
    "modified": "2016-01-11T06:31:40.288Z",
    "proposal": 23,
    "contractor": 7,
    "is_canceled": false
  }
},
{
  "model": "core.contract",
  "pk": 6,
  "fields": {
    "created": "2016-01-11T06:31:40.432Z",
    "modified": "2016-01-11T06:31:40.432Z",
    "proposal": 40,
    "contractor": 13,
    "is_canceled": true
  }
},
{
  "model": "core.contract",
  "pk": 7,
  "fields": {
    "created": "2016-01-11T06:31:40.568Z",
    "modified": "2016-01-11T06:31:40.568Z",
    "proposal": 42,
    "contractor": 14,
    "is_canceled": false
  }
},
{
  "model": "core.contract",
  "pk": 8,
  "fields": {
    "created": "2016-01-11T06:31:40.700Z",
    "modified": "2016-01-11T06:31:40.700Z",
    "proposal": 43,
    "contractor": 4,
    "is_canceled": false
  }
},
{
  "model": "core.contract",
  "pk": 9,
  "fields": {
    "created": "2016-01-11T06:31:40.835Z",
    "modified": "2016-01-11T06:31:40.835Z",
    "proposal": 53,
    "contractor": 25,
    "is_canceled": false
  }
},
{
  "model": "core.contract",
  "pk": 10,
  "fields": {
    "created": "2016-01-11T06:31:40.992Z",
    "modified": "2016-01-11T06:31:40.992Z",
    "proposal": 65,
    "contractor": 20,
    "is_canceled": false
  }
},
{
  "model": "core.contract",
  "pk": 11,
  "fields": {
    "created": "2016-01-11T06:31:41.137Z",
    "modified": "2016-01-11T06:31:41.137Z",
    "proposal": 67,
    "contractor": 20,
    "is_canceled": true
  }
},
{
  "model": "core.contract",
  "pk": 12,
  "fields": {
    "created": "2016-01-11T06:31:41.280Z",
    "modified": "2016-01-11T06:31:41.281Z",
    "proposal": 73,
    "contractor": 3,
    "is_canceled": true
  }
},
{
  "model": "core.contract",
  "pk": 13,
  "fields": {
    "created": "2016-01-11T06:31:41.424Z",
    "modified": "2016-01-11T06:31:41.424Z",
    "proposal": 76,
    "contractor": 24,
    "is_canceled": false
  }
},
{
  "model": "core.contract",
  "pk": 14,
  "fields": {
    "created": "2016-01-11T06:31:41.570Z",
    "modified": "2016-01-11T06:31:41.570Z",
    "proposal": 78,
    "contractor": 16,
    "is_canceled": false
  }
},
{
  "model": "core.contract",
  "pk": 15,
  "fields": {
    "created": "2016-01-11T06:31:41.713Z",
    "modified": "2016-01-11T06:31:41.714Z",
    "proposal": 79,
    "contractor": 13,
    "is_canceled": false
  }
},
{
  "model": "core.contract",
  "pk": 16,
  "fields": {
    "created": "2016-01-11T06:31:42.287Z",
    "modified": "2016-01-11T06:31:42.287Z",
    "proposal": 81,
    "contractor": 8,
    "is_canceled": false
  }
},
{
  "model": "core.contract",
  "pk": 17,
  "fields": {
    "created": "2016-01-11T06:31:42.427Z",
    "modified": "2016-01-11T06:31:42.427Z",
    "proposal": 84,
    "contractor": 19,
    "is_canceled": false
  }
},
{
  "model": "core.contract",
  "pk": 18,
  "fields": {
    "created": "2016-01-11T06:31:42.653Z",
    "modified": "2016-01-11T06:31:42.653Z",
    "proposal": 87,
    "contractor": 19,
    "is_canceled": false
  }
},
{
  "model": "core.contract",
  "pk": 19,
  "fields": {
    "created": "2016-01-11T06:31:42.830Z",
    "modified": "2016-01-11T06:31:42.831Z",
    "proposal": 94,
    "contractor": 4,
    "is_canceled": true
  }
},
{
  "model": "core.numlastproposal",
  "pk": 1,
  "fields": {
    "num_last_prop": 100
  }
},
{
  "model": "auth.permission",
  "pk": 1,
  "fields": {
    "name": "Can add log entry",
    "content_type": 1,
    "codename": "add_logentry"
  }
},
{
  "model": "auth.permission",
  "pk": 2,
  "fields": {
    "name": "Can change log entry",
    "content_type": 1,
    "codename": "change_logentry"
  }
},
{
  "model": "auth.permission",
  "pk": 3,
  "fields": {
    "name": "Can delete log entry",
    "content_type": 1,
    "codename": "delete_logentry"
  }
},
{
  "model": "auth.permission",
  "pk": 4,
  "fields": {
    "name": "Can add permission",
    "content_type": 2,
    "codename": "add_permission"
  }
},
{
  "model": "auth.permission",
  "pk": 5,
  "fields": {
    "name": "Can change permission",
    "content_type": 2,
    "codename": "change_permission"
  }
},
{
  "model": "auth.permission",
  "pk": 6,
  "fields": {
    "name": "Can delete permission",
    "content_type": 2,
    "codename": "delete_permission"
  }
},
{
  "model": "auth.permission",
  "pk": 7,
  "fields": {
    "name": "Can add group",
    "content_type": 3,
    "codename": "add_group"
  }
},
{
  "model": "auth.permission",
  "pk": 8,
  "fields": {
    "name": "Can change group",
    "content_type": 3,
    "codename": "change_group"
  }
},
{
  "model": "auth.permission",
  "pk": 9,
  "fields": {
    "name": "Can delete group",
    "content_type": 3,
    "codename": "delete_group"
  }
},
{
  "model": "auth.permission",
  "pk": 10,
  "fields": {
    "name": "Can add user",
    "content_type": 4,
    "codename": "add_user"
  }
},
{
  "model": "auth.permission",
  "pk": 11,
  "fields": {
    "name": "Can change user",
    "content_type": 4,
    "codename": "change_user"
  }
},
{
  "model": "auth.permission",
  "pk": 12,
  "fields": {
    "name": "Can delete user",
    "content_type": 4,
    "codename": "delete_user"
  }
},
{
  "model": "auth.permission",
  "pk": 13,
  "fields": {
    "name": "Can add content type",
    "content_type": 5,
    "codename": "add_contenttype"
  }
},
{
  "model": "auth.permission",
  "pk": 14,
  "fields": {
    "name": "Can change content type",
    "content_type": 5,
    "codename": "change_contenttype"
  }
},
{
  "model": "auth.permission",
  "pk": 15,
  "fields": {
    "name": "Can delete content type",
    "content_type": 5,
    "codename": "delete_contenttype"
  }
},
{
  "model": "auth.permission",
  "pk": 16,
  "fields": {
    "name": "Can add session",
    "content_type": 6,
    "codename": "add_session"
  }
},
{
  "model": "auth.permission",
  "pk": 17,
  "fields": {
    "name": "Can change session",
    "content_type": 6,
    "codename": "change_session"
  }
},
{
  "model": "auth.permission",
  "pk": 18,
  "fields": {
    "name": "Can delete session",
    "content_type": 6,
    "codename": "delete_session"
  }
},
{
  "model": "auth.permission",
  "pk": 19,
  "fields": {
    "name": "Can add contato",
    "content_type": 7,
    "codename": "add_person"
  }
},
{
  "model": "auth.permission",
  "pk": 20,
  "fields": {
    "name": "Can change contato",
    "content_type": 7,
    "codename": "change_person"
  }
},
{
  "model": "auth.permission",
  "pk": 21,
  "fields": {
    "name": "Can delete contato",
    "content_type": 7,
    "codename": "delete_person"
  }
},
{
  "model": "auth.permission",
  "pk": 22,
  "fields": {
    "name": "Can add cliente",
    "content_type": 8,
    "codename": "add_customer"
  }
},
{
  "model": "auth.permission",
  "pk": 23,
  "fields": {
    "name": "Can change cliente",
    "content_type": 8,
    "codename": "change_customer"
  }
},
{
  "model": "auth.permission",
  "pk": 24,
  "fields": {
    "name": "Can delete cliente",
    "content_type": 8,
    "codename": "delete_customer"
  }
},
{
  "model": "auth.permission",
  "pk": 25,
  "fields": {
    "name": "Can add funcion\u00e1rio",
    "content_type": 9,
    "codename": "add_employee"
  }
},
{
  "model": "auth.permission",
  "pk": 26,
  "fields": {
    "name": "Can change funcion\u00e1rio",
    "content_type": 9,
    "codename": "change_employee"
  }
},
{
  "model": "auth.permission",
  "pk": 27,
  "fields": {
    "name": "Can delete funcion\u00e1rio",
    "content_type": 9,
    "codename": "delete_employee"
  }
},
{
  "model": "auth.permission",
  "pk": 28,
  "fields": {
    "name": "Can add cargo",
    "content_type": 10,
    "codename": "add_occupation"
  }
},
{
  "model": "auth.permission",
  "pk": 29,
  "fields": {
    "name": "Can change cargo",
    "content_type": 10,
    "codename": "change_occupation"
  }
},
{
  "model": "auth.permission",
  "pk": 30,
  "fields": {
    "name": "Can delete cargo",
    "content_type": 10,
    "codename": "delete_occupation"
  }
},
{
  "model": "auth.permission",
  "pk": 31,
  "fields": {
    "name": "Can add vendedor",
    "content_type": 11,
    "codename": "add_seller"
  }
},
{
  "model": "auth.permission",
  "pk": 32,
  "fields": {
    "name": "Can change vendedor",
    "content_type": 11,
    "codename": "change_seller"
  }
},
{
  "model": "auth.permission",
  "pk": 33,
  "fields": {
    "name": "Can delete vendedor",
    "content_type": 11,
    "codename": "delete_seller"
  }
},
{
  "model": "auth.permission",
  "pk": 34,
  "fields": {
    "name": "Can add entrada",
    "content_type": 12,
    "codename": "add_entry"
  }
},
{
  "model": "auth.permission",
  "pk": 35,
  "fields": {
    "name": "Can change entrada",
    "content_type": 12,
    "codename": "change_entry"
  }
},
{
  "model": "auth.permission",
  "pk": 36,
  "fields": {
    "name": "Can delete entrada",
    "content_type": 12,
    "codename": "delete_entry"
  }
},
{
  "model": "auth.permission",
  "pk": 37,
  "fields": {
    "name": "Can add categoria",
    "content_type": 13,
    "codename": "add_category"
  }
},
{
  "model": "auth.permission",
  "pk": 38,
  "fields": {
    "name": "Can change categoria",
    "content_type": 13,
    "codename": "change_category"
  }
},
{
  "model": "auth.permission",
  "pk": 39,
  "fields": {
    "name": "Can delete categoria",
    "content_type": 13,
    "codename": "delete_category"
  }
},
{
  "model": "auth.permission",
  "pk": 40,
  "fields": {
    "name": "Can add obra",
    "content_type": 14,
    "codename": "add_work"
  }
},
{
  "model": "auth.permission",
  "pk": 41,
  "fields": {
    "name": "Can change obra",
    "content_type": 14,
    "codename": "change_work"
  }
},
{
  "model": "auth.permission",
  "pk": 42,
  "fields": {
    "name": "Can delete obra",
    "content_type": 14,
    "codename": "delete_work"
  }
},
{
  "model": "auth.permission",
  "pk": 43,
  "fields": {
    "name": "Can add or\u00e7amento",
    "content_type": 15,
    "codename": "add_proposal"
  }
},
{
  "model": "auth.permission",
  "pk": 44,
  "fields": {
    "name": "Can change or\u00e7amento",
    "content_type": 15,
    "codename": "change_proposal"
  }
},
{
  "model": "auth.permission",
  "pk": 45,
  "fields": {
    "name": "Can delete or\u00e7amento",
    "content_type": 15,
    "codename": "delete_proposal"
  }
},
{
  "model": "auth.permission",
  "pk": 46,
  "fields": {
    "name": "Can add contrato",
    "content_type": 16,
    "codename": "add_contract"
  }
},
{
  "model": "auth.permission",
  "pk": 47,
  "fields": {
    "name": "Can change contrato",
    "content_type": 16,
    "codename": "change_contract"
  }
},
{
  "model": "auth.permission",
  "pk": 48,
  "fields": {
    "name": "Can delete contrato",
    "content_type": 16,
    "codename": "delete_contract"
  }
},
{
  "model": "auth.permission",
  "pk": 49,
  "fields": {
    "name": "Can add n\u00famero \u00faltimo or\u00e7amento",
    "content_type": 17,
    "codename": "add_numlastproposal"
  }
},
{
  "model": "auth.permission",
  "pk": 50,
  "fields": {
    "name": "Can change n\u00famero \u00faltimo or\u00e7amento",
    "content_type": 17,
    "codename": "change_numlastproposal"
  }
},
{
  "model": "auth.permission",
  "pk": 51,
  "fields": {
    "name": "Can delete n\u00famero \u00faltimo or\u00e7amento",
    "content_type": 17,
    "codename": "delete_numlastproposal"
  }
},
{
  "model": "auth.user",
  "pk": 1,
  "fields": {
    "password": "pbkdf2_sha256$24000$neGbX9YczrcY$uX9K/X7bdlbbNxwUHtzwOUuXOVtMcMF/hFiuKhnVT+E=",
    "last_login": "2016-01-11T05:19:02.949Z",
    "is_superuser": true,
    "username": "admin",
    "first_name": "",
    "last_name": "",
    "email": "",
    "is_staff": true,
    "is_active": true,
    "date_joined": "2016-01-11T05:18:54.357Z",
    "groups": [],
    "user_permissions": []
  }
},
{
  "model": "auth.user",
  "pk": 2,
  "fields": {
    "password": "pbkdf2_sha256$12000$Pe4addAsDo1D$xEtHWLnSIVkEppr4pbK69SBhuLwWsSHdXyhkCZBNktA=",
    "last_login": null,
    "is_superuser": false,
    "username": "amanda",
    "first_name": "Amanda",
    "last_name": "Santos",
    "email": "amanda@example.com",
    "is_staff": true,
    "is_active": true,
    "date_joined": "2016-01-11T05:24:46.807Z",
    "groups": [],
    "user_permissions": []
  }
},
{
  "model": "auth.user",
  "pk": 3,
  "fields": {
    "password": "pbkdf2_sha256$12000$Pe4addAsDo1D$xEtHWLnSIVkEppr4pbK69SBhuLwWsSHdXyhkCZBNktA=",
    "last_login": null,
    "is_superuser": false,
    "username": "caio",
    "first_name": "Caio",
    "last_name": "Gomes Oliveira",
    "email": "caio@example.com",
    "is_staff": true,
    "is_active": true,
    "date_joined": "2016-01-11T05:24:47.017Z",
    "groups": [],
    "user_permissions": []
  }
},
{
  "model": "auth.user",
  "pk": 4,
  "fields": {
    "password": "pbkdf2_sha256$12000$Pe4addAsDo1D$xEtHWLnSIVkEppr4pbK69SBhuLwWsSHdXyhkCZBNktA=",
    "last_login": null,
    "is_superuser": false,
    "username": "rebeca",
    "first_name": "Rebeca",
    "last_name": "Araujo Costa",
    "email": "rebeca@example.com",
    "is_staff": true,
    "is_active": true,
    "date_joined": "2016-01-11T05:24:47.303Z",
    "groups": [],
    "user_permissions": []
  }
},
{
  "model": "auth.user",
  "pk": 5,
  "fields": {
    "password": "pbkdf2_sha256$12000$Pe4addAsDo1D$xEtHWLnSIVkEppr4pbK69SBhuLwWsSHdXyhkCZBNktA=",
    "last_login": null,
    "is_superuser": false,
    "username": "douglas",
    "first_name": "Douglas",
    "last_name": "Cardoso Rodrigues",
    "email": "douglas@example.com",
    "is_staff": true,
    "is_active": true,
    "date_joined": "2016-01-11T05:24:47.572Z",
    "groups": [],
    "user_permissions": []
  }
},
{
  "model": "auth.user",
  "pk": 6,
  "fields": {
    "password": "pbkdf2_sha256$12000$Pe4addAsDo1D$xEtHWLnSIVkEppr4pbK69SBhuLwWsSHdXyhkCZBNktA=",
    "last_login": null,
    "is_superuser": false,
    "username": "jose",
    "first_name": "Jos\u00e9",
    "last_name": "Carlos Frederico",
    "email": "jc@example.com",
    "is_staff": true,
    "is_active": true,
    "date_joined": "2016-01-11T05:24:47.826Z",
    "groups": [],
    "user_permissions": []
  }
},
{
  "model": "auth.user",
  "pk": 7,
  "fields": {
    "password": "pbkdf2_sha256$12000$Pe4addAsDo1D$xEtHWLnSIVkEppr4pbK69SBhuLwWsSHdXyhkCZBNktA=",
    "last_login": null,
    "is_superuser": false,
    "username": "alice",
    "first_name": "Alice",
    "last_name": "Cunha Santos",
    "email": "alice@example.com",
    "is_staff": true,
    "is_active": true,
    "date_joined": "2016-01-11T05:24:48.023Z",
    "groups": [],
    "user_permissions": []
  }
},
{
  "model": "auth.user",
  "pk": 8,
  "fields": {
    "password": "pbkdf2_sha256$12000$Pe4addAsDo1D$xEtHWLnSIVkEppr4pbK69SBhuLwWsSHdXyhkCZBNktA=",
    "last_login": null,
    "is_superuser": false,
    "username": "carla",
    "first_name": "Carla",
    "last_name": "Azevedo Santos",
    "email": "carla@example.com",
    "is_staff": true,
    "is_active": true,
    "date_joined": "2016-01-11T05:24:48.236Z",
    "groups": [],
    "user_permissions": []
  }
},
{
  "model": "auth.user",
  "pk": 9,
  "fields": {
    "password": "pbkdf2_sha256$12000$Pe4addAsDo1D$xEtHWLnSIVkEppr4pbK69SBhuLwWsSHdXyhkCZBNktA=",
    "last_login": null,
    "is_superuser": true,
    "username": "regis",
    "first_name": "Regis",
    "last_name": "da Silva Santos",
    "email": "regis@example.com",
    "is_staff": true,
    "is_active": true,
    "date_joined": "2016-01-11T05:24:48.568Z",
    "groups": [],
    "user_permissions": []
  }
},
{
  "model": "auth.user",
  "pk": 10,
  "fields": {
    "password": "pbkdf2_sha256$12000$Pe4addAsDo1D$xEtHWLnSIVkEppr4pbK69SBhuLwWsSHdXyhkCZBNktA=",
    "last_login": null,
    "is_superuser": true,
    "username": "adailton",
    "first_name": "Adailton",
    "last_name": "do Nascimento",
    "email": "adailton@example.com",
    "is_staff": true,
    "is_active": true,
    "date_joined": "2016-01-11T05:24:48.784Z",
    "groups": [],
    "user_permissions": []
  }
},
{
  "model": "core.employee",
  "pk": 1,
  "fields": {
    "created": "2016-01-11T05:24:54.228Z",
    "modified": "2016-01-11T05:24:54.228Z",
    "address": "Avenida Paulista, 1320",
    "complement": "Apto 303",
    "district": "Cerqueira C\u00e9sar",
    "city": "S\u00e3o Paulo",
    "uf": "SP",
    "cep": "01020000",
    "gender": "F",
    "treatment": "aa",
    "company": "Tivit",
    "department": "Arquitetura",
    "phone1": "11 7543-2101",
    "phone2": "11 7543-2102",
    "phone3": "11 7543-2103",
    "cpf": "11122233396",
    "rg": "40373800",
    "active": true,
    "blocked": false,
    "user": 2,
    "occupation": 3,
    "date_entry": "2015-12-03T01:47:17.524Z",
    "date_release": null
  }
},
{
  "model": "core.employee",
  "pk": 2,
  "fields": {
    "created": "2016-01-11T05:24:54.814Z",
    "modified": "2016-01-11T05:24:54.814Z",
    "address": "Rua Mar\u00edlia de Dirceu, 1525",
    "complement": "Apto 16",
    "district": "Aclima\u00e7\u00e3o",
    "city": "S\u00e3o Paulo",
    "uf": "SP",
    "cep": "01100000",
    "gender": "M",
    "treatment": "eng",
    "company": "Tivit",
    "department": "Engenharia",
    "phone1": "(11) 7630-3598",
    "phone2": "(11) 0638-5029",
    "phone3": "(11) 1827-6927",
    "cpf": "73842008714",
    "rg": "506793799",
    "active": true,
    "blocked": false,
    "user": 3,
    "occupation": 4,
    "date_entry": "2015-01-02T15:25:35.127Z",
    "date_release": null
  }
},
{
  "model": "core.employee",
  "pk": 3,
  "fields": {
    "created": "2016-01-11T05:24:55.421Z",
    "modified": "2016-01-11T05:24:55.421Z",
    "address": "Rua Monte Belo, 704",
    "complement": "cj. 3",
    "district": "Vergueiro",
    "city": "S\u00e3o Paulo",
    "uf": "SP",
    "cep": "01289098",
    "gender": "F",
    "treatment": "",
    "company": "Titanium",
    "department": "Or\u00e7amentos",
    "phone1": "(11) 5941-2233",
    "phone2": "(11) 2887-3286",
    "phone3": "(11) 7757-6085",
    "cpf": "24644675769",
    "rg": "592288359",
    "active": true,
    "blocked": false,
    "user": 4,
    "occupation": 6,
    "date_entry": "2015-11-14T09:41:02.105Z",
    "date_release": null
  }
},
{
  "model": "core.employee",
  "pk": 4,
  "fields": {
    "created": "2016-01-11T05:24:55.908Z",
    "modified": "2016-01-11T05:24:55.908Z",
    "address": "Rua Dr\u00e1usio Camargo, 440",
    "complement": null,
    "district": "Para\u00edso",
    "city": "S\u00e3o Paulo",
    "uf": "SP",
    "cep": "02812750",
    "gender": "M",
    "treatment": "",
    "company": "Titanium",
    "department": "Suprimentos",
    "phone1": "(11) 0162-6907",
    "phone2": "(11) 9544-1853",
    "phone3": null,
    "cpf": "96699840361",
    "rg": "224651880",
    "active": true,
    "blocked": false,
    "user": 5,
    "occupation": 6,
    "date_entry": "2015-05-16T21:27:20.081Z",
    "date_release": null
  }
},
{
  "model": "core.employee",
  "pk": 5,
  "fields": {
    "created": "2016-01-11T05:24:56.529Z",
    "modified": "2016-01-11T05:24:56.529Z",
    "address": "Estrada Macacu, 1530",
    "complement": null,
    "district": "Centro",
    "city": "S\u00e3o Paulo",
    "uf": "SP",
    "cep": "01627400",
    "gender": "M",
    "treatment": "sr",
    "company": "Bot",
    "department": "Vendas",
    "phone1": "(11) 2821-6772",
    "phone2": "(11) 1784-3771",
    "phone3": "(11) 7896-0948",
    "cpf": "88922876699",
    "rg": "967728378",
    "active": true,
    "blocked": false,
    "user": 6,
    "occupation": 2,
    "date_entry": "2015-09-28T06:00:01.305Z",
    "date_release": null
  }
},
{
  "model": "core.employee",
  "pk": 6,
  "fields": {
    "created": "2016-01-11T05:24:57.474Z",
    "modified": "2016-01-11T05:24:57.475Z",
    "address": "Rua Georgina S\u00e1 Leite Orcessi, 1851",
    "complement": null,
    "district": "Santo Amaro",
    "city": "S\u00e3o Paulo",
    "uf": "SP",
    "cep": "02616720",
    "gender": "F",
    "treatment": "srta",
    "company": "Plan",
    "department": "Ger\u00eancia",
    "phone1": "(11) 5872-4814",
    "phone2": "(11) 0911-8736",
    "phone3": null,
    "cpf": "52168942960",
    "rg": "742367358",
    "active": true,
    "blocked": false,
    "user": 7,
    "occupation": 6,
    "date_entry": "2015-09-02T19:20:50.544Z",
    "date_release": null
  }
},
{
  "model": "core.employee",
  "pk": 7,
  "fields": {
    "created": "2016-01-11T05:24:58.296Z",
    "modified": "2016-01-11T05:24:58.296Z",
    "address": "Rua Vinte e Oito, 1491",
    "complement": null,
    "district": "Filipinas",
    "city": "S\u00e3o Paulo",
    "uf": "SP",
    "cep": "01327465",
    "gender": "F",
    "treatment": "srta",
    "company": "Plan",
    "department": "Arquitetura",
    "phone1": "(11) 6297-4741",
    "phone2": "(11) 8955-2228",
    "phone3": "(11) 8369-8870",
    "cpf": "27663116303",
    "rg": "188830743",
    "active": true,
    "blocked": false,
    "user": 8,
    "occupation": 1,
    "date_entry": "2015-12-26T22:35:56.660Z",
    "date_release": null
  }
},
{
  "model": "core.employee",
  "pk": 8,
  "fields": {
    "created": "2016-01-11T05:24:58.954Z",
    "modified": "2016-01-11T05:24:58.954Z",
    "address": "Pra\u00e7a Otaviano de Paulo, 89",
    "complement": "Apto 44",
    "district": "Pomp\u00e9ia",
    "city": "S\u00e3o Paulo",
    "uf": "SP",
    "cep": "01727389",
    "gender": "M",
    "treatment": "",
    "company": "RG Solutions",
    "department": "TI",
    "phone1": "(11) 4470-4335",
    "phone2": "(11) 7137-0769",
    "phone3": null,
    "cpf": "15895419181",
    "rg": "305467840",
    "active": true,
    "blocked": false,
    "user": 9,
    "occupation": 5,
    "date_entry": "2015-06-07T00:32:48.285Z",
    "date_release": null
  }
},
{
  "model": "core.employee",
  "pk": 9,
  "fields": {
    "created": "2016-01-11T05:24:59.874Z",
    "modified": "2016-01-11T05:24:59.874Z",
    "address": "Rua Jaqueira, 460",
    "complement": null,
    "district": "Santo Antonio",
    "city": "Aparecida de Goi\u00e2nia",
    "uf": "GO",
    "cep": "10282900",
    "gender": "M",
    "treatment": "",
    "company": "RG Solutions",
    "department": "TI",
    "phone1": "(11) 9002-9415",
    "phone2": "(11) 0444-0210",
    "phone3": null,
    "cpf": "41895976210",
    "rg": "535121673",
    "active": true,
    "blocked": false,
    "user": 10,
    "occupation": 6,
    "date_entry": "2015-06-07T00:32:48.285Z",
    "date_release": null
  }
},
{
  "model": "admin.logentry",
  "pk": 1,
  "fields": {
    "action_time": "2016-01-11T05:33:05.849Z",
    "user": 1,
    "content_type": 14,
    "object_id": "15",
    "object_repr": "Boavista Shopping",
    "action_flag": 3,
    "change_message": ""
  }
},
{
  "model": "admin.logentry",
  "pk": 2,
  "fields": {
    "action_time": "2016-01-11T05:33:06.224Z",
    "user": 1,
    "content_type": 14,
    "object_id": "16",
    "object_repr": "Brascan Century Open Mall",
    "action_flag": 3,
    "change_message": ""
  }
},
{
  "model": "admin.logentry",
  "pk": 3,
  "fields": {
    "action_time": "2016-01-11T05:33:06.346Z",
    "user": 1,
    "content_type": 14,
    "object_id": "6",
    "object_repr": "Casa Ferraz",
    "action_flag": 3,
    "change_message": ""
  }
},
{
  "model": "admin.logentry",
  "pk": 4,
  "fields": {
    "action_time": "2016-01-11T05:33:06.501Z",
    "user": 1,
    "content_type": 14,
    "object_id": "17",
    "object_repr": "Central Plaza Shopping",
    "action_flag": 3,
    "change_message": ""
  }
},
{
  "model": "admin.logentry",
  "pk": 5,
  "fields": {
    "action_time": "2016-01-11T05:33:06.647Z",
    "user": 1,
    "content_type": 14,
    "object_id": "19",
    "object_repr": "Continental Shopping Center",
    "action_flag": 3,
    "change_message": ""
  }
},
{
  "model": "admin.logentry",
  "pk": 6,
  "fields": {
    "action_time": "2016-01-11T05:33:06.781Z",
    "user": 1,
    "content_type": 14,
    "object_id": "12",
    "object_repr": "Ed. 23 de Maio",
    "action_flag": 3,
    "change_message": ""
  }
},
{
  "model": "admin.logentry",
  "pk": 7,
  "fields": {
    "action_time": "2016-01-11T05:33:06.936Z",
    "user": 1,
    "content_type": 14,
    "object_id": "2",
    "object_repr": "Ed. Boulevard",
    "action_flag": 3,
    "change_message": ""
  }
},
{
  "model": "admin.logentry",
  "pk": 8,
  "fields": {
    "action_time": "2016-01-11T05:33:07.080Z",
    "user": 1,
    "content_type": 14,
    "object_id": "9",
    "object_repr": "Ed. Faria Lima",
    "action_flag": 3,
    "change_message": ""
  }
},
{
  "model": "admin.logentry",
  "pk": 9,
  "fields": {
    "action_time": "2016-01-11T05:33:07.247Z",
    "user": 1,
    "content_type": 14,
    "object_id": "10",
    "object_repr": "Ed. Hor\u00e1cio Lafer",
    "action_flag": 3,
    "change_message": ""
  }
},
{
  "model": "admin.logentry",
  "pk": 10,
  "fields": {
    "action_time": "2016-01-11T05:33:07.391Z",
    "user": 1,
    "content_type": 14,
    "object_id": "7",
    "object_repr": "Ed. Leopoldo",
    "action_flag": 3,
    "change_message": ""
  }
},
{
  "model": "admin.logentry",
  "pk": 11,
  "fields": {
    "action_time": "2016-01-11T05:33:07.546Z",
    "user": 1,
    "content_type": 14,
    "object_id": "3",
    "object_repr": "Ed. Levantina",
    "action_flag": 3,
    "change_message": ""
  }
},
{
  "model": "admin.logentry",
  "pk": 12,
  "fields": {
    "action_time": "2016-01-11T05:33:07.757Z",
    "user": 1,
    "content_type": 14,
    "object_id": "4",
    "object_repr": "Ed. Morizono",
    "action_flag": 3,
    "change_message": ""
  }
},
{
  "model": "admin.logentry",
  "pk": 13,
  "fields": {
    "action_time": "2016-01-11T05:33:07.946Z",
    "user": 1,
    "content_type": 14,
    "object_id": "13",
    "object_repr": "Ed. Santo Augusto",
    "action_flag": 3,
    "change_message": ""
  }
},
{
  "model": "admin.logentry",
  "pk": 14,
  "fields": {
    "action_time": "2016-01-11T05:33:08.090Z",
    "user": 1,
    "content_type": 14,
    "object_id": "11",
    "object_repr": "Ed. Spraiada",
    "action_flag": 3,
    "change_message": ""
  }
},
{
  "model": "admin.logentry",
  "pk": 15,
  "fields": {
    "action_time": "2016-01-11T05:33:08.245Z",
    "user": 1,
    "content_type": 14,
    "object_id": "14",
    "object_repr": "Infinity",
    "action_flag": 3,
    "change_message": ""
  }
},
{
  "model": "admin.logentry",
  "pk": 16,
  "fields": {
    "action_time": "2016-01-11T05:33:08.368Z",
    "user": 1,
    "content_type": 14,
    "object_id": "20",
    "object_repr": "Morumbi Shopping",
    "action_flag": 3,
    "change_message": ""
  }
},
{
  "model": "admin.logentry",
  "pk": 17,
  "fields": {
    "action_time": "2016-01-11T05:33:08.512Z",
    "user": 1,
    "content_type": 14,
    "object_id": "1",
    "object_repr": "New Parker",
    "action_flag": 3,
    "change_message": ""
  }
},
{
  "model": "admin.logentry",
  "pk": 18,
  "fields": {
    "action_time": "2016-01-11T05:33:08.667Z",
    "user": 1,
    "content_type": 14,
    "object_id": "21",
    "object_repr": "Raposo Shopping",
    "action_flag": 3,
    "change_message": ""
  }
},
{
  "model": "admin.logentry",
  "pk": 19,
  "fields": {
    "action_time": "2016-01-11T05:33:08.869Z",
    "user": 1,
    "content_type": 14,
    "object_id": "8",
    "object_repr": "SP Loft IV",
    "action_flag": 3,
    "change_message": ""
  }
},
{
  "model": "admin.logentry",
  "pk": 20,
  "fields": {
    "action_time": "2016-01-11T05:33:09.124Z",
    "user": 1,
    "content_type": 14,
    "object_id": "22",
    "object_repr": "Santana Parque Shopping",
    "action_flag": 3,
    "change_message": ""
  }
},
{
  "model": "admin.logentry",
  "pk": 21,
  "fields": {
    "action_time": "2016-01-11T05:33:09.268Z",
    "user": 1,
    "content_type": 14,
    "object_id": "23",
    "object_repr": "Shopping Analia Franco",
    "action_flag": 3,
    "change_message": ""
  }
},
{
  "model": "admin.logentry",
  "pk": 22,
  "fields": {
    "action_time": "2016-01-11T05:33:09.402Z",
    "user": 1,
    "content_type": 14,
    "object_id": "24",
    "object_repr": "Shopping Butant\u00e3",
    "action_flag": 3,
    "change_message": ""
  }
},
{
  "model": "admin.logentry",
  "pk": 23,
  "fields": {
    "action_time": "2016-01-11T05:33:09.557Z",
    "user": 1,
    "content_type": 14,
    "object_id": "25",
    "object_repr": "Shopping Eldorado",
    "action_flag": 3,
    "change_message": ""
  }
},
{
  "model": "admin.logentry",
  "pk": 24,
  "fields": {
    "action_time": "2016-01-11T05:33:09.690Z",
    "user": 1,
    "content_type": 14,
    "object_id": "26",
    "object_repr": "Shopping Frei Caneca",
    "action_flag": 3,
    "change_message": ""
  }
},
{
  "model": "admin.logentry",
  "pk": 25,
  "fields": {
    "action_time": "2016-01-11T05:33:09.835Z",
    "user": 1,
    "content_type": 14,
    "object_id": "27",
    "object_repr": "Shopping Ibirapuera",
    "action_flag": 3,
    "change_message": ""
  }
},
{
  "model": "admin.logentry",
  "pk": 26,
  "fields": {
    "action_time": "2016-01-11T05:33:09.990Z",
    "user": 1,
    "content_type": 14,
    "object_id": "18",
    "object_repr": "Shopping Interlagos",
    "action_flag": 3,
    "change_message": ""
  }
},
{
  "model": "admin.logentry",
  "pk": 27,
  "fields": {
    "action_time": "2016-01-11T05:33:10.123Z",
    "user": 1,
    "content_type": 14,
    "object_id": "29",
    "object_repr": "Shopping JK Iguatemi",
    "action_flag": 3,
    "change_message": ""
  }
},
{
  "model": "admin.logentry",
  "pk": 28,
  "fields": {
    "action_time": "2016-01-11T05:33:10.256Z",
    "user": 1,
    "content_type": 14,
    "object_id": "28",
    "object_repr": "Shopping Jardim Sul",
    "action_flag": 3,
    "change_message": ""
  }
},
{
  "model": "admin.logentry",
  "pk": 29,
  "fields": {
    "action_time": "2016-01-11T05:33:10.412Z",
    "user": 1,
    "content_type": 14,
    "object_id": "30",
    "object_repr": "Shopping Metro Boulevard Tatuape",
    "action_flag": 3,
    "change_message": ""
  }
},
{
  "model": "admin.logentry",
  "pk": 30,
  "fields": {
    "action_time": "2016-01-11T05:33:10.567Z",
    "user": 1,
    "content_type": 14,
    "object_id": "31",
    "object_repr": "Shopping Metr\u00f4 Itaquera",
    "action_flag": 3,
    "change_message": ""
  }
},
{
  "model": "admin.logentry",
  "pk": 31,
  "fields": {
    "action_time": "2016-01-11T05:33:10.723Z",
    "user": 1,
    "content_type": 14,
    "object_id": "32",
    "object_repr": "Shopping Metr\u00f4 Tatuape",
    "action_flag": 3,
    "change_message": ""
  }
},
{
  "model": "admin.logentry",
  "pk": 32,
  "fields": {
    "action_time": "2016-01-11T05:33:10.928Z",
    "user": 1,
    "content_type": 14,
    "object_id": "33",
    "object_repr": "Shopping Metr\u00f4 Tucuruvi",
    "action_flag": 3,
    "change_message": ""
  }
},
{
  "model": "admin.logentry",
  "pk": 33,
  "fields": {
    "action_time": "2016-01-11T05:33:11.158Z",
    "user": 1,
    "content_type": 14,
    "object_id": "36",
    "object_repr": "Shopping Plaza Sul",
    "action_flag": 3,
    "change_message": ""
  }
},
{
  "model": "admin.logentry",
  "pk": 34,
  "fields": {
    "action_time": "2016-01-11T05:33:11.280Z",
    "user": 1,
    "content_type": 14,
    "object_id": "34",
    "object_repr": "Shopping P\u00e1tio Higien\u00f3polis",
    "action_flag": 3,
    "change_message": ""
  }
},
{
  "model": "admin.logentry",
  "pk": 35,
  "fields": {
    "action_time": "2016-01-11T05:33:11.435Z",
    "user": 1,
    "content_type": 14,
    "object_id": "35",
    "object_repr": "Shopping P\u00e1tio Paulista",
    "action_flag": 3,
    "change_message": ""
  }
},
{
  "model": "admin.logentry",
  "pk": 36,
  "fields": {
    "action_time": "2016-01-11T05:33:11.557Z",
    "user": 1,
    "content_type": 14,
    "object_id": "37",
    "object_repr": "Shopping Sp Market",
    "action_flag": 3,
    "change_message": ""
  }
},
{
  "model": "admin.logentry",
  "pk": 37,
  "fields": {
    "action_time": "2016-01-11T05:33:11.691Z",
    "user": 1,
    "content_type": 14,
    "object_id": "38",
    "object_repr": "Shopping Vila Ol\u00edmpia",
    "action_flag": 3,
    "change_message": ""
  }
},
{
  "model": "admin.logentry",
  "pk": 38,
  "fields": {
    "action_time": "2016-01-11T05:33:11.824Z",
    "user": 1,
    "content_type": 14,
    "object_id": "39",
    "object_repr": "Shopping Villa - lobos",
    "action_flag": 3,
    "change_message": ""
  }
},
{
  "model": "admin.logentry",
  "pk": 39,
  "fields": {
    "action_time": "2016-01-11T05:33:11.957Z",
    "user": 1,
    "content_type": 14,
    "object_id": "5",
    "object_repr": "Tiree Itaim",
    "action_flag": 3,
    "change_message": ""
  }
},
{
  "model": "admin.logentry",
  "pk": 40,
  "fields": {
    "action_time": "2016-01-11T05:33:12.091Z",
    "user": 1,
    "content_type": 14,
    "object_id": "40",
    "object_repr": "West Plaza Shopping",
    "action_flag": 3,
    "change_message": ""
  }
}
]
