[
{
  "pk": 1,
  "model": "contenttypes.contenttype",
  "fields": {
    "app_label": "admin",
    "model": "logentry"
  }
},
{
  "pk": 2,
  "model": "contenttypes.contenttype",
  "fields": {
    "app_label": "auth",
    "model": "permission"
  }
},
{
  "pk": 3,
  "model": "contenttypes.contenttype",
  "fields": {
    "app_label": "auth",
    "model": "group"
  }
},
{
  "pk": 4,
  "model": "contenttypes.contenttype",
  "fields": {
    "app_label": "auth",
    "model": "user"
  }
},
{
  "pk": 5,
  "model": "contenttypes.contenttype",
  "fields": {
    "app_label": "contenttypes",
    "model": "contenttype"
  }
},
{
  "pk": 6,
  "model": "contenttypes.contenttype",
  "fields": {
    "app_label": "sessions",
    "model": "session"
  }
},
{
  "pk": 7,
  "model": "contenttypes.contenttype",
  "fields": {
    "app_label": "core",
    "model": "person"
  }
},
{
  "pk": 8,
  "model": "contenttypes.contenttype",
  "fields": {
    "app_label": "core",
    "model": "customer"
  }
},
{
  "pk": 9,
  "model": "contenttypes.contenttype",
  "fields": {
    "app_label": "core",
    "model": "employee"
  }
},
{
  "pk": 10,
  "model": "contenttypes.contenttype",
  "fields": {
    "app_label": "core",
    "model": "occupation"
  }
},
{
  "pk": 11,
  "model": "contenttypes.contenttype",
  "fields": {
    "app_label": "core",
    "model": "seller"
  }
},
{
  "pk": 12,
  "model": "contenttypes.contenttype",
  "fields": {
    "app_label": "core",
    "model": "entry"
  }
},
{
  "pk": 13,
  "model": "contenttypes.contenttype",
  "fields": {
    "app_label": "core",
    "model": "category"
  }
},
{
  "pk": 14,
  "model": "contenttypes.contenttype",
  "fields": {
    "app_label": "core",
    "model": "work"
  }
},
{
  "pk": 15,
  "model": "contenttypes.contenttype",
  "fields": {
    "app_label": "core",
    "model": "proposal"
  }
},
{
  "pk": 16,
  "model": "contenttypes.contenttype",
  "fields": {
    "app_label": "core",
    "model": "contract"
  }
},
{
  "pk": 17,
  "model": "contenttypes.contenttype",
  "fields": {
    "app_label": "core",
    "model": "numlastproposal"
  }
},
{
  "pk": 1,
  "model": "core.person",
  "fields": {
    "company": "RG Solutions",
    "city": "S\u00e3o Paulo",
    "cep": "01020000",
    "created": "2015-07-31T17:55:35.259Z",
    "email": "regis@example.com",
    "last_name": "da Silva",
    "modified": "2015-07-31T17:55:35.259Z",
    "department": "Or\u00e7amentos",
    "treatment": "sr",
    "rg": "40373800",
    "district": "Cerqueira C\u00e9sar",
    "phone2": "11 7543-2102",
    "gender": "M",
    "first_name": "Regis",
    "complement": "Apto 303",
    "occupation": 1,
    "phone3": "11 7543-2103",
    "uf": "SP",
    "active": true,
    "address": "Avenida Paulista, 1320",
    "cpf": "11122233396",
    "blocked": false,
    "phone1": "11 7543-2101"
  }
},
{
  "pk": 2,
  "model": "core.person",
  "fields": {
    "company": "RG Solutions",
    "city": "Goi\u00e1s",
    "cep": "01020000",
    "created": "2015-07-31T17:55:35.385Z",
    "email": "dhelbegors@example.com",
    "last_name": "do Nascimento",
    "modified": "2015-07-31T17:55:35.386Z",
    "department": "Developer",
    "treatment": "sr",
    "rg": "50373801",
    "district": "Ribeirinho",
    "phone2": "50 7543-2102",
    "gender": "M",
    "first_name": "Adailton",
    "complement": "casa 1",
    "occupation": 4,
    "phone3": "50 7543-2103",
    "uf": "GO",
    "active": true,
    "address": "Rua Rafael Barbosa",
    "cpf": "45877531140",
    "blocked": false,
    "phone1": "50 7543-2101"
  }
},
{
  "pk": 3,
  "model": "core.person",
  "fields": {
    "company": "RG Solutions",
    "city": "S\u00e3o Paulo",
    "cep": "03323-040",
    "created": "2015-07-31T17:55:35.644Z",
    "email": "m.vaux@example.com",
    "last_name": "Vaux",
    "modified": "2015-07-31T17:55:35.644Z",
    "department": null,
    "treatment": "ea",
    "rg": "305084516",
    "district": "Tatuap\u00e9",
    "phone2": "55 0319-3704",
    "gender": "F",
    "first_name": "Mary",
    "complement": null,
    "occupation": 1,
    "phone3": "92 5424-2039",
    "uf": "SP",
    "active": true,
    "address": "Rua Coelho Lisboa, 574",
    "cpf": "75559858159",
    "blocked": false,
    "phone1": "34 0316-7605"
  }
},
{
  "pk": 4,
  "model": "core.person",
  "fields": {
    "company": "ILM",
    "city": "S\u00e3o Paulo",
    "cep": "04062-000",
    "created": "2015-07-31T17:55:35.758Z",
    "email": "h.taylor@example.com",
    "last_name": "Taylor",
    "modified": "2015-07-31T17:55:35.758Z",
    "department": null,
    "treatment": "p",
    "rg": "903538849",
    "district": "Indian\u00f3polis",
    "phone2": "69 2684-7185",
    "gender": "M",
    "first_name": "Henry",
    "complement": null,
    "occupation": 1,
    "phone3": "65 6146-2460",
    "uf": "SP",
    "active": true,
    "address": "Av. Indian\u00f3polis, 100",
    "cpf": "02143480912",
    "blocked": false,
    "phone1": "76 1402-0696"
  }
},
{
  "pk": 5,
  "model": "core.person",
  "fields": {
    "company": "Gringotes",
    "city": "S\u00e3o Paulo",
    "cep": "01155-000",
    "created": "2015-07-31T17:55:35.873Z",
    "email": "d.gross@example.com",
    "last_name": "Gross",
    "modified": "2015-07-31T17:55:35.873Z",
    "department": null,
    "treatment": "sr",
    "rg": "767992371",
    "district": "Barra Funda",
    "phone2": "29 8497-4096",
    "gender": "M",
    "first_name": "Dean",
    "complement": null,
    "occupation": 1,
    "phone3": "90 6087-2312",
    "uf": "SP",
    "active": true,
    "address": "Av. Pacaemb\u00fa, 380",
    "cpf": "61223262703",
    "blocked": false,
    "phone1": "15 9138-3626"
  }
},
{
  "pk": 6,
  "model": "core.person",
  "fields": {
    "company": "Gringotes",
    "city": "S\u00e3o Paulo",
    "cep": "00568-602",
    "created": "2015-07-31T17:55:35.982Z",
    "email": "j.jordan@example.com",
    "last_name": "Jordan",
    "modified": "2015-07-31T17:55:35.982Z",
    "department": null,
    "treatment": "pa",
    "rg": "302389218",
    "district": "Morumbi",
    "phone2": "38 7628-4576",
    "gender": "F",
    "first_name": "Jennifer",
    "complement": null,
    "occupation": 1,
    "phone3": "36 6870-0071",
    "uf": "SP",
    "active": true,
    "address": "Av. Ulisses Reis de Matos, 100",
    "cpf": "09794614083",
    "blocked": false,
    "phone1": "40 3036-2409"
  }
},
{
  "pk": 7,
  "model": "core.person",
  "fields": {
    "company": "Cyberdyne",
    "city": "S\u00e3o Paulo",
    "cep": "04074-030",
    "created": "2015-07-31T17:55:36.099Z",
    "email": "l.rios@example.com",
    "last_name": "Rios",
    "modified": "2015-07-31T17:55:36.099Z",
    "department": null,
    "treatment": "ea",
    "rg": "590354665",
    "district": "Moema",
    "phone2": "96 3005-1964",
    "gender": "F",
    "first_name": "Leticia",
    "complement": null,
    "occupation": 1,
    "phone3": "86 4230-3185",
    "uf": "SP",
    "active": true,
    "address": "Av. Moreira Guimar\u00e3es, 367",
    "cpf": "06380631673",
    "blocked": false,
    "phone1": "43 3353-2710"
  }
},
{
  "pk": 8,
  "model": "core.person",
  "fields": {
    "company": "Tabajara",
    "city": "S\u00e3o Paulo",
    "cep": "04127-001",
    "created": "2015-07-31T17:55:36.235Z",
    "email": "s.bracey@example.com",
    "last_name": "Bracey",
    "modified": "2015-07-31T17:55:36.235Z",
    "department": null,
    "treatment": "p",
    "rg": "686131686",
    "district": "Vila Mariana",
    "phone2": "10 7409-6212",
    "gender": "M",
    "first_name": "Salvador",
    "complement": null,
    "occupation": 1,
    "phone3": "21 8709-2823",
    "uf": "SP",
    "active": true,
    "address": "Rua Padre Machado, 68",
    "cpf": "44321443263",
    "blocked": false,
    "phone1": "50 9566-1358"
  }
},
{
  "pk": 9,
  "model": "core.person",
  "fields": {
    "company": "Tabajara",
    "city": "S\u00e3o Paulo",
    "cep": "05835-005",
    "created": "2015-07-31T17:55:36.385Z",
    "email": "j.hunt@example.com",
    "last_name": "Hunt",
    "modified": "2015-07-31T17:55:36.385Z",
    "department": null,
    "treatment": "a",
    "rg": "038069895",
    "district": "Centro",
    "phone2": "00 8370-4200",
    "gender": "M",
    "first_name": "John",
    "complement": null,
    "occupation": 1,
    "phone3": "77 0271-3740",
    "uf": "SP",
    "active": true,
    "address": "Est Itapecerica, 2925",
    "cpf": "45184411839",
    "blocked": false,
    "phone1": "09 9586-0514"
  }
},
{
  "pk": 10,
  "model": "core.person",
  "fields": {
    "company": "Oscorp",
    "city": "S\u00e3o Paulo",
    "cep": "04008-090",
    "created": "2015-07-31T17:55:36.497Z",
    "email": "i.williams@example.com",
    "last_name": "Williams",
    "modified": "2015-07-31T17:55:36.497Z",
    "department": null,
    "treatment": "ea",
    "rg": "530897542",
    "district": "Vila Mariana",
    "phone2": "43 0266-0973",
    "gender": "F",
    "first_name": "Irma",
    "complement": null,
    "occupation": 1,
    "phone3": "61 9367-2038",
    "uf": "SP",
    "active": true,
    "address": "Av 23 de Maio, 3041",
    "cpf": "27910572976",
    "blocked": false,
    "phone1": "01 5797-6289"
  }
},
{
  "pk": 11,
  "model": "core.person",
  "fields": {
    "company": "RG Solutions",
    "city": "S\u00e3o Paulo",
    "cep": "01438-001",
    "created": "2015-07-31T17:55:36.608Z",
    "email": "j.oliver@example.com",
    "last_name": "Oliver",
    "modified": "2015-07-31T17:55:36.608Z",
    "department": null,
    "treatment": "a",
    "rg": "650521828",
    "district": "Jardim Am\u00e9rica",
    "phone2": "47 0463-1910",
    "gender": "M",
    "first_name": "Jason",
    "complement": null,
    "occupation": 1,
    "phone3": "24 3185-0883",
    "uf": "SP",
    "active": true,
    "address": "Rua Col\u00f4mbia, 810",
    "cpf": "78492530285",
    "blocked": false,
    "phone1": "87 6815-5614"
  }
},
{
  "pk": 12,
  "model": "core.person",
  "fields": {
    "company": "RG Solutions",
    "city": "S\u00e3o Paulo",
    "cep": "05420-002",
    "created": "2015-07-31T17:55:36.730Z",
    "email": "m.powell@example.com",
    "last_name": "Powell",
    "modified": "2015-07-31T17:55:36.730Z",
    "department": null,
    "treatment": "ea",
    "rg": "039554036",
    "district": "Pinheiros",
    "phone2": "63 6211-8616",
    "gender": "F",
    "first_name": "Maggie",
    "complement": null,
    "occupation": 1,
    "phone3": "38 1155-7401",
    "uf": "SP",
    "active": true,
    "address": "Av Pedroso de Morais, 1552",
    "cpf": "79784789185",
    "blocked": false,
    "phone1": "46 7963-5400"
  }
},
{
  "pk": 13,
  "model": "core.person",
  "fields": {
    "company": "Gringotes",
    "city": "S\u00e3o Paulo",
    "cep": "04553-010",
    "created": "2015-07-31T17:55:36.847Z",
    "email": "m.granados@example.com",
    "last_name": "Granados",
    "modified": "2015-07-31T17:55:36.848Z",
    "department": null,
    "treatment": "sr",
    "rg": "592434713",
    "district": "Vila Ol\u00edmpia",
    "phone2": "70 0553-1070",
    "gender": "M",
    "first_name": "Matthew",
    "complement": null,
    "occupation": 1,
    "phone3": "17 7676-7816",
    "uf": "SP",
    "active": true,
    "address": "Av dos Bandeirantes, 1729",
    "cpf": "05120796094",
    "blocked": false,
    "phone1": "04 7542-9550"
  }
},
{
  "pk": 14,
  "model": "core.person",
  "fields": {
    "company": "Cyberdyne",
    "city": "S\u00e3o Paulo",
    "cep": "03658-000",
    "created": "2015-07-31T17:55:36.975Z",
    "email": "d.jimenez@example.com",
    "last_name": "Jimenez",
    "modified": "2015-07-31T17:55:36.975Z",
    "department": null,
    "treatment": "d",
    "rg": "851527940",
    "district": "Vila R\u00e9",
    "phone2": "92 3860-0739",
    "gender": "F",
    "first_name": "Dorthy",
    "complement": null,
    "occupation": 1,
    "phone3": "29 9034-8381",
    "uf": "SP",
    "active": true,
    "address": "Rua Itingu\u00e7u, 1288",
    "cpf": "56756356799",
    "blocked": false,
    "phone1": "75 3811-1947"
  }
},
{
  "pk": 15,
  "model": "core.person",
  "fields": {
    "company": "Wonka",
    "city": "S\u00e3o Paulo",
    "cep": "04703-000",
    "created": "2015-07-31T17:55:37.128Z",
    "email": "b.stanger@example.com",
    "last_name": "Stanger",
    "modified": "2015-07-31T17:55:37.128Z",
    "department": null,
    "treatment": "sr",
    "rg": "083966580",
    "district": "Santo Amaro",
    "phone2": "29 5664-8715",
    "gender": "M",
    "first_name": "Bryan",
    "complement": null,
    "occupation": 1,
    "phone3": "91 8170-9576",
    "uf": "SP",
    "active": true,
    "address": "Av Morumbi, 7600",
    "cpf": "23083844004",
    "blocked": false,
    "phone1": "10 8216-1236"
  }
},
{
  "pk": 16,
  "model": "core.person",
  "fields": {
    "company": "Gringotes",
    "city": "S\u00e3o Paulo",
    "cep": "05650-002",
    "created": "2015-07-31T17:55:37.241Z",
    "email": "j.ward@example.com",
    "last_name": "Ward",
    "modified": "2015-07-31T17:55:37.241Z",
    "department": null,
    "treatment": "dr",
    "rg": "374492337",
    "district": "Morumbi",
    "phone2": "88 0489-6516",
    "gender": "M",
    "first_name": "Jonathan",
    "complement": null,
    "occupation": 1,
    "phone3": "58 5408-6940",
    "uf": "SP",
    "active": true,
    "address": "Av Morumbi, 6989",
    "cpf": "10402582160",
    "blocked": false,
    "phone1": "83 6854-6052"
  }
},
{
  "pk": 17,
  "model": "core.person",
  "fields": {
    "company": "Wayne",
    "city": "S\u00e3o Paulo",
    "cep": "05512-200",
    "created": "2015-07-31T17:55:37.361Z",
    "email": "d.himes@example.com",
    "last_name": "Himes",
    "modified": "2015-07-31T17:55:37.361Z",
    "department": null,
    "treatment": "srta",
    "rg": "822945477",
    "district": "Butant\u00e3",
    "phone2": "88 6929-9987",
    "gender": "F",
    "first_name": "Diane",
    "complement": null,
    "occupation": 1,
    "phone3": "75 5141-3225",
    "uf": "SP",
    "active": true,
    "address": "Av Prof Francisco Morato, 1706",
    "cpf": "02362072996",
    "blocked": false,
    "phone1": "00 6708-4815"
  }
},
{
  "pk": 18,
  "model": "core.person",
  "fields": {
    "company": "Ghostbusters",
    "city": "S\u00e3o Paulo",
    "cep": "05651-002",
    "created": "2015-07-31T17:55:37.487Z",
    "email": "l.aguilar@example.com",
    "last_name": "Aguilar",
    "modified": "2015-07-31T17:55:37.488Z",
    "department": null,
    "treatment": "d",
    "rg": "436742271",
    "district": "Morumbi",
    "phone2": "54 1150-1356",
    "gender": "F",
    "first_name": "Leslie",
    "complement": null,
    "occupation": 1,
    "phone3": "69 6616-5163",
    "uf": "SP",
    "active": true,
    "address": "Av Giovanni Gronchi, 2911",
    "cpf": "32761402115",
    "blocked": false,
    "phone1": "33 5039-0389"
  }
},
{
  "pk": 19,
  "model": "core.person",
  "fields": {
    "company": "RG Solutions",
    "city": "S\u00e3o Paulo",
    "cep": "01449-000",
    "created": "2015-07-31T17:55:37.612Z",
    "email": "k.batt@example.com",
    "last_name": "Batt",
    "modified": "2015-07-31T17:55:37.612Z",
    "department": null,
    "treatment": "aa",
    "rg": "749047647",
    "district": "Jardim Europa",
    "phone2": "22 1848-0679",
    "gender": "F",
    "first_name": "Kathy",
    "complement": null,
    "occupation": 1,
    "phone3": "45 5919-9451",
    "uf": "SP",
    "active": true,
    "address": "Av Europa, 725",
    "cpf": "16216941352",
    "blocked": false,
    "phone1": "94 7681-8236"
  }
},
{
  "pk": 20,
  "model": "core.person",
  "fields": {
    "company": "Oscorp",
    "city": "S\u00e3o Paulo",
    "cep": "01438-001",
    "created": "2015-07-31T17:55:37.735Z",
    "email": "e.free@example.com",
    "last_name": "Free",
    "modified": "2015-07-31T17:55:37.735Z",
    "department": null,
    "treatment": "d",
    "rg": "379942069",
    "district": "Jardim Am\u00e9rica",
    "phone2": "88 1509-1745",
    "gender": "F",
    "first_name": "Elsie",
    "complement": null,
    "occupation": 1,
    "phone3": "70 4961-5561",
    "uf": "SP",
    "active": true,
    "address": "Rua Col\u00f4mbia, 659",
    "cpf": "51415583026",
    "blocked": false,
    "phone1": "30 2379-2280"
  }
},
{
  "pk": 21,
  "model": "core.person",
  "fields": {
    "company": "Cyberdyne",
    "city": "S\u00e3o Paulo",
    "cep": "04636-000",
    "created": "2015-07-31T17:55:37.857Z",
    "email": "a.cohn@example.com",
    "last_name": "Cohn",
    "modified": "2015-07-31T17:55:37.857Z",
    "department": null,
    "treatment": "p",
    "rg": "399524394",
    "district": "Jardim Petr\u00f3polis",
    "phone2": "50 2890-4475",
    "gender": "M",
    "first_name": "Anthony",
    "complement": null,
    "occupation": 1,
    "phone3": "45 5676-7361",
    "uf": "SP",
    "active": true,
    "address": "Av Prof Vicente R\u00e1o, 915",
    "cpf": "94743900757",
    "blocked": false,
    "phone1": "88 5276-5987"
  }
},
{
  "pk": 22,
  "model": "core.person",
  "fields": {
    "company": "Tivit",
    "city": "S\u00e3o Paulo",
    "cep": "02511-000",
    "created": "2015-07-31T17:55:37.987Z",
    "email": "c.durham@example.com",
    "last_name": "Durham",
    "modified": "2015-07-31T17:55:37.987Z",
    "department": null,
    "treatment": "e",
    "rg": "225221917",
    "district": "Casa Verde",
    "phone2": "00 2394-7174",
    "gender": "M",
    "first_name": "Clarence",
    "complement": null,
    "occupation": 1,
    "phone3": "26 0374-3276",
    "uf": "SP",
    "active": true,
    "address": "Av Braz Leme, 268",
    "cpf": "02470903357",
    "blocked": false,
    "phone1": "45 6942-4977"
  }
},
{
  "pk": 23,
  "model": "core.person",
  "fields": {
    "company": "Wonka",
    "city": "S\u00e3o Paulo",
    "cep": "04547-001",
    "created": "2015-07-31T17:55:38.098Z",
    "email": "b.watson@example.com",
    "last_name": "Watson",
    "modified": "2015-07-31T17:55:38.099Z",
    "department": null,
    "treatment": "p",
    "rg": "385877288",
    "district": "Vila Ol\u00edmpia",
    "phone2": "24 8392-7239",
    "gender": "M",
    "first_name": "Bobby",
    "complement": null,
    "occupation": 1,
    "phone3": "19 9189-5152",
    "uf": "SP",
    "active": true,
    "address": "Rua Gomes de Carvalho, 421",
    "cpf": "55377195244",
    "blocked": false,
    "phone1": "07 6141-9423"
  }
},
{
  "pk": 24,
  "model": "core.person",
  "fields": {
    "company": "Cyberdyne",
    "city": "S\u00e3o Paulo",
    "cep": "04660-001",
    "created": "2015-07-31T17:55:38.304Z",
    "email": "d.cassada@example.com",
    "last_name": "Cassada",
    "modified": "2015-07-31T17:55:38.304Z",
    "department": null,
    "treatment": "dr",
    "rg": "610516606",
    "district": "Jardim Marajoara",
    "phone2": "87 7450-7872",
    "gender": "M",
    "first_name": "David",
    "complement": null,
    "occupation": 1,
    "phone3": "37 0891-7262",
    "uf": "SP",
    "active": true,
    "address": "Av Interlagos, 1550",
    "cpf": "28587182555",
    "blocked": false,
    "phone1": "38 6029-8270"
  }
},
{
  "pk": 25,
  "model": "core.person",
  "fields": {
    "company": "Wayne",
    "city": "S\u00e3o Paulo",
    "cep": "05686-020",
    "created": "2015-07-31T17:55:38.420Z",
    "email": "r.pena@example.com",
    "last_name": "Pena",
    "modified": "2015-07-31T17:55:38.420Z",
    "department": null,
    "treatment": "p",
    "rg": "019340924",
    "district": "Real Parque",
    "phone2": "82 2154-3830",
    "gender": "M",
    "first_name": "Robert",
    "complement": null,
    "occupation": 1,
    "phone3": "47 5865-2191",
    "uf": "SP",
    "active": true,
    "address": "Rua Ulysses Reis de Mattos, 100",
    "cpf": "07526057587",
    "blocked": false,
    "phone1": "80 0019-7206"
  }
},
{
  "pk": 26,
  "model": "core.person",
  "fields": {
    "company": "Ghostbusters",
    "city": "S\u00e3o Paulo",
    "cep": "04795-100",
    "created": "2015-07-31T17:55:38.616Z",
    "email": "j.terepka@example.com",
    "last_name": "Terepka",
    "modified": "2015-07-31T17:55:38.616Z",
    "department": null,
    "treatment": "p",
    "rg": "629465986",
    "district": "Vila Almeida",
    "phone2": "24 5280-1621",
    "gender": "M",
    "first_name": "Jonathan",
    "complement": null,
    "occupation": 1,
    "phone3": "85 9740-3460",
    "uf": "SP",
    "active": true,
    "address": "Av das Na\u00e7\u00f5es Unidas, 17471",
    "cpf": "93495403375",
    "blocked": false,
    "phone1": "94 5428-4523"
  }
},
{
  "pk": 27,
  "model": "core.person",
  "fields": {
    "company": "RG Solutions",
    "city": "S\u00e3o Paulo",
    "cep": "05804-925",
    "created": "2015-07-31T17:55:38.873Z",
    "email": "d.majera@example.com",
    "last_name": "Majera",
    "modified": "2015-07-31T17:55:38.873Z",
    "department": null,
    "treatment": "srta",
    "rg": "031487190",
    "district": "Jardim S\u00e3o Lu\u00eds",
    "phone2": "90 6001-1522",
    "gender": "F",
    "first_name": "Daniel",
    "complement": null,
    "occupation": 1,
    "phone3": "64 6674-7953",
    "uf": "SP",
    "active": true,
    "address": "Avenida Maria Coelho Aguiar, 215",
    "cpf": "31093833725",
    "blocked": false,
    "phone1": "86 4652-2349"
  }
},
{
  "pk": 28,
  "model": "core.person",
  "fields": {
    "company": "RG Solutions",
    "city": "S\u00e3o Paulo",
    "cep": "05307-085",
    "created": "2015-07-31T17:55:39.009Z",
    "email": "a.white@example.com",
    "last_name": "White",
    "modified": "2015-07-31T17:55:39.009Z",
    "department": null,
    "treatment": "p",
    "rg": "478398943",
    "district": "Alto de Pinheiros",
    "phone2": "98 7478-2664",
    "gender": "M",
    "first_name": "Aaron",
    "complement": null,
    "occupation": 1,
    "phone3": "03 0320-7134",
    "uf": "SP",
    "active": true,
    "address": "Avenida das Na\u00e7\u00f5es Unidas, 22540",
    "cpf": "36155956177",
    "blocked": false,
    "phone1": "54 8521-6479"
  }
},
{
  "pk": 29,
  "model": "core.person",
  "fields": {
    "company": "Tivit",
    "city": "S\u00e3o Paulo",
    "cep": "03282-035",
    "created": "2015-07-31T17:55:39.166Z",
    "email": "b.gatling@example.com",
    "last_name": "Gatling",
    "modified": "2015-07-31T17:55:39.166Z",
    "department": null,
    "treatment": "aa",
    "rg": "632163958",
    "district": "Vila Ivone",
    "phone2": "20 1261-9752",
    "gender": "F",
    "first_name": "Betty",
    "complement": null,
    "occupation": 1,
    "phone3": "05 7244-0669",
    "uf": "SP",
    "active": true,
    "address": "Rua Manoel Jos\u00e9 Viana, 94",
    "cpf": "26468612690",
    "blocked": false,
    "phone1": "34 7955-2496"
  }
},
{
  "pk": 30,
  "model": "core.person",
  "fields": {
    "company": "Gringotes",
    "city": "S\u00e3o Paulo",
    "cep": "02460-070",
    "created": "2015-07-31T17:55:39.295Z",
    "email": "j.curlee@example.com",
    "last_name": "Curlee",
    "modified": "2015-07-31T17:55:39.295Z",
    "department": null,
    "treatment": "a",
    "rg": "729537019",
    "district": "Santa Terezinha",
    "phone2": "90 4358-8418",
    "gender": "M",
    "first_name": "Jose",
    "complement": null,
    "occupation": 1,
    "phone3": "36 7540-1673",
    "uf": "SP",
    "active": true,
    "address": "Rua Dona Maria Cust\u00f3dia, 319",
    "cpf": "89810026851",
    "blocked": false,
    "phone1": "11 5875-0901"
  }
},
{
  "pk": 31,
  "model": "core.person",
  "fields": {
    "company": "Ghostbusters",
    "city": "S\u00e3o Paulo",
    "cep": "04768-000",
    "created": "2015-07-31T17:55:39.703Z",
    "email": "m.sousa@example.com",
    "last_name": "Sousa",
    "modified": "2015-07-31T17:55:39.703Z",
    "department": null,
    "treatment": "sra",
    "rg": "385453982",
    "district": "Socorro",
    "phone2": "42 1249-5306",
    "gender": "F",
    "first_name": "Margaret",
    "complement": null,
    "occupation": 1,
    "phone3": "79 7767-9744",
    "uf": "SP",
    "active": true,
    "address": "Avenida Robert Kennedy, 188",
    "cpf": "18709873598",
    "blocked": false,
    "phone1": "03 2081-7325"
  }
},
{
  "pk": 32,
  "model": "core.person",
  "fields": {
    "company": "Oscorp",
    "city": "S\u00e3o Paulo",
    "cep": "00000-000",
    "created": "2015-07-31T17:55:39.841Z",
    "email": "s.burrell@example.com",
    "last_name": "Burrell",
    "modified": "2015-07-31T17:55:39.841Z",
    "department": null,
    "treatment": "srta",
    "rg": "218813363",
    "district": "Lim\u00e3o",
    "phone2": "25 6962-2482",
    "gender": "F",
    "first_name": "Sheila",
    "complement": null,
    "occupation": 1,
    "phone3": "51 2776-5845",
    "uf": "SP",
    "active": true,
    "address": "Av Eng Caetano Alvares, 3916",
    "cpf": "52485580351",
    "blocked": false,
    "phone1": "24 4747-5068"
  }
},
{
  "pk": 33,
  "model": "core.person",
  "fields": {
    "company": "Stark",
    "city": "S\u00e3o Paulo",
    "cep": "04703-000",
    "created": "2015-07-31T17:55:40.024Z",
    "email": "e.waage@example.com",
    "last_name": "Waage",
    "modified": "2015-07-31T17:55:40.024Z",
    "department": null,
    "treatment": "sr",
    "rg": "008941073",
    "district": "Santo Amaro",
    "phone2": "06 0641-2691",
    "gender": "M",
    "first_name": "Edwin",
    "complement": null,
    "occupation": 1,
    "phone3": "94 5923-9016",
    "uf": "SP",
    "active": true,
    "address": "Av Morumbi, 7766",
    "cpf": "74700908263",
    "blocked": false,
    "phone1": "38 0550-6419"
  }
},
{
  "pk": 34,
  "model": "core.person",
  "fields": {
    "company": "Gringotes",
    "city": "S\u00e3o Paulo",
    "cep": "00000-000",
    "created": "2015-07-31T17:55:40.151Z",
    "email": "m.donahue@example.com",
    "last_name": "Donahue",
    "modified": "2015-07-31T17:55:40.151Z",
    "department": null,
    "treatment": "sra",
    "rg": "939180321",
    "district": "Jardim Brasil",
    "phone2": "60 8958-8120",
    "gender": "F",
    "first_name": "Madeline",
    "complement": null,
    "occupation": 1,
    "phone3": "74 1127-6314",
    "uf": "SP",
    "active": true,
    "address": "Av Roland Garros, 1853",
    "cpf": "06069985520",
    "blocked": false,
    "phone1": "97 9188-2706"
  }
},
{
  "pk": 35,
  "model": "core.person",
  "fields": {
    "company": "RG Solutions",
    "city": "S\u00e3o Paulo",
    "cep": "04262-200",
    "created": "2015-07-31T17:55:40.266Z",
    "email": "n.morgan@example.com",
    "last_name": "Morgan",
    "modified": "2015-07-31T17:55:40.266Z",
    "department": null,
    "treatment": "aa",
    "rg": "529297154",
    "district": "Ipiranga",
    "phone2": "57 7847-8955",
    "gender": "F",
    "first_name": "Nicole",
    "complement": null,
    "occupation": 1,
    "phone3": "10 2949-2813",
    "uf": "SP",
    "active": true,
    "address": "Av Nazar\u00e9, 1070",
    "cpf": "26582125794",
    "blocked": false,
    "phone1": "26 2030-9114"
  }
},
{
  "pk": 36,
  "model": "core.person",
  "fields": {
    "company": "Tivit",
    "city": "S\u00e3o Paulo",
    "cep": "04795-100",
    "created": "2015-07-31T17:55:40.442Z",
    "email": "w.morataya@example.com",
    "last_name": "Morataya",
    "modified": "2015-07-31T17:55:40.442Z",
    "department": null,
    "treatment": "e",
    "rg": "449694904",
    "district": "Vila Almeida",
    "phone2": "72 7719-8686",
    "gender": "M",
    "first_name": "Walter",
    "complement": null,
    "occupation": 1,
    "phone3": "75 0106-0959",
    "uf": "SP",
    "active": true,
    "address": "Avenida das Nacoes Unidas, 19667",
    "cpf": "36601552357",
    "blocked": false,
    "phone1": "27 7659-6535"
  }
},
{
  "pk": 37,
  "model": "core.person",
  "fields": {
    "company": "Tabajara",
    "city": "S\u00e3o Paulo",
    "cep": "02170-000",
    "created": "2015-07-31T17:55:40.587Z",
    "email": "a.frith@example.com",
    "last_name": "Frith",
    "modified": "2015-07-31T17:55:40.587Z",
    "department": null,
    "treatment": "aa",
    "rg": "462219657",
    "district": "Vila Guilherme",
    "phone2": "91 2666-9327",
    "gender": "F",
    "first_name": "Annette",
    "complement": null,
    "occupation": 1,
    "phone3": "92 1362-0423",
    "uf": "SP",
    "active": true,
    "address": "Av Morvan Dias de Figueiredo, 1175",
    "cpf": "55379860930",
    "blocked": false,
    "phone1": "30 2727-2269"
  }
},
{
  "pk": 38,
  "model": "core.person",
  "fields": {
    "company": "Acme",
    "city": "S\u00e3o Paulo",
    "cep": "03154-100",
    "created": "2015-07-31T17:55:40.736Z",
    "email": "p.deshong@example.com",
    "last_name": "Deshong",
    "modified": "2015-07-31T17:55:40.736Z",
    "department": null,
    "treatment": "e",
    "rg": "200371244",
    "district": "Jardim Avelino",
    "phone2": "35 8394-2995",
    "gender": "M",
    "first_name": "Patrick",
    "complement": null,
    "occupation": 1,
    "phone3": "20 5867-7909",
    "uf": "SP",
    "active": true,
    "address": "Av Prof Luiz Ign\u00e1cio Anhaia Mello, 2560",
    "cpf": "99943007277",
    "blocked": false,
    "phone1": "63 5783-3659"
  }
},
{
  "pk": 39,
  "model": "core.person",
  "fields": {
    "company": "Wonka",
    "city": "S\u00e3o Paulo",
    "cep": "04045-003",
    "created": "2015-07-31T17:55:40.894Z",
    "email": "c.dejong@example.com",
    "last_name": "Dejong",
    "modified": "2015-07-31T17:55:40.894Z",
    "department": null,
    "treatment": "sra",
    "rg": "134388415",
    "district": "Mirand\u00f3polis",
    "phone2": "70 4616-3365",
    "gender": "F",
    "first_name": "Catherine",
    "complement": null,
    "occupation": 1,
    "phone3": "45 0362-2827",
    "uf": "SP",
    "active": true,
    "address": "Av Jabaquara, 2177",
    "cpf": "49779754731",
    "blocked": false,
    "phone1": "24 1247-9353"
  }
},
{
  "pk": 40,
  "model": "core.person",
  "fields": {
    "company": "RG Solutions",
    "city": "S\u00e3o Paulo",
    "cep": "03163-050",
    "created": "2015-07-31T17:55:41.028Z",
    "email": "b.white@example.com",
    "last_name": "White",
    "modified": "2015-07-31T17:55:41.028Z",
    "department": null,
    "treatment": "sr",
    "rg": "961710446",
    "district": "Belenzinho",
    "phone2": "45 1025-9331",
    "gender": "M",
    "first_name": "Bryan",
    "complement": null,
    "occupation": 1,
    "phone3": "72 0385-7153",
    "uf": "SP",
    "active": true,
    "address": "P\u00e7 Br de Tiet\u00ea, 115",
    "cpf": "24551372827",
    "blocked": false,
    "phone1": "16 2552-1099"
  }
},
{
  "pk": 41,
  "model": "core.person",
  "fields": {
    "company": "Acme",
    "city": "S\u00e3o Paulo",
    "cep": "02901-000",
    "created": "2015-07-31T17:55:41.151Z",
    "email": "j.martinez@example.com",
    "last_name": "Martinez",
    "modified": "2015-07-31T17:55:41.151Z",
    "department": null,
    "treatment": "srta",
    "rg": "719397326",
    "district": "Nossa Senhora do \u00d3",
    "phone2": "94 5723-9792",
    "gender": "F",
    "first_name": "Jennifer",
    "complement": null,
    "occupation": 1,
    "phone3": "42 6763-8635",
    "uf": "SP",
    "active": true,
    "address": "Av Otaviano Alves de Lima, 3972",
    "cpf": "02361296670",
    "blocked": false,
    "phone1": "73 6128-6969"
  }
},
{
  "pk": 42,
  "model": "core.person",
  "fields": {
    "company": "Cyberdyne",
    "city": "S\u00e3o Paulo",
    "cep": "01155-000",
    "created": "2015-07-31T17:55:41.267Z",
    "email": "r.francis@example.com",
    "last_name": "Francis",
    "modified": "2015-07-31T17:55:41.268Z",
    "department": null,
    "treatment": "p",
    "rg": "062822902",
    "district": "Barra Funda",
    "phone2": "34 0458-4075",
    "gender": "M",
    "first_name": "Randall",
    "complement": null,
    "occupation": 1,
    "phone3": "57 9016-1437",
    "uf": "SP",
    "active": true,
    "address": "Av Pacaembu, 380",
    "cpf": "90008434074",
    "blocked": false,
    "phone1": "95 9432-3002"
  }
},
{
  "pk": 43,
  "model": "core.person",
  "fields": {
    "company": "Globex",
    "city": "S\u00e3o Paulo",
    "cep": "04123-030",
    "created": "2015-07-31T17:55:41.444Z",
    "email": "j.aaberg@example.com",
    "last_name": "Aaberg",
    "modified": "2015-07-31T17:55:41.444Z",
    "department": null,
    "treatment": "e",
    "rg": "393464888",
    "district": "Vila Firmiano Pinto",
    "phone2": "17 3812-5131",
    "gender": "M",
    "first_name": "Jason",
    "complement": null,
    "occupation": 1,
    "phone3": "53 5734-7043",
    "uf": "SP",
    "active": true,
    "address": "Av Dr Ricardo Jafet, 2419",
    "cpf": "71451361313",
    "blocked": false,
    "phone1": "83 6559-1014"
  }
},
{
  "pk": 44,
  "model": "core.person",
  "fields": {
    "company": "Tabajara",
    "city": "S\u00e3o Paulo",
    "cep": "01205-001",
    "created": "2015-07-31T17:55:41.677Z",
    "email": "m.malone@example.com",
    "last_name": "Malone",
    "modified": "2015-07-31T17:55:41.677Z",
    "department": null,
    "treatment": "aa",
    "rg": "740410007",
    "district": "Campos El\u00edseos",
    "phone2": "03 5947-1509",
    "gender": "F",
    "first_name": "Mabel",
    "complement": null,
    "occupation": 1,
    "phone3": "70 7344-8951",
    "uf": "SP",
    "active": true,
    "address": "Av Rio Branco, 1457",
    "cpf": "74367991153",
    "blocked": false,
    "phone1": "89 7599-9168"
  }
},
{
  "pk": 45,
  "model": "core.person",
  "fields": {
    "company": "Globex",
    "city": "S\u00e3o Paulo",
    "cep": "03294-100",
    "created": "2015-07-31T17:55:41.827Z",
    "email": "l.johnson@example.com",
    "last_name": "Johnson",
    "modified": "2015-07-31T17:55:41.828Z",
    "department": null,
    "treatment": "srta",
    "rg": "386242631",
    "district": "Jardim Idepend\u00eancia",
    "phone2": "01 5225-8137",
    "gender": "F",
    "first_name": "Laura",
    "complement": null,
    "occupation": 1,
    "phone3": "29 7503-6878",
    "uf": "SP",
    "active": true,
    "address": "Av Prof\u00ba Luiz Ignacio Anhaia Mello, 4470",
    "cpf": "29697428514",
    "blocked": false,
    "phone1": "83 1832-5996"
  }
},
{
  "pk": 46,
  "model": "core.person",
  "fields": {
    "company": "Teknotronic",
    "city": "S\u00e3o Paulo",
    "cep": "01155-040",
    "created": "2015-07-31T17:55:41.976Z",
    "email": "m.larson@example.com",
    "last_name": "Larson",
    "modified": "2015-07-31T17:55:41.976Z",
    "department": null,
    "treatment": "srta",
    "rg": "231124851",
    "district": "Barra Funda",
    "phone2": "45 4571-8110",
    "gender": "F",
    "first_name": "Myrna",
    "complement": null,
    "occupation": 1,
    "phone3": "57 7726-5420",
    "uf": "SP",
    "active": true,
    "address": "Al Olga, 259",
    "cpf": "95405670752",
    "blocked": false,
    "phone1": "30 0110-8435"
  }
},
{
  "pk": 47,
  "model": "core.person",
  "fields": {
    "company": "Teknotronic",
    "city": "S\u00e3o Paulo",
    "cep": "05314-000",
    "created": "2015-07-31T17:55:42.124Z",
    "email": "c.kauffman@example.com",
    "last_name": "Kauffman",
    "modified": "2015-07-31T17:55:42.124Z",
    "department": null,
    "treatment": "ea",
    "rg": "687962532",
    "district": "Vila Leopoldina",
    "phone2": "58 5248-5846",
    "gender": "F",
    "first_name": "Cynthia",
    "complement": null,
    "occupation": 1,
    "phone3": "69 0088-2715",
    "uf": "SP",
    "active": true,
    "address": "Av Dr Gast\u00e3o Vidigal, 1595",
    "cpf": "53215495282",
    "blocked": false,
    "phone1": "24 9392-7365"
  }
},
{
  "pk": 48,
  "model": "core.person",
  "fields": {
    "company": "Cyberdyne",
    "city": "S\u00e3o Paulo",
    "cep": "05042-000",
    "created": "2015-07-31T17:55:42.331Z",
    "email": "d.hoefert@example.com",
    "last_name": "Hoefert",
    "modified": "2015-07-31T17:55:42.331Z",
    "department": null,
    "treatment": "e",
    "rg": "435703864",
    "district": "\u00c1gua Branca",
    "phone2": "25 7563-6440",
    "gender": "M",
    "first_name": "Daniel",
    "complement": null,
    "occupation": 1,
    "phone3": "45 7357-1962",
    "uf": "SP",
    "active": true,
    "address": "Rua Cl\u00e9lia, 1000",
    "cpf": "41341901636",
    "blocked": false,
    "phone1": "55 1375-5240"
  }
},
{
  "pk": 49,
  "model": "core.person",
  "fields": {
    "company": "Tabajara",
    "city": "S\u00e3o Paulo",
    "cep": "05038-000",
    "created": "2015-07-31T17:55:42.502Z",
    "email": "v.marvel@example.com",
    "last_name": "Marvel",
    "modified": "2015-07-31T17:55:42.502Z",
    "department": null,
    "treatment": "aa",
    "rg": "697557343",
    "district": "\u00c1gua Branca",
    "phone2": "77 7509-1358",
    "gender": "F",
    "first_name": "Virginia",
    "complement": null,
    "occupation": 1,
    "phone3": "95 3739-8789",
    "uf": "SP",
    "active": true,
    "address": "Av Ermano Marchetti, 596",
    "cpf": "05986103916",
    "blocked": false,
    "phone1": "23 7951-4150"
  }
},
{
  "pk": 50,
  "model": "core.person",
  "fields": {
    "company": "Gringotes",
    "city": "S\u00e3o Paulo",
    "cep": "03402-001",
    "created": "2015-07-31T17:55:42.639Z",
    "email": "c.feathers@example.com",
    "last_name": "Feathers",
    "modified": "2015-07-31T17:55:42.639Z",
    "department": null,
    "treatment": "pa",
    "rg": "174759531",
    "district": "Carr\u00e3o",
    "phone2": "78 1408-3604",
    "gender": "F",
    "first_name": "Carmen",
    "complement": null,
    "occupation": 1,
    "phone3": "86 8938-9431",
    "uf": "SP",
    "active": true,
    "address": "Av Conselheiro Carr\u00e3o, 1306",
    "cpf": "61811777081",
    "blocked": false,
    "phone1": "10 5421-3608"
  }
},
{
  "pk": 1,
  "model": "core.customer",
  "fields": {
    "company": null,
    "city": "S\u00e3o Paulo",
    "cep": "03323-040",
    "type_customer": "a",
    "created": "2015-07-31T17:55:43.471Z",
    "email": null,
    "last_name": null,
    "modified": "2015-07-31T17:55:43.471Z",
    "department": null,
    "cnpj": "95990522085994",
    "treatment": null,
    "rg": null,
    "district": "Tatuap\u00e9",
    "phone2": "01 5445-6364",
    "gender": "M",
    "ie": "isento",
    "first_name": "AA Arquitetos Associados",
    "complement": null,
    "phone3": "27 8520-1768",
    "uf": "SP",
    "active": true,
    "address": "Rua Coelho Lisboa, 574",
    "cpf": null,
    "blocked": false,
    "phone1": "94 6298-9952"
  }
},
{
  "pk": 2,
  "model": "core.customer",
  "fields": {
    "company": null,
    "city": "S\u00e3o Paulo",
    "cep": "04062-000",
    "type_customer": "a",
    "created": "2015-07-31T17:55:43.597Z",
    "email": null,
    "last_name": null,
    "modified": "2015-07-31T17:55:43.597Z",
    "department": null,
    "cnpj": "22617133138529",
    "treatment": null,
    "rg": null,
    "district": "Indian\u00f3polis",
    "phone2": "19 1591-8919",
    "gender": "M",
    "ie": "isento",
    "first_name": "Athie Wohnrath",
    "complement": null,
    "phone3": "34 1002-7018",
    "uf": "SP",
    "active": true,
    "address": "Av. Indian\u00f3polis, 100",
    "cpf": null,
    "blocked": false,
    "phone1": "60 1477-9823"
  }
},
{
  "pk": 3,
  "model": "core.customer",
  "fields": {
    "company": null,
    "city": "S\u00e3o Paulo",
    "cep": "01155-000",
    "type_customer": "c",
    "created": "2015-07-31T17:55:43.818Z",
    "email": null,
    "last_name": null,
    "modified": "2015-07-31T17:55:43.818Z",
    "department": null,
    "cnpj": "53126814401123",
    "treatment": null,
    "rg": null,
    "district": "Barra Funda",
    "phone2": "24 8271-1379",
    "gender": "M",
    "ie": "isento",
    "first_name": "Brookfield",
    "complement": null,
    "phone3": "56 9767-1963",
    "uf": "SP",
    "active": true,
    "address": "Av. Pacaemb\u00fa, 380",
    "cpf": null,
    "blocked": false,
    "phone1": "47 5072-1887"
  }
},
{
  "pk": 4,
  "model": "core.customer",
  "fields": {
    "company": null,
    "city": "S\u00e3o Paulo",
    "cep": "00568-602",
    "type_customer": "c",
    "created": "2015-07-31T17:55:43.959Z",
    "email": null,
    "last_name": null,
    "modified": "2015-07-31T17:55:43.959Z",
    "department": null,
    "cnpj": "39286359501202",
    "treatment": null,
    "rg": null,
    "district": "Morumbi",
    "phone2": "26 0947-2099",
    "gender": "F",
    "ie": "isento",
    "first_name": "Camargo Corr\u00eaa",
    "complement": null,
    "phone3": "25 8949-4458",
    "uf": "SP",
    "active": true,
    "address": "Av. Ulisses Reis de Matos, 100",
    "cpf": null,
    "blocked": false,
    "phone1": "39 5807-1451"
  }
},
{
  "pk": 5,
  "model": "core.customer",
  "fields": {
    "company": null,
    "city": "S\u00e3o Paulo",
    "cep": "04074-030",
    "type_customer": "a",
    "created": "2015-07-31T17:55:44.119Z",
    "email": null,
    "last_name": null,
    "modified": "2015-07-31T17:55:44.120Z",
    "department": null,
    "cnpj": "14307771354036",
    "treatment": null,
    "rg": null,
    "district": "Moema",
    "phone2": "05 1019-8907",
    "gender": "M",
    "ie": "isento",
    "first_name": "Camila Vieira Santos",
    "complement": null,
    "phone3": "57 5561-5245",
    "uf": "SP",
    "active": true,
    "address": "Av. Moreira Guimar\u00e3es, 367",
    "cpf": null,
    "blocked": false,
    "phone1": "24 9866-5092"
  }
},
{
  "pk": 6,
  "model": "core.customer",
  "fields": {
    "company": null,
    "city": "S\u00e3o Paulo",
    "cep": "04127-001",
    "type_customer": "c",
    "created": "2015-07-31T17:55:44.237Z",
    "email": null,
    "last_name": null,
    "modified": "2015-07-31T17:55:44.237Z",
    "department": null,
    "cnpj": "95249060520527",
    "treatment": null,
    "rg": null,
    "district": "Vila Mariana",
    "phone2": "33 0876-9525",
    "gender": "F",
    "ie": "isento",
    "first_name": "Costa Hirota",
    "complement": null,
    "phone3": "50 5591-1999",
    "uf": "SP",
    "active": true,
    "address": "Rua Padre Machado, 68",
    "cpf": null,
    "blocked": false,
    "phone1": "38 2147-3343"
  }
},
{
  "pk": 7,
  "model": "core.customer",
  "fields": {
    "company": null,
    "city": "S\u00e3o Paulo",
    "cep": "05835-005",
    "type_customer": "c",
    "created": "2015-07-31T17:55:44.438Z",
    "email": null,
    "last_name": null,
    "modified": "2015-07-31T17:55:44.438Z",
    "department": null,
    "cnpj": "49125860872568",
    "treatment": null,
    "rg": null,
    "district": "Centro",
    "phone2": "10 7824-0600",
    "gender": "F",
    "ie": "isento",
    "first_name": "Cyrela",
    "complement": null,
    "phone3": "06 7374-5462",
    "uf": "SP",
    "active": true,
    "address": "Est Itapecerica, 2925",
    "cpf": null,
    "blocked": false,
    "phone1": "84 6065-7683"
  }
},
{
  "pk": 8,
  "model": "core.customer",
  "fields": {
    "company": null,
    "city": "S\u00e3o Paulo",
    "cep": "04008-090",
    "type_customer": "c",
    "created": "2015-07-31T17:55:44.570Z",
    "email": null,
    "last_name": null,
    "modified": "2015-07-31T17:55:44.570Z",
    "department": null,
    "cnpj": "28221086419381",
    "treatment": null,
    "rg": null,
    "district": "Vila Mariana",
    "phone2": "30 2660-0218",
    "gender": "M",
    "ie": "isento",
    "first_name": "Even",
    "complement": null,
    "phone3": "45 0510-0278",
    "uf": "SP",
    "active": true,
    "address": "Av 23 de Maio, 3041",
    "cpf": null,
    "blocked": false,
    "phone1": "16 4178-9546"
  }
},
{
  "pk": 9,
  "model": "core.customer",
  "fields": {
    "company": null,
    "city": "S\u00e3o Paulo",
    "cep": "01438-001",
    "type_customer": "c",
    "created": "2015-07-31T17:55:44.683Z",
    "email": null,
    "last_name": null,
    "modified": "2015-07-31T17:55:44.683Z",
    "department": null,
    "cnpj": "49505085000887",
    "treatment": null,
    "rg": null,
    "district": "Jardim Am\u00e9rica",
    "phone2": "33 0615-3023",
    "gender": "M",
    "ie": "isento",
    "first_name": "Fonseca & Mercadante",
    "complement": null,
    "phone3": "60 7879-0218",
    "uf": "SP",
    "active": true,
    "address": "Rua Col\u00f4mbia, 810",
    "cpf": null,
    "blocked": false,
    "phone1": "18 6396-6086"
  }
},
{
  "pk": 10,
  "model": "core.customer",
  "fields": {
    "company": null,
    "city": "S\u00e3o Paulo",
    "cep": "05420-002",
    "type_customer": "c",
    "created": "2015-07-31T17:55:44.791Z",
    "email": null,
    "last_name": null,
    "modified": "2015-07-31T17:55:44.791Z",
    "department": null,
    "cnpj": "61673371268004",
    "treatment": null,
    "rg": null,
    "district": "Pinheiros",
    "phone2": "48 7418-5612",
    "gender": "M",
    "ie": "isento",
    "first_name": "Gafisa",
    "complement": null,
    "phone3": "37 7602-7159",
    "uf": "SP",
    "active": true,
    "address": "Av Pedroso de Morais, 1552",
    "cpf": null,
    "blocked": false,
    "phone1": "30 6667-2459"
  }
},
{
  "pk": 11,
  "model": "core.customer",
  "fields": {
    "company": null,
    "city": "S\u00e3o Paulo",
    "cep": "04553-010",
    "type_customer": "c",
    "created": "2015-07-31T17:55:44.905Z",
    "email": null,
    "last_name": null,
    "modified": "2015-07-31T17:55:44.905Z",
    "department": null,
    "cnpj": "97753918498521",
    "treatment": null,
    "rg": null,
    "district": "Vila Ol\u00edmpia",
    "phone2": "97 9593-9533",
    "gender": "F",
    "ie": "isento",
    "first_name": "Hochtief",
    "complement": null,
    "phone3": "29 4579-6283",
    "uf": "SP",
    "active": true,
    "address": "Av dos Bandeirantes, 1729",
    "cpf": null,
    "blocked": false,
    "phone1": "68 8927-9866"
  }
},
{
  "pk": 12,
  "model": "core.customer",
  "fields": {
    "company": null,
    "city": "S\u00e3o Paulo",
    "cep": "03658-000",
    "type_customer": "c",
    "created": "2015-07-31T17:55:45.047Z",
    "email": null,
    "last_name": null,
    "modified": "2015-07-31T17:55:45.047Z",
    "department": null,
    "cnpj": "51793484999619",
    "treatment": null,
    "rg": null,
    "district": "Vila R\u00e9",
    "phone2": "61 9337-6077",
    "gender": "M",
    "ie": "isento",
    "first_name": "Lucio Engenharia",
    "complement": null,
    "phone3": "84 2522-3040",
    "uf": "SP",
    "active": true,
    "address": "Rua Itingu\u00e7u, 1288",
    "cpf": null,
    "blocked": false,
    "phone1": "63 9762-8372"
  }
},
{
  "pk": 13,
  "model": "core.customer",
  "fields": {
    "company": null,
    "city": "S\u00e3o Paulo",
    "cep": "04703-000",
    "type_customer": "c",
    "created": "2015-07-31T17:55:45.170Z",
    "email": null,
    "last_name": null,
    "modified": "2015-07-31T17:55:45.170Z",
    "department": null,
    "cnpj": "82812874094647",
    "treatment": null,
    "rg": null,
    "district": "Santo Amaro",
    "phone2": "26 8225-3893",
    "gender": "F",
    "ie": "isento",
    "first_name": "MRV",
    "complement": null,
    "phone3": "03 7986-1528",
    "uf": "SP",
    "active": true,
    "address": "Av Morumbi, 7600",
    "cpf": null,
    "blocked": false,
    "phone1": "48 2452-4332"
  }
},
{
  "pk": 14,
  "model": "core.customer",
  "fields": {
    "company": null,
    "city": "S\u00e3o Paulo",
    "cep": "05650-002",
    "type_customer": "c",
    "created": "2015-07-31T17:55:45.286Z",
    "email": null,
    "last_name": null,
    "modified": "2015-07-31T17:55:45.287Z",
    "department": null,
    "cnpj": "12610532680220",
    "treatment": null,
    "rg": null,
    "district": "Morumbi",
    "phone2": "77 1481-0459",
    "gender": "F",
    "ie": "isento",
    "first_name": "Plaenge",
    "complement": null,
    "phone3": "81 0618-0005",
    "uf": "SP",
    "active": true,
    "address": "Av Morumbi, 6989",
    "cpf": null,
    "blocked": false,
    "phone1": "40 4219-2095"
  }
},
{
  "pk": 15,
  "model": "core.customer",
  "fields": {
    "company": null,
    "city": "S\u00e3o Paulo",
    "cep": "05512-200",
    "type_customer": "a",
    "created": "2015-07-31T17:55:45.405Z",
    "email": null,
    "last_name": null,
    "modified": "2015-07-31T17:55:45.405Z",
    "department": null,
    "cnpj": "61920043410731",
    "treatment": null,
    "rg": null,
    "district": "Butant\u00e3",
    "phone2": "92 6636-1531",
    "gender": "M",
    "ie": "isento",
    "first_name": "Rocha Andrade Arquitetura",
    "complement": null,
    "phone3": "84 0810-2540",
    "uf": "SP",
    "active": true,
    "address": "Av Prof Francisco Morato, 1706",
    "cpf": null,
    "blocked": false,
    "phone1": "46 6615-8624"
  }
},
{
  "pk": 16,
  "model": "core.customer",
  "fields": {
    "company": null,
    "city": "S\u00e3o Paulo",
    "cep": "05651-002",
    "type_customer": "c",
    "created": "2015-07-31T17:55:45.607Z",
    "email": null,
    "last_name": null,
    "modified": "2015-07-31T17:55:45.607Z",
    "department": null,
    "cnpj": "34864040650357",
    "treatment": null,
    "rg": null,
    "district": "Morumbi",
    "phone2": "19 4300-7469",
    "gender": "M",
    "ie": "isento",
    "first_name": "Tecnisa",
    "complement": null,
    "phone3": "52 4521-7035",
    "uf": "SP",
    "active": true,
    "address": "Av Giovanni Gronchi, 2911",
    "cpf": null,
    "blocked": false,
    "phone1": "51 9107-2474"
  }
},
{
  "pk": 17,
  "model": "core.customer",
  "fields": {
    "company": null,
    "city": "S\u00e3o Paulo",
    "cep": "01449-000",
    "type_customer": "c",
    "created": "2015-07-31T17:55:45.724Z",
    "email": null,
    "last_name": null,
    "modified": "2015-07-31T17:55:45.724Z",
    "department": null,
    "cnpj": "47192058670342",
    "treatment": null,
    "rg": null,
    "district": "Jardim Europa",
    "phone2": "77 4643-5167",
    "gender": "F",
    "ie": "isento",
    "first_name": "Toledo Ferrari",
    "complement": null,
    "phone3": "83 1509-1315",
    "uf": "SP",
    "active": true,
    "address": "Av Europa, 725",
    "cpf": null,
    "blocked": false,
    "phone1": "75 7213-2049"
  }
},
{
  "pk": 18,
  "model": "core.customer",
  "fields": {
    "company": "Gringotes",
    "city": "S\u00e3o Paulo",
    "cep": "01438-001",
    "type_customer": "p",
    "created": "2015-07-31T17:55:45.844Z",
    "email": "h.mcclellan@example.com",
    "last_name": "Mcclellan",
    "modified": "2015-07-31T17:55:45.844Z",
    "department": null,
    "cnpj": null,
    "treatment": "e",
    "rg": "562393588",
    "district": "Jardim Am\u00e9rica",
    "phone2": "21 1346-6491",
    "gender": "M",
    "ie": null,
    "first_name": "Hal",
    "complement": null,
    "phone3": "30 9449-2880",
    "uf": "SP",
    "active": true,
    "address": "Rua Col\u00f4mbia, 659",
    "cpf": "56537279818",
    "blocked": false,
    "phone1": "39 2371-4976"
  }
},
{
  "pk": 19,
  "model": "core.customer",
  "fields": {
    "company": "Oscorp",
    "city": "S\u00e3o Paulo",
    "cep": "04636-000",
    "type_customer": "p",
    "created": "2015-07-31T17:55:45.959Z",
    "email": "e.little@example.com",
    "last_name": "Little",
    "modified": "2015-07-31T17:55:45.959Z",
    "department": null,
    "cnpj": null,
    "treatment": "pa",
    "rg": "849533406",
    "district": "Jardim Petr\u00f3polis",
    "phone2": "50 9143-4597",
    "gender": "F",
    "ie": null,
    "first_name": "Emily",
    "complement": null,
    "phone3": "86 0364-4135",
    "uf": "SP",
    "active": true,
    "address": "Av Prof Vicente R\u00e1o, 915",
    "cpf": "53653245032",
    "blocked": false,
    "phone1": "81 7465-7392"
  }
},
{
  "pk": 20,
  "model": "core.customer",
  "fields": {
    "company": "Globex",
    "city": "S\u00e3o Paulo",
    "cep": "02511-000",
    "type_customer": "p",
    "created": "2015-07-31T17:55:46.084Z",
    "email": "e.coffman@example.com",
    "last_name": "Coffman",
    "modified": "2015-07-31T17:55:46.084Z",
    "department": null,
    "cnpj": null,
    "treatment": "pa",
    "rg": "285465437",
    "district": "Casa Verde",
    "phone2": "22 8180-8780",
    "gender": "F",
    "ie": null,
    "first_name": "Elaine",
    "complement": null,
    "phone3": "33 0172-0558",
    "uf": "SP",
    "active": true,
    "address": "Av Braz Leme, 268",
    "cpf": "30305470294",
    "blocked": false,
    "phone1": "26 8669-9313"
  }
},
{
  "pk": 21,
  "model": "core.customer",
  "fields": {
    "company": "Wayne",
    "city": "S\u00e3o Paulo",
    "cep": "04547-001",
    "type_customer": "p",
    "created": "2015-07-31T17:55:46.208Z",
    "email": "b.swain@example.com",
    "last_name": "Swain",
    "modified": "2015-07-31T17:55:46.208Z",
    "department": null,
    "cnpj": null,
    "treatment": "sra",
    "rg": "346508731",
    "district": "Vila Ol\u00edmpia",
    "phone2": "72 0416-6918",
    "gender": "F",
    "ie": null,
    "first_name": "Becky",
    "complement": null,
    "phone3": "66 3307-1390",
    "uf": "SP",
    "active": true,
    "address": "Rua Gomes de Carvalho, 421",
    "cpf": "61876952373",
    "blocked": false,
    "phone1": "71 1721-6589"
  }
},
{
  "pk": 22,
  "model": "core.customer",
  "fields": {
    "company": "Wayne",
    "city": "S\u00e3o Paulo",
    "cep": "04660-001",
    "type_customer": "p",
    "created": "2015-07-31T17:55:46.325Z",
    "email": "b.hamblin@example.com",
    "last_name": "Hamblin",
    "modified": "2015-07-31T17:55:46.325Z",
    "department": null,
    "cnpj": null,
    "treatment": "sr",
    "rg": "056210481",
    "district": "Jardim Marajoara",
    "phone2": "83 0229-5340",
    "gender": "M",
    "ie": null,
    "first_name": "Bradley",
    "complement": null,
    "phone3": "16 3192-0155",
    "uf": "SP",
    "active": true,
    "address": "Av Interlagos, 1550",
    "cpf": "68077013372",
    "blocked": false,
    "phone1": "25 7100-2772"
  }
},
{
  "pk": 23,
  "model": "core.customer",
  "fields": {
    "company": "Oscorp",
    "city": "S\u00e3o Paulo",
    "cep": "05686-020",
    "type_customer": "p",
    "created": "2015-07-31T17:55:46.445Z",
    "email": "l.gilbert@example.com",
    "last_name": "Gilbert",
    "modified": "2015-07-31T17:55:46.445Z",
    "department": null,
    "cnpj": null,
    "treatment": "ea",
    "rg": "084394493",
    "district": "Real Parque",
    "phone2": "44 9401-0718",
    "gender": "F",
    "ie": null,
    "first_name": "Leslie",
    "complement": null,
    "phone3": "22 5459-3592",
    "uf": "SP",
    "active": true,
    "address": "Rua Ulysses Reis de Mattos, 100",
    "cpf": "32522921665",
    "blocked": false,
    "phone1": "31 9261-2685"
  }
},
{
  "pk": 24,
  "model": "core.customer",
  "fields": {
    "company": "Wayne",
    "city": "S\u00e3o Paulo",
    "cep": "04795-100",
    "type_customer": "p",
    "created": "2015-07-31T17:55:46.563Z",
    "email": "c.trujillo@example.com",
    "last_name": "Trujillo",
    "modified": "2015-07-31T17:55:46.563Z",
    "department": null,
    "cnpj": null,
    "treatment": "sr",
    "rg": "168323617",
    "district": "Vila Almeida",
    "phone2": "27 8819-5900",
    "gender": "M",
    "ie": null,
    "first_name": "Charles",
    "complement": null,
    "phone3": "92 0276-8226",
    "uf": "SP",
    "active": true,
    "address": "Av das Na\u00e7\u00f5es Unidas, 17471",
    "cpf": "79316709191",
    "blocked": false,
    "phone1": "33 6663-9170"
  }
},
{
  "pk": 25,
  "model": "core.customer",
  "fields": {
    "company": "Wayne",
    "city": "S\u00e3o Paulo",
    "cep": "05804-925",
    "type_customer": "p",
    "created": "2015-07-31T17:55:46.705Z",
    "email": "l.suiter@example.com",
    "last_name": "Suiter",
    "modified": "2015-07-31T17:55:46.705Z",
    "department": null,
    "cnpj": null,
    "treatment": "p",
    "rg": "221231460",
    "district": "Jardim S\u00e3o Lu\u00eds",
    "phone2": "94 7217-4016",
    "gender": "M",
    "ie": null,
    "first_name": "Leroy",
    "complement": null,
    "phone3": "65 4383-7183",
    "uf": "SP",
    "active": true,
    "address": "Avenida Maria Coelho Aguiar, 215",
    "cpf": "99745738074",
    "blocked": false,
    "phone1": "19 8696-9951"
  }
},
{
  "pk": 1,
  "model": "core.occupation",
  "fields": {
    "occupation": "Or\u00e7amentista"
  }
},
{
  "pk": 2,
  "model": "core.occupation",
  "fields": {
    "occupation": "Vendedor"
  }
},
{
  "pk": 3,
  "model": "core.occupation",
  "fields": {
    "occupation": "Arquiteto"
  }
},
{
  "pk": 4,
  "model": "core.occupation",
  "fields": {
    "occupation": "Engenheiro"
  }
},
{
  "pk": 5,
  "model": "core.occupation",
  "fields": {
    "occupation": "Coordenador"
  }
},
{
  "pk": 6,
  "model": "core.occupation",
  "fields": {
    "occupation": "Estagi\u00e1rio"
  }
},
{
  "pk": 7,
  "model": "core.occupation",
  "fields": {
    "occupation": "Gerente"
  }
},
{
  "pk": 8,
  "model": "core.occupation",
  "fields": {
    "occupation": "Diretor"
  }
},
{
  "pk": 1,
  "model": "core.seller",
  "fields": {
    "employee": 5,
    "commissioned": true,
    "internal": false,
    "commission": "0.01"
  }
},
{
  "pk": 2,
  "model": "core.seller",
  "fields": {
    "employee": 8,
    "commissioned": true,
    "internal": true,
    "commission": "0.01"
  }
},
{
  "pk": 3,
  "model": "core.seller",
  "fields": {
    "employee": 9,
    "commissioned": true,
    "internal": true,
    "commission": "0.01"
  }
},
{
  "pk": 1,
  "model": "core.entry",
  "fields": {
    "seller": 1,
    "is_entry": false,
    "person": 20,
    "category": 2,
    "created": "2015-07-31T17:55:55.642Z",
    "work": 1,
    "description": "0rm3H39xer3H",
    "priority": "a",
    "modified": "2015-07-31T17:55:55.642Z"
  }
},
{
  "pk": 2,
  "model": "core.entry",
  "fields": {
    "seller": 2,
    "is_entry": false,
    "person": 9,
    "category": 2,
    "created": "2015-07-31T17:55:55.769Z",
    "work": 2,
    "description": "AZkzrC9uCZvv7EZTCD",
    "priority": "a",
    "modified": "2015-07-31T17:55:55.769Z"
  }
},
{
  "pk": 3,
  "model": "core.entry",
  "fields": {
    "seller": 2,
    "is_entry": false,
    "person": 12,
    "category": 1,
    "created": "2015-07-31T17:55:55.919Z",
    "work": 3,
    "description": "xZZZnnZi_MlndXt_tZAl",
    "priority": "u",
    "modified": "2015-07-31T17:55:55.919Z"
  }
},
{
  "pk": 4,
  "model": "core.entry",
  "fields": {
    "seller": 1,
    "is_entry": false,
    "person": 11,
    "category": 5,
    "created": "2015-07-31T17:55:56.070Z",
    "work": 4,
    "description": "yIIyIQIkIIyyQ",
    "priority": "a",
    "modified": "2015-07-31T17:55:56.070Z"
  }
},
{
  "pk": 5,
  "model": "core.entry",
  "fields": {
    "seller": 1,
    "is_entry": false,
    "person": 17,
    "category": 4,
    "created": "2015-07-31T17:55:56.227Z",
    "work": 5,
    "description": "wmTYNsAxf6",
    "priority": "u",
    "modified": "2015-07-31T17:55:56.227Z"
  }
},
{
  "pk": 6,
  "model": "core.entry",
  "fields": {
    "seller": 2,
    "is_entry": false,
    "person": 37,
    "category": 1,
    "created": "2015-07-31T17:55:56.395Z",
    "work": 6,
    "description": "TA89kbXCaITJy481rC",
    "priority": "n",
    "modified": "2015-07-31T17:55:56.395Z"
  }
},
{
  "pk": 7,
  "model": "core.entry",
  "fields": {
    "seller": 1,
    "is_entry": false,
    "person": 25,
    "category": 3,
    "created": "2015-07-31T17:55:56.582Z",
    "work": 7,
    "description": "33MqV8zRDcubc9GZf_xV",
    "priority": "n",
    "modified": "2015-07-31T17:55:56.582Z"
  }
},
{
  "pk": 8,
  "model": "core.entry",
  "fields": {
    "seller": 3,
    "is_entry": false,
    "person": 16,
    "category": 6,
    "created": "2015-07-31T17:55:56.705Z",
    "work": 8,
    "description": "NLtLgZH5oyL",
    "priority": "n",
    "modified": "2015-07-31T17:55:56.705Z"
  }
},
{
  "pk": 9,
  "model": "core.entry",
  "fields": {
    "seller": 3,
    "is_entry": false,
    "person": 6,
    "category": 2,
    "created": "2015-07-31T17:55:56.850Z",
    "work": 9,
    "description": "9CxcM9i3S9cJHSY9V",
    "priority": "b",
    "modified": "2015-07-31T17:55:56.850Z"
  }
},
{
  "pk": 10,
  "model": "core.entry",
  "fields": {
    "seller": 1,
    "is_entry": false,
    "person": 43,
    "category": 1,
    "created": "2015-07-31T17:55:57.057Z",
    "work": 10,
    "description": "G6S0E7j6xlnjxDE4lzoW",
    "priority": "n",
    "modified": "2015-07-31T17:55:57.057Z"
  }
},
{
  "pk": 11,
  "model": "core.entry",
  "fields": {
    "seller": 1,
    "is_entry": false,
    "person": 45,
    "category": 8,
    "created": "2015-07-31T17:55:57.201Z",
    "work": 11,
    "description": "3jyMAI6gru",
    "priority": "n",
    "modified": "2015-07-31T17:55:57.201Z"
  }
},
{
  "pk": 12,
  "model": "core.entry",
  "fields": {
    "seller": 3,
    "is_entry": false,
    "person": 2,
    "category": 3,
    "created": "2015-07-31T17:55:57.357Z",
    "work": 12,
    "description": "1FP0y1eYwFj1M2i",
    "priority": "n",
    "modified": "2015-07-31T17:55:57.358Z"
  }
},
{
  "pk": 13,
  "model": "core.entry",
  "fields": {
    "seller": 1,
    "is_entry": false,
    "person": 16,
    "category": 6,
    "created": "2015-07-31T17:55:57.504Z",
    "work": 13,
    "description": "z0000Zz44xZ0ZZx",
    "priority": "b",
    "modified": "2015-07-31T17:55:57.505Z"
  }
},
{
  "pk": 14,
  "model": "core.entry",
  "fields": {
    "seller": 1,
    "is_entry": false,
    "person": 9,
    "category": 8,
    "created": "2015-07-31T17:55:57.672Z",
    "work": 14,
    "description": "xLkMu5kkkk",
    "priority": "n",
    "modified": "2015-07-31T17:55:57.672Z"
  }
},
{
  "pk": 15,
  "model": "core.entry",
  "fields": {
    "seller": 1,
    "is_entry": false,
    "person": 10,
    "category": 7,
    "created": "2015-07-31T17:55:57.820Z",
    "work": 15,
    "description": "xllxIlA2xULQAlUjKj",
    "priority": "n",
    "modified": "2015-07-31T17:55:57.820Z"
  }
},
{
  "pk": 16,
  "model": "core.entry",
  "fields": {
    "seller": 3,
    "is_entry": false,
    "person": 47,
    "category": 2,
    "created": "2015-07-31T17:55:57.980Z",
    "work": 16,
    "description": "ydd_ddy_____ddy___",
    "priority": "u",
    "modified": "2015-07-31T17:55:57.980Z"
  }
},
{
  "pk": 17,
  "model": "core.entry",
  "fields": {
    "seller": 3,
    "is_entry": false,
    "person": 28,
    "category": 7,
    "created": "2015-07-31T17:55:58.208Z",
    "work": 17,
    "description": "Ctj2SZ4lcM",
    "priority": "n",
    "modified": "2015-07-31T17:55:58.209Z"
  }
},
{
  "pk": 18,
  "model": "core.entry",
  "fields": {
    "seller": 3,
    "is_entry": false,
    "person": 26,
    "category": 3,
    "created": "2015-07-31T17:55:58.329Z",
    "work": 18,
    "description": "3RCBK3pvy88jbzB4CU",
    "priority": "a",
    "modified": "2015-07-31T17:55:58.329Z"
  }
},
{
  "pk": 19,
  "model": "core.entry",
  "fields": {
    "seller": 3,
    "is_entry": false,
    "person": 45,
    "category": 8,
    "created": "2015-07-31T17:55:58.448Z",
    "work": 19,
    "description": "1PxtjUujtXoP",
    "priority": "u",
    "modified": "2015-07-31T17:55:58.448Z"
  }
},
{
  "pk": 20,
  "model": "core.entry",
  "fields": {
    "seller": 1,
    "is_entry": false,
    "person": 34,
    "category": 7,
    "created": "2015-07-31T17:55:58.573Z",
    "work": 20,
    "description": "ggcglJqsgsqVZ9",
    "priority": "b",
    "modified": "2015-07-31T17:55:58.573Z"
  }
},
{
  "pk": 21,
  "model": "core.entry",
  "fields": {
    "seller": 3,
    "is_entry": false,
    "person": 38,
    "category": 7,
    "created": "2015-07-31T17:55:58.737Z",
    "work": 21,
    "description": "CFDrFEyaML9ClSczek",
    "priority": "n",
    "modified": "2015-07-31T17:55:58.737Z"
  }
},
{
  "pk": 22,
  "model": "core.entry",
  "fields": {
    "seller": 3,
    "is_entry": false,
    "person": 19,
    "category": 1,
    "created": "2015-07-31T17:55:58.877Z",
    "work": 22,
    "description": "EZrAwxEirNqMorVqHfM",
    "priority": "b",
    "modified": "2015-07-31T17:55:58.877Z"
  }
},
{
  "pk": 23,
  "model": "core.entry",
  "fields": {
    "seller": 3,
    "is_entry": false,
    "person": 13,
    "category": 7,
    "created": "2015-07-31T17:55:59.053Z",
    "work": 23,
    "description": "otGedoSRyR",
    "priority": "n",
    "modified": "2015-07-31T17:55:59.053Z"
  }
},
{
  "pk": 24,
  "model": "core.entry",
  "fields": {
    "seller": 3,
    "is_entry": false,
    "person": 9,
    "category": 5,
    "created": "2015-07-31T17:55:59.187Z",
    "work": 24,
    "description": "2gr4r8Tct5gZnr",
    "priority": "a",
    "modified": "2015-07-31T17:55:59.187Z"
  }
},
{
  "pk": 25,
  "model": "core.entry",
  "fields": {
    "seller": 3,
    "is_entry": false,
    "person": 39,
    "category": 6,
    "created": "2015-07-31T17:55:59.320Z",
    "work": 25,
    "description": "UlA4Y5Rrg8w9kD",
    "priority": "a",
    "modified": "2015-07-31T17:55:59.320Z"
  }
},
{
  "pk": 26,
  "model": "core.entry",
  "fields": {
    "seller": 1,
    "is_entry": false,
    "person": 8,
    "category": 4,
    "created": "2015-07-31T17:55:59.476Z",
    "work": 26,
    "description": "y3h7klB7qqBlad1",
    "priority": "n",
    "modified": "2015-07-31T17:55:59.476Z"
  }
},
{
  "pk": 27,
  "model": "core.entry",
  "fields": {
    "seller": 2,
    "is_entry": false,
    "person": 23,
    "category": 6,
    "created": "2015-07-31T17:55:59.612Z",
    "work": 27,
    "description": "74ss4MZ7FKf5vadZ",
    "priority": "n",
    "modified": "2015-07-31T17:55:59.613Z"
  }
},
{
  "pk": 28,
  "model": "core.entry",
  "fields": {
    "seller": 2,
    "is_entry": false,
    "person": 18,
    "category": 1,
    "created": "2015-07-31T17:55:59.753Z",
    "work": 28,
    "description": "4Wjg4IaWjbabjYj4wZnG",
    "priority": "b",
    "modified": "2015-07-31T17:55:59.753Z"
  }
},
{
  "pk": 29,
  "model": "core.entry",
  "fields": {
    "seller": 3,
    "is_entry": false,
    "person": 18,
    "category": 5,
    "created": "2015-07-31T17:55:59.897Z",
    "work": 29,
    "description": "HZ706hBeXvi0n",
    "priority": "b",
    "modified": "2015-07-31T17:55:59.897Z"
  }
},
{
  "pk": 30,
  "model": "core.entry",
  "fields": {
    "seller": 3,
    "is_entry": false,
    "person": 16,
    "category": 5,
    "created": "2015-07-31T17:56:00.041Z",
    "work": 30,
    "description": "ppprggprrpp",
    "priority": "u",
    "modified": "2015-07-31T17:56:00.041Z"
  }
},
{
  "pk": 31,
  "model": "core.entry",
  "fields": {
    "seller": 1,
    "is_entry": false,
    "person": 9,
    "category": 5,
    "created": "2015-07-31T17:56:00.187Z",
    "work": 31,
    "description": "CZHXObBH1r5WZAfHrX",
    "priority": "n",
    "modified": "2015-07-31T17:56:00.187Z"
  }
},
{
  "pk": 32,
  "model": "core.entry",
  "fields": {
    "seller": 3,
    "is_entry": false,
    "person": 44,
    "category": 3,
    "created": "2015-07-31T17:56:00.337Z",
    "work": 32,
    "description": "uM__UBVKCLe",
    "priority": "a",
    "modified": "2015-07-31T17:56:00.337Z"
  }
},
{
  "pk": 33,
  "model": "core.entry",
  "fields": {
    "seller": 3,
    "is_entry": false,
    "person": 5,
    "category": 3,
    "created": "2015-07-31T17:56:00.480Z",
    "work": 33,
    "description": "1YktwGj1kXXHAJLSJR",
    "priority": "n",
    "modified": "2015-07-31T17:56:00.481Z"
  }
},
{
  "pk": 34,
  "model": "core.entry",
  "fields": {
    "seller": 1,
    "is_entry": false,
    "person": 46,
    "category": 5,
    "created": "2015-07-31T17:56:00.630Z",
    "work": 34,
    "description": "QDs1sSs1S1IArs9",
    "priority": "a",
    "modified": "2015-07-31T17:56:00.630Z"
  }
},
{
  "pk": 35,
  "model": "core.entry",
  "fields": {
    "seller": 3,
    "is_entry": false,
    "person": 8,
    "category": 8,
    "created": "2015-07-31T17:56:00.791Z",
    "work": 35,
    "description": "823K4FD6gi9n",
    "priority": "u",
    "modified": "2015-07-31T17:56:00.791Z"
  }
},
{
  "pk": 36,
  "model": "core.entry",
  "fields": {
    "seller": 1,
    "is_entry": false,
    "person": 21,
    "category": 4,
    "created": "2015-07-31T17:56:00.915Z",
    "work": 36,
    "description": "KLLLTa562LL_OnYEVc",
    "priority": "a",
    "modified": "2015-07-31T17:56:00.915Z"
  }
},
{
  "pk": 37,
  "model": "core.entry",
  "fields": {
    "seller": 3,
    "is_entry": false,
    "person": 11,
    "category": 7,
    "created": "2015-07-31T17:56:01.044Z",
    "work": 37,
    "description": "ahagDGTMgXMqD0Mk",
    "priority": "b",
    "modified": "2015-07-31T17:56:01.045Z"
  }
},
{
  "pk": 38,
  "model": "core.entry",
  "fields": {
    "seller": 1,
    "is_entry": false,
    "person": 10,
    "category": 2,
    "created": "2015-07-31T17:56:01.186Z",
    "work": 38,
    "description": "sGR4vpxyghKPBR4m679z",
    "priority": "n",
    "modified": "2015-07-31T17:56:01.186Z"
  }
},
{
  "pk": 39,
  "model": "core.entry",
  "fields": {
    "seller": 1,
    "is_entry": false,
    "person": 26,
    "category": 1,
    "created": "2015-07-31T17:56:01.354Z",
    "work": 39,
    "description": "aoBA7MxUocxQ",
    "priority": "a",
    "modified": "2015-07-31T17:56:01.354Z"
  }
},
{
  "pk": 40,
  "model": "core.entry",
  "fields": {
    "seller": 1,
    "is_entry": false,
    "person": 33,
    "category": 8,
    "created": "2015-07-31T17:56:01.477Z",
    "work": 40,
    "description": "wdwmmwb4wv",
    "priority": "u",
    "modified": "2015-07-31T17:56:01.477Z"
  }
},
{
  "pk": 1,
  "model": "core.category",
  "fields": {
    "category": "or\u00e7amento"
  }
},
{
  "pk": 2,
  "model": "core.category",
  "fields": {
    "category": "concorr\u00eancia"
  }
},
{
  "pk": 3,
  "model": "core.category",
  "fields": {
    "category": "consulta"
  }
},
{
  "pk": 4,
  "model": "core.category",
  "fields": {
    "category": "cota\u00e7\u00e3o"
  }
},
{
  "pk": 5,
  "model": "core.category",
  "fields": {
    "category": "extra"
  }
},
{
  "pk": 6,
  "model": "core.category",
  "fields": {
    "category": "global"
  }
},
{
  "pk": 7,
  "model": "core.category",
  "fields": {
    "category": "particular"
  }
},
{
  "pk": 8,
  "model": "core.category",
  "fields": {
    "category": "outros"
  }
},
{
  "pk": 1,
  "model": "core.work",
  "fields": {
    "customer": 19,
    "district": "Tatuap\u00e9",
    "person": 4,
    "uf": "SP",
    "address": "Rua Coelho Lisboa, 574",
    "cep": "03323-040",
    "name_work": "New Parker",
    "complement": null,
    "city": "S\u00e3o Paulo"
  }
},
{
  "pk": 2,
  "model": "core.work",
  "fields": {
    "customer": 17,
    "district": "Indian\u00f3polis",
    "person": 15,
    "uf": "SP",
    "address": "Av. Indian\u00f3polis, 100",
    "cep": "04062-000",
    "name_work": "Ed. Boulevard",
    "complement": null,
    "city": "S\u00e3o Paulo"
  }
},
{
  "pk": 3,
  "model": "core.work",
  "fields": {
    "customer": 9,
    "district": "Barra Funda",
    "person": 12,
    "uf": "SP",
    "address": "Av. Pacaemb\u00fa, 380",
    "cep": "01155-000",
    "name_work": "Ed. Levantina",
    "complement": null,
    "city": "S\u00e3o Paulo"
  }
},
{
  "pk": 4,
  "model": "core.work",
  "fields": {
    "customer": 17,
    "district": "Morumbi",
    "person": 33,
    "uf": "SP",
    "address": "Av. Ulisses Reis de Matos, 100",
    "cep": "00568-602",
    "name_work": "Ed. Morizono",
    "complement": null,
    "city": "S\u00e3o Paulo"
  }
},
{
  "pk": 5,
  "model": "core.work",
  "fields": {
    "customer": 13,
    "district": "Moema",
    "person": 29,
    "uf": "SP",
    "address": "Av. Moreira Guimar\u00e3es, 367",
    "cep": "04074-030",
    "name_work": "Tiree Itaim",
    "complement": null,
    "city": "S\u00e3o Paulo"
  }
},
{
  "pk": 6,
  "model": "core.work",
  "fields": {
    "customer": 18,
    "district": "Vila Mariana",
    "person": 26,
    "uf": "SP",
    "address": "Rua Padre Machado, 68",
    "cep": "04127-001",
    "name_work": "Casa Ferraz",
    "complement": null,
    "city": "S\u00e3o Paulo"
  }
},
{
  "pk": 7,
  "model": "core.work",
  "fields": {
    "customer": 16,
    "district": "Centro",
    "person": 31,
    "uf": "SP",
    "address": "Est Itapecerica, 2925",
    "cep": "05835-005",
    "name_work": "Ed. Leopoldo",
    "complement": null,
    "city": "S\u00e3o Paulo"
  }
},
{
  "pk": 8,
  "model": "core.work",
  "fields": {
    "customer": 3,
    "district": "Vila Mariana",
    "person": 32,
    "uf": "SP",
    "address": "Av 23 de Maio, 3041",
    "cep": "04008-090",
    "name_work": "SP Loft IV",
    "complement": null,
    "city": "S\u00e3o Paulo"
  }
},
{
  "pk": 9,
  "model": "core.work",
  "fields": {
    "customer": 19,
    "district": "Jardim Am\u00e9rica",
    "person": 2,
    "uf": "SP",
    "address": "Rua Col\u00f4mbia, 810",
    "cep": "01438-001",
    "name_work": "Ed. Faria Lima",
    "complement": null,
    "city": "S\u00e3o Paulo"
  }
},
{
  "pk": 10,
  "model": "core.work",
  "fields": {
    "customer": 13,
    "district": "Pinheiros",
    "person": 43,
    "uf": "SP",
    "address": "Av Pedroso de Morais, 1552",
    "cep": "05420-002",
    "name_work": "Ed. Hor\u00e1cio Lafer",
    "complement": null,
    "city": "S\u00e3o Paulo"
  }
},
{
  "pk": 11,
  "model": "core.work",
  "fields": {
    "customer": 10,
    "district": "Vila Ol\u00edmpia",
    "person": 23,
    "uf": "SP",
    "address": "Av dos Bandeirantes, 1729",
    "cep": "04553-010",
    "name_work": "Ed. Spraiada",
    "complement": null,
    "city": "S\u00e3o Paulo"
  }
},
{
  "pk": 12,
  "model": "core.work",
  "fields": {
    "customer": 1,
    "district": "Vila R\u00e9",
    "person": 38,
    "uf": "SP",
    "address": "Rua Itingu\u00e7u, 1288",
    "cep": "03658-000",
    "name_work": "Ed. 23 de Maio",
    "complement": null,
    "city": "S\u00e3o Paulo"
  }
},
{
  "pk": 13,
  "model": "core.work",
  "fields": {
    "customer": 25,
    "district": "Santo Amaro",
    "person": 11,
    "uf": "SP",
    "address": "Av Morumbi, 7600",
    "cep": "04703-000",
    "name_work": "Ed. Santo Augusto",
    "complement": null,
    "city": "S\u00e3o Paulo"
  }
},
{
  "pk": 14,
  "model": "core.work",
  "fields": {
    "customer": 18,
    "district": "Morumbi",
    "person": 36,
    "uf": "SP",
    "address": "Av Morumbi, 6989",
    "cep": "05650-002",
    "name_work": "Infinity",
    "complement": null,
    "city": "S\u00e3o Paulo"
  }
},
{
  "pk": 15,
  "model": "core.work",
  "fields": {
    "customer": 4,
    "district": "Butant\u00e3",
    "person": 33,
    "uf": "SP",
    "address": "Av Prof Francisco Morato, 1706",
    "cep": "05512-200",
    "name_work": "Boavista Shopping",
    "complement": null,
    "city": "S\u00e3o Paulo"
  }
},
{
  "pk": 16,
  "model": "core.work",
  "fields": {
    "customer": 13,
    "district": "Morumbi",
    "person": 43,
    "uf": "SP",
    "address": "Av Giovanni Gronchi, 2911",
    "cep": "05651-002",
    "name_work": "Brascan Century Open Mall",
    "complement": null,
    "city": "S\u00e3o Paulo"
  }
},
{
  "pk": 17,
  "model": "core.work",
  "fields": {
    "customer": 13,
    "district": "Jardim Europa",
    "person": 43,
    "uf": "SP",
    "address": "Av Europa, 725",
    "cep": "01449-000",
    "name_work": "Central Plaza Shopping",
    "complement": null,
    "city": "S\u00e3o Paulo"
  }
},
{
  "pk": 18,
  "model": "core.work",
  "fields": {
    "customer": 13,
    "district": "Jardim Am\u00e9rica",
    "person": 46,
    "uf": "SP",
    "address": "Rua Col\u00f4mbia, 659",
    "cep": "01438-001",
    "name_work": "Shopping Interlagos",
    "complement": null,
    "city": "S\u00e3o Paulo"
  }
},
{
  "pk": 19,
  "model": "core.work",
  "fields": {
    "customer": 25,
    "district": "Jardim Petr\u00f3polis",
    "person": 47,
    "uf": "SP",
    "address": "Av Prof Vicente R\u00e1o, 915",
    "cep": "04636-000",
    "name_work": "Continental Shopping Center",
    "complement": null,
    "city": "S\u00e3o Paulo"
  }
},
{
  "pk": 20,
  "model": "core.work",
  "fields": {
    "customer": 18,
    "district": "Casa Verde",
    "person": 18,
    "uf": "SP",
    "address": "Av Braz Leme, 268",
    "cep": "02511-000",
    "name_work": "Morumbi Shopping",
    "complement": null,
    "city": "S\u00e3o Paulo"
  }
},
{
  "pk": 21,
  "model": "core.work",
  "fields": {
    "customer": 18,
    "district": "Vila Ol\u00edmpia",
    "person": 28,
    "uf": "SP",
    "address": "Rua Gomes de Carvalho, 421",
    "cep": "04547-001",
    "name_work": "Raposo Shopping",
    "complement": null,
    "city": "S\u00e3o Paulo"
  }
},
{
  "pk": 22,
  "model": "core.work",
  "fields": {
    "customer": 12,
    "district": "Jardim Marajoara",
    "person": 34,
    "uf": "SP",
    "address": "Av Interlagos, 1550",
    "cep": "04660-001",
    "name_work": "Santana Parque Shopping",
    "complement": null,
    "city": "S\u00e3o Paulo"
  }
},
{
  "pk": 23,
  "model": "core.work",
  "fields": {
    "customer": 4,
    "district": "Real Parque",
    "person": 8,
    "uf": "SP",
    "address": "Rua Ulysses Reis de Mattos, 100",
    "cep": "05686-020",
    "name_work": "Shopping Analia Franco",
    "complement": null,
    "city": "S\u00e3o Paulo"
  }
},
{
  "pk": 24,
  "model": "core.work",
  "fields": {
    "customer": 9,
    "district": "Vila Almeida",
    "person": 46,
    "uf": "SP",
    "address": "Av das Na\u00e7\u00f5es Unidas, 17471",
    "cep": "04795-100",
    "name_work": "Shopping Butant\u00e3",
    "complement": null,
    "city": "S\u00e3o Paulo"
  }
},
{
  "pk": 25,
  "model": "core.work",
  "fields": {
    "customer": 1,
    "district": "Jardim S\u00e3o Lu\u00eds",
    "person": 15,
    "uf": "SP",
    "address": "Avenida Maria Coelho Aguiar, 215",
    "cep": "05804-925",
    "name_work": "Shopping Eldorado",
    "complement": null,
    "city": "S\u00e3o Paulo"
  }
},
{
  "pk": 26,
  "model": "core.work",
  "fields": {
    "customer": 14,
    "district": "Alto de Pinheiros",
    "person": 42,
    "uf": "SP",
    "address": "Avenida das Na\u00e7\u00f5es Unidas, 22540",
    "cep": "05307-085",
    "name_work": "Shopping Frei Caneca",
    "complement": null,
    "city": "S\u00e3o Paulo"
  }
},
{
  "pk": 27,
  "model": "core.work",
  "fields": {
    "customer": 23,
    "district": "Vila Ivone",
    "person": 8,
    "uf": "SP",
    "address": "Rua Manoel Jos\u00e9 Viana, 94",
    "cep": "03282-035",
    "name_work": "Shopping Ibirapuera",
    "complement": null,
    "city": "S\u00e3o Paulo"
  }
},
{
  "pk": 28,
  "model": "core.work",
  "fields": {
    "customer": 7,
    "district": "Santa Terezinha",
    "person": 19,
    "uf": "SP",
    "address": "Rua Dona Maria Cust\u00f3dia, 319",
    "cep": "02460-070",
    "name_work": "Shopping Jardim Sul",
    "complement": null,
    "city": "S\u00e3o Paulo"
  }
},
{
  "pk": 29,
  "model": "core.work",
  "fields": {
    "customer": 13,
    "district": "Socorro",
    "person": 5,
    "uf": "SP",
    "address": "Avenida Robert Kennedy, 188",
    "cep": "04768-000",
    "name_work": "Shopping JK Iguatemi",
    "complement": null,
    "city": "S\u00e3o Paulo"
  }
},
{
  "pk": 30,
  "model": "core.work",
  "fields": {
    "customer": 12,
    "district": "Lim\u00e3o",
    "person": 36,
    "uf": "SP",
    "address": "Av Eng Caetano Alvares, 3916",
    "cep": "00000-000",
    "name_work": "Shopping Metro Boulevard Tatuape",
    "complement": null,
    "city": "S\u00e3o Paulo"
  }
},
{
  "pk": 31,
  "model": "core.work",
  "fields": {
    "customer": 23,
    "district": "Santo Amaro",
    "person": 7,
    "uf": "SP",
    "address": "Av Morumbi, 7766",
    "cep": "04703-000",
    "name_work": "Shopping Metr\u00f4 Itaquera",
    "complement": null,
    "city": "S\u00e3o Paulo"
  }
},
{
  "pk": 32,
  "model": "core.work",
  "fields": {
    "customer": 22,
    "district": "Jardim Brasil",
    "person": 35,
    "uf": "SP",
    "address": "Av Roland Garros, 1853",
    "cep": "00000-000",
    "name_work": "Shopping Metr\u00f4 Tatuape",
    "complement": null,
    "city": "S\u00e3o Paulo"
  }
},
{
  "pk": 33,
  "model": "core.work",
  "fields": {
    "customer": 8,
    "district": "Ipiranga",
    "person": 24,
    "uf": "SP",
    "address": "Av Nazar\u00e9, 1070",
    "cep": "04262-200",
    "name_work": "Shopping Metr\u00f4 Tucuruvi",
    "complement": null,
    "city": "S\u00e3o Paulo"
  }
},
{
  "pk": 34,
  "model": "core.work",
  "fields": {
    "customer": 8,
    "district": "Vila Almeida",
    "person": 3,
    "uf": "SP",
    "address": "Avenida das Nacoes Unidas, 19667",
    "cep": "04795-100",
    "name_work": "Shopping P\u00e1tio Higien\u00f3polis",
    "complement": null,
    "city": "S\u00e3o Paulo"
  }
},
{
  "pk": 35,
  "model": "core.work",
  "fields": {
    "customer": 2,
    "district": "Vila Guilherme",
    "person": 8,
    "uf": "SP",
    "address": "Av Morvan Dias de Figueiredo, 1175",
    "cep": "02170-000",
    "name_work": "Shopping P\u00e1tio Paulista",
    "complement": null,
    "city": "S\u00e3o Paulo"
  }
},
{
  "pk": 36,
  "model": "core.work",
  "fields": {
    "customer": 5,
    "district": "Jardim Avelino",
    "person": 49,
    "uf": "SP",
    "address": "Av Prof Luiz Ign\u00e1cio Anhaia Mello, 2560",
    "cep": "03154-100",
    "name_work": "Shopping Plaza Sul",
    "complement": null,
    "city": "S\u00e3o Paulo"
  }
},
{
  "pk": 37,
  "model": "core.work",
  "fields": {
    "customer": 22,
    "district": "Mirand\u00f3polis",
    "person": 16,
    "uf": "SP",
    "address": "Av Jabaquara, 2177",
    "cep": "04045-003",
    "name_work": "Shopping Sp Market",
    "complement": null,
    "city": "S\u00e3o Paulo"
  }
},
{
  "pk": 38,
  "model": "core.work",
  "fields": {
    "customer": 7,
    "district": "Belenzinho",
    "person": 16,
    "uf": "SP",
    "address": "P\u00e7 Br de Tiet\u00ea, 115",
    "cep": "03163-050",
    "name_work": "Shopping Vila Ol\u00edmpia",
    "complement": null,
    "city": "S\u00e3o Paulo"
  }
},
{
  "pk": 39,
  "model": "core.work",
  "fields": {
    "customer": 21,
    "district": "Nossa Senhora do \u00d3",
    "person": 26,
    "uf": "SP",
    "address": "Av Otaviano Alves de Lima, 3972",
    "cep": "02901-000",
    "name_work": "Shopping Villa - lobos",
    "complement": null,
    "city": "S\u00e3o Paulo"
  }
},
{
  "pk": 40,
  "model": "core.work",
  "fields": {
    "customer": 23,
    "district": "Barra Funda",
    "person": 38,
    "uf": "SP",
    "address": "Av Pacaembu, 380",
    "cep": "01155-000",
    "name_work": "West Plaza Shopping",
    "complement": null,
    "city": "S\u00e3o Paulo"
  }
},
{
  "pk": 1,
  "model": "core.proposal",
  "fields": {
    "num_prop": 1,
    "category": 6,
    "status": "c",
    "employee": 1,
    "created": "2015-07-31T17:56:02.249Z",
    "modified": "2015-07-31T17:56:02.249Z",
    "seller": 2,
    "num_type_prop": 0,
    "type_prop": "R",
    "obs": null,
    "person": 47,
    "work": 17,
    "date_conclusion": null,
    "price": "0.00",
    "description": "JtMmELPOOUfkkPmQFm"
  }
},
{
  "pk": 2,
  "model": "core.proposal",
  "fields": {
    "num_prop": 2,
    "category": 3,
    "status": "c",
    "employee": 1,
    "created": "2015-07-31T17:56:02.429Z",
    "modified": "2015-07-31T17:56:02.429Z",
    "seller": 3,
    "num_type_prop": 0,
    "type_prop": "R",
    "obs": null,
    "person": 34,
    "work": 26,
    "date_conclusion": null,
    "price": "0.00",
    "description": "MlhkjDklK4hLkZkDK"
  }
},
{
  "pk": 3,
  "model": "core.proposal",
  "fields": {
    "num_prop": 3,
    "category": 1,
    "status": "elab",
    "employee": 1,
    "created": "2015-07-31T17:56:02.707Z",
    "modified": "2015-07-31T17:56:02.707Z",
    "seller": 2,
    "num_type_prop": 0,
    "type_prop": "R",
    "obs": null,
    "person": 13,
    "work": 9,
    "date_conclusion": null,
    "price": "0.00",
    "description": "hGoi4_0vGS_S"
  }
},
{
  "pk": 4,
  "model": "core.proposal",
  "fields": {
    "num_prop": 4,
    "category": 7,
    "status": "p",
    "employee": 6,
    "created": "2015-07-31T17:56:02.849Z",
    "modified": "2015-07-31T17:56:02.849Z",
    "seller": 3,
    "num_type_prop": 0,
    "type_prop": "R",
    "obs": null,
    "person": 33,
    "work": 9,
    "date_conclusion": null,
    "price": "0.00",
    "description": "IGjs2RNtYhDuTsDRSYk"
  }
},
{
  "pk": 5,
  "model": "core.proposal",
  "fields": {
    "num_prop": 5,
    "category": 7,
    "status": "a",
    "employee": 5,
    "created": "2015-07-31T17:56:02.972Z",
    "modified": "2015-07-31T17:56:02.972Z",
    "seller": 1,
    "num_type_prop": 0,
    "type_prop": "R",
    "obs": null,
    "person": 46,
    "work": 25,
    "date_conclusion": "2015-07-20T03:00:00Z",
    "price": "6736203.78",
    "description": "rJ8xJcb8Vw8ScbrXgIwQ"
  }
},
{
  "pk": 6,
  "model": "core.proposal",
  "fields": {
    "num_prop": 6,
    "category": 6,
    "status": "a",
    "employee": 2,
    "created": "2015-07-31T17:56:03.159Z",
    "modified": "2015-07-31T17:56:03.159Z",
    "seller": 2,
    "num_type_prop": 0,
    "type_prop": "R",
    "obs": null,
    "person": 49,
    "work": 18,
    "date_conclusion": "2015-09-22T03:00:00Z",
    "price": "1020587.02",
    "description": "5d3YtYtYalJQ5"
  }
},
{
  "pk": 7,
  "model": "core.proposal",
  "fields": {
    "num_prop": 7,
    "category": 6,
    "status": "c",
    "employee": 1,
    "created": "2015-07-31T17:56:03.389Z",
    "modified": "2015-07-31T17:56:03.389Z",
    "seller": 2,
    "num_type_prop": 0,
    "type_prop": "R",
    "obs": null,
    "person": 12,
    "work": 26,
    "date_conclusion": null,
    "price": "0.00",
    "description": "f3rSI5yyMoJfDrhO"
  }
},
{
  "pk": 8,
  "model": "core.proposal",
  "fields": {
    "num_prop": 8,
    "category": 1,
    "status": "a",
    "employee": 7,
    "created": "2015-07-31T17:56:03.570Z",
    "modified": "2015-07-31T17:56:03.570Z",
    "seller": 2,
    "num_type_prop": 0,
    "type_prop": "R",
    "obs": null,
    "person": 23,
    "work": 5,
    "date_conclusion": "2015-07-06T03:00:00Z",
    "price": "7667946.52",
    "description": "EooGDHS0FDa0OZHD"
  }
},
{
  "pk": 9,
  "model": "core.proposal",
  "fields": {
    "num_prop": 9,
    "category": 3,
    "status": "c",
    "employee": 7,
    "created": "2015-07-31T17:56:03.701Z",
    "modified": "2015-07-31T17:56:03.701Z",
    "seller": 1,
    "num_type_prop": 0,
    "type_prop": "R",
    "obs": null,
    "person": 10,
    "work": 5,
    "date_conclusion": null,
    "price": "0.00",
    "description": "oTi__IAqi5ma3OW"
  }
},
{
  "pk": 10,
  "model": "core.proposal",
  "fields": {
    "num_prop": 10,
    "category": 8,
    "status": "c",
    "employee": 2,
    "created": "2015-07-31T17:56:03.821Z",
    "modified": "2015-07-31T17:56:03.821Z",
    "seller": 3,
    "num_type_prop": 0,
    "type_prop": "R",
    "obs": null,
    "person": 34,
    "work": 15,
    "date_conclusion": null,
    "price": "0.00",
    "description": "ZmDdcTmZEdp4ceDegEe"
  }
},
{
  "pk": 11,
  "model": "core.proposal",
  "fields": {
    "num_prop": 11,
    "category": 3,
    "status": "co",
    "employee": 2,
    "created": "2015-07-31T17:56:03.942Z",
    "modified": "2015-07-31T17:56:03.942Z",
    "seller": 3,
    "num_type_prop": 0,
    "type_prop": "R",
    "obs": null,
    "person": 35,
    "work": 15,
    "date_conclusion": "2015-02-07T02:00:00Z",
    "price": "7788440.10",
    "description": "TOPTsOJtt7T667j"
  }
},
{
  "pk": 12,
  "model": "core.proposal",
  "fields": {
    "num_prop": 12,
    "category": 4,
    "status": "c",
    "employee": 3,
    "created": "2015-07-31T17:56:04.065Z",
    "modified": "2015-07-31T17:56:04.066Z",
    "seller": 2,
    "num_type_prop": 0,
    "type_prop": "R",
    "obs": null,
    "person": 23,
    "work": 6,
    "date_conclusion": null,
    "price": "0.00",
    "description": "26nv4OYeueHeO2"
  }
},
{
  "pk": 13,
  "model": "core.proposal",
  "fields": {
    "num_prop": 13,
    "category": 7,
    "status": "p",
    "employee": 5,
    "created": "2015-07-31T17:56:04.197Z",
    "modified": "2015-07-31T17:56:04.197Z",
    "seller": 2,
    "num_type_prop": 0,
    "type_prop": "R",
    "obs": null,
    "person": 24,
    "work": 3,
    "date_conclusion": null,
    "price": "0.00",
    "description": "FqQfztvdfrdvqWkkGY"
  }
},
{
  "pk": 14,
  "model": "core.proposal",
  "fields": {
    "num_prop": 14,
    "category": 2,
    "status": "p",
    "employee": 8,
    "created": "2015-07-31T17:56:04.363Z",
    "modified": "2015-07-31T17:56:04.363Z",
    "seller": 3,
    "num_type_prop": 0,
    "type_prop": "R",
    "obs": null,
    "person": 10,
    "work": 29,
    "date_conclusion": null,
    "price": "0.00",
    "description": "ZFz_D4MMW2Trz3BQ"
  }
},
{
  "pk": 15,
  "model": "core.proposal",
  "fields": {
    "num_prop": 15,
    "category": 5,
    "status": "a",
    "employee": 4,
    "created": "2015-07-31T17:56:04.506Z",
    "modified": "2015-07-31T17:56:04.506Z",
    "seller": 1,
    "num_type_prop": 0,
    "type_prop": "R",
    "obs": null,
    "person": 1,
    "work": 5,
    "date_conclusion": "2015-09-06T03:00:00Z",
    "price": "7674816.10",
    "description": "66YPQSYPoYQQQosoP"
  }
},
{
  "pk": 16,
  "model": "core.proposal",
  "fields": {
    "num_prop": 16,
    "category": 8,
    "status": "c",
    "employee": 5,
    "created": "2015-07-31T17:56:04.630Z",
    "modified": "2015-07-31T17:56:04.630Z",
    "seller": 3,
    "num_type_prop": 0,
    "type_prop": "R",
    "obs": null,
    "person": 5,
    "work": 26,
    "date_conclusion": null,
    "price": "0.00",
    "description": "1t7rag6aBFVb38I"
  }
},
{
  "pk": 17,
  "model": "core.proposal",
  "fields": {
    "num_prop": 17,
    "category": 5,
    "status": "elab",
    "employee": 4,
    "created": "2015-07-31T17:56:04.780Z",
    "modified": "2015-07-31T17:56:04.780Z",
    "seller": 1,
    "num_type_prop": 0,
    "type_prop": "R",
    "obs": null,
    "person": 23,
    "work": 35,
    "date_conclusion": null,
    "price": "0.00",
    "description": "n7LcCS2L4YwSLXwF"
  }
},
{
  "pk": 18,
  "model": "core.proposal",
  "fields": {
    "num_prop": 18,
    "category": 4,
    "status": "a",
    "employee": 7,
    "created": "2015-07-31T17:56:04.911Z",
    "modified": "2015-07-31T17:56:04.911Z",
    "seller": 2,
    "num_type_prop": 0,
    "type_prop": "R",
    "obs": null,
    "person": 19,
    "work": 22,
    "date_conclusion": "2015-08-21T03:00:00Z",
    "price": "5195571.80",
    "description": "phijvitejtvc5tUMptlf"
  }
},
{
  "pk": 19,
  "model": "core.proposal",
  "fields": {
    "num_prop": 19,
    "category": 2,
    "status": "c",
    "employee": 1,
    "created": "2015-07-31T17:56:05.044Z",
    "modified": "2015-07-31T17:56:05.044Z",
    "seller": 2,
    "num_type_prop": 0,
    "type_prop": "R",
    "obs": null,
    "person": 14,
    "work": 39,
    "date_conclusion": null,
    "price": "0.00",
    "description": "xA_XduEDwwun_"
  }
},
{
  "pk": 20,
  "model": "core.proposal",
  "fields": {
    "num_prop": 20,
    "category": 2,
    "status": "c",
    "employee": 4,
    "created": "2015-07-31T17:56:05.166Z",
    "modified": "2015-07-31T17:56:05.166Z",
    "seller": 3,
    "num_type_prop": 0,
    "type_prop": "R",
    "obs": null,
    "person": 14,
    "work": 19,
    "date_conclusion": null,
    "price": "0.00",
    "description": "IhzoMtzIilvgVu"
  }
},
{
  "pk": 21,
  "model": "core.proposal",
  "fields": {
    "num_prop": 21,
    "category": 7,
    "status": "p",
    "employee": 4,
    "created": "2015-07-31T17:56:05.283Z",
    "modified": "2015-07-31T17:56:05.283Z",
    "seller": 2,
    "num_type_prop": 0,
    "type_prop": "R",
    "obs": null,
    "person": 15,
    "work": 34,
    "date_conclusion": null,
    "price": "0.00",
    "description": "0YGTwNGrc5ph_l"
  }
},
{
  "pk": 22,
  "model": "core.proposal",
  "fields": {
    "num_prop": 22,
    "category": 6,
    "status": "p",
    "employee": 7,
    "created": "2015-07-31T17:56:05.393Z",
    "modified": "2015-07-31T17:56:05.394Z",
    "seller": 3,
    "num_type_prop": 0,
    "type_prop": "R",
    "obs": null,
    "person": 39,
    "work": 2,
    "date_conclusion": null,
    "price": "0.00",
    "description": "HDZUUUyuUoDHHuZ"
  }
},
{
  "pk": 23,
  "model": "core.proposal",
  "fields": {
    "num_prop": 23,
    "category": 5,
    "status": "c",
    "employee": 6,
    "created": "2015-07-31T17:56:05.512Z",
    "modified": "2015-07-31T17:56:05.512Z",
    "seller": 3,
    "num_type_prop": 0,
    "type_prop": "R",
    "obs": null,
    "person": 12,
    "work": 38,
    "date_conclusion": null,
    "price": "0.00",
    "description": "Wb7yoHW9NsI1k9LE9IDc"
  }
},
{
  "pk": 24,
  "model": "core.proposal",
  "fields": {
    "num_prop": 24,
    "category": 4,
    "status": "elab",
    "employee": 6,
    "created": "2015-07-31T17:56:05.647Z",
    "modified": "2015-07-31T17:56:05.647Z",
    "seller": 3,
    "num_type_prop": 0,
    "type_prop": "R",
    "obs": null,
    "person": 8,
    "work": 12,
    "date_conclusion": null,
    "price": "0.00",
    "description": "bfgztPU21lbiBdg"
  }
},
{
  "pk": 25,
  "model": "core.proposal",
  "fields": {
    "num_prop": 25,
    "category": 7,
    "status": "a",
    "employee": 2,
    "created": "2015-07-31T17:56:05.777Z",
    "modified": "2015-07-31T17:56:05.777Z",
    "seller": 2,
    "num_type_prop": 0,
    "type_prop": "R",
    "obs": null,
    "person": 8,
    "work": 13,
    "date_conclusion": "2015-02-25T03:00:00Z",
    "price": "813260.59",
    "description": "FdBiq21ZJ1b1Z"
  }
},
{
  "pk": 26,
  "model": "core.proposal",
  "fields": {
    "num_prop": 26,
    "category": 3,
    "status": "a",
    "employee": 3,
    "created": "2015-07-31T17:56:05.895Z",
    "modified": "2015-07-31T17:56:05.895Z",
    "seller": 3,
    "num_type_prop": 0,
    "type_prop": "R",
    "obs": null,
    "person": 24,
    "work": 14,
    "date_conclusion": "2015-01-05T02:00:00Z",
    "price": "466098.76",
    "description": "lY_7YfPXp3"
  }
},
{
  "pk": 27,
  "model": "core.proposal",
  "fields": {
    "num_prop": 27,
    "category": 4,
    "status": "a",
    "employee": 8,
    "created": "2015-07-31T17:56:06.046Z",
    "modified": "2015-07-31T17:56:06.046Z",
    "seller": 3,
    "num_type_prop": 0,
    "type_prop": "R",
    "obs": null,
    "person": 40,
    "work": 14,
    "date_conclusion": "2015-07-18T03:00:00Z",
    "price": "7591832.59",
    "description": "ncB41BIiLDsouNZUUPo"
  }
},
{
  "pk": 28,
  "model": "core.proposal",
  "fields": {
    "num_prop": 28,
    "category": 4,
    "status": "co",
    "employee": 4,
    "created": "2015-07-31T17:56:06.170Z",
    "modified": "2015-07-31T17:56:06.170Z",
    "seller": 2,
    "num_type_prop": 0,
    "type_prop": "R",
    "obs": null,
    "person": 11,
    "work": 7,
    "date_conclusion": "2015-02-06T02:00:00Z",
    "price": "749617.03",
    "description": "pOducrrcZZcTKRritr89"
  }
},
{
  "pk": 29,
  "model": "core.proposal",
  "fields": {
    "num_prop": 29,
    "category": 3,
    "status": "c",
    "employee": 4,
    "created": "2015-07-31T17:56:06.316Z",
    "modified": "2015-07-31T17:56:06.316Z",
    "seller": 2,
    "num_type_prop": 0,
    "type_prop": "R",
    "obs": null,
    "person": 40,
    "work": 32,
    "date_conclusion": null,
    "price": "0.00",
    "description": "LooLooLLooLooLLLL"
  }
},
{
  "pk": 30,
  "model": "core.proposal",
  "fields": {
    "num_prop": 30,
    "category": 7,
    "status": "p",
    "employee": 6,
    "created": "2015-07-31T17:56:06.439Z",
    "modified": "2015-07-31T17:56:06.439Z",
    "seller": 1,
    "num_type_prop": 0,
    "type_prop": "R",
    "obs": null,
    "person": 2,
    "work": 9,
    "date_conclusion": null,
    "price": "0.00",
    "description": "X6Mn0cccBsQl"
  }
},
{
  "pk": 31,
  "model": "core.proposal",
  "fields": {
    "num_prop": 31,
    "category": 5,
    "status": "p",
    "employee": 2,
    "created": "2015-07-31T17:56:06.583Z",
    "modified": "2015-07-31T17:56:06.583Z",
    "seller": 2,
    "num_type_prop": 0,
    "type_prop": "R",
    "obs": null,
    "person": 39,
    "work": 28,
    "date_conclusion": null,
    "price": "0.00",
    "description": "ygsuHyuy_y"
  }
},
{
  "pk": 32,
  "model": "core.proposal",
  "fields": {
    "num_prop": 32,
    "category": 4,
    "status": "p",
    "employee": 1,
    "created": "2015-07-31T17:56:06.713Z",
    "modified": "2015-07-31T17:56:06.713Z",
    "seller": 1,
    "num_type_prop": 0,
    "type_prop": "R",
    "obs": null,
    "person": 39,
    "work": 36,
    "date_conclusion": null,
    "price": "0.00",
    "description": "sSkltHbShbJ"
  }
},
{
  "pk": 33,
  "model": "core.proposal",
  "fields": {
    "num_prop": 33,
    "category": 7,
    "status": "co",
    "employee": 3,
    "created": "2015-07-31T17:56:06.840Z",
    "modified": "2015-07-31T17:56:06.840Z",
    "seller": 3,
    "num_type_prop": 0,
    "type_prop": "R",
    "obs": null,
    "person": 6,
    "work": 16,
    "date_conclusion": "2015-10-10T03:00:00Z",
    "price": "1696813.84",
    "description": "ns2XSmnoosYYYons"
  }
},
{
  "pk": 34,
  "model": "core.proposal",
  "fields": {
    "num_prop": 34,
    "category": 1,
    "status": "elab",
    "employee": 4,
    "created": "2015-07-31T17:56:06.970Z",
    "modified": "2015-07-31T17:56:06.970Z",
    "seller": 1,
    "num_type_prop": 0,
    "type_prop": "R",
    "obs": null,
    "person": 37,
    "work": 9,
    "date_conclusion": null,
    "price": "0.00",
    "description": "hK1XIJcKhhW"
  }
},
{
  "pk": 35,
  "model": "core.proposal",
  "fields": {
    "num_prop": 35,
    "category": 1,
    "status": "c",
    "employee": 4,
    "created": "2015-07-31T17:56:07.096Z",
    "modified": "2015-07-31T17:56:07.096Z",
    "seller": 1,
    "num_type_prop": 0,
    "type_prop": "R",
    "obs": null,
    "person": 22,
    "work": 30,
    "date_conclusion": null,
    "price": "0.00",
    "description": "qG6velYnI2mOcZlbpm"
  }
},
{
  "pk": 36,
  "model": "core.proposal",
  "fields": {
    "num_prop": 36,
    "category": 4,
    "status": "p",
    "employee": 9,
    "created": "2015-07-31T17:56:07.215Z",
    "modified": "2015-07-31T17:56:07.216Z",
    "seller": 1,
    "num_type_prop": 0,
    "type_prop": "R",
    "obs": null,
    "person": 46,
    "work": 13,
    "date_conclusion": null,
    "price": "0.00",
    "description": "yoyJ0LtsX0CE"
  }
},
{
  "pk": 37,
  "model": "core.proposal",
  "fields": {
    "num_prop": 37,
    "category": 1,
    "status": "p",
    "employee": 4,
    "created": "2015-07-31T17:56:07.344Z",
    "modified": "2015-07-31T17:56:07.344Z",
    "seller": 3,
    "num_type_prop": 0,
    "type_prop": "R",
    "obs": null,
    "person": 19,
    "work": 15,
    "date_conclusion": null,
    "price": "0.00",
    "description": "_5i5Q55QG1_G"
  }
},
{
  "pk": 38,
  "model": "core.proposal",
  "fields": {
    "num_prop": 38,
    "category": 1,
    "status": "p",
    "employee": 8,
    "created": "2015-07-31T17:56:07.488Z",
    "modified": "2015-07-31T17:56:07.488Z",
    "seller": 1,
    "num_type_prop": 0,
    "type_prop": "R",
    "obs": null,
    "person": 9,
    "work": 6,
    "date_conclusion": null,
    "price": "0.00",
    "description": "oRbsboboRo"
  }
},
{
  "pk": 39,
  "model": "core.proposal",
  "fields": {
    "num_prop": 39,
    "category": 6,
    "status": "elab",
    "employee": 1,
    "created": "2015-07-31T17:56:07.609Z",
    "modified": "2015-07-31T17:56:07.609Z",
    "seller": 3,
    "num_type_prop": 0,
    "type_prop": "R",
    "obs": null,
    "person": 2,
    "work": 17,
    "date_conclusion": null,
    "price": "0.00",
    "description": "vMFAaFbRXNPC"
  }
},
{
  "pk": 40,
  "model": "core.proposal",
  "fields": {
    "num_prop": 40,
    "category": 1,
    "status": "elab",
    "employee": 7,
    "created": "2015-07-31T17:56:07.757Z",
    "modified": "2015-07-31T17:56:07.757Z",
    "seller": 2,
    "num_type_prop": 0,
    "type_prop": "R",
    "obs": null,
    "person": 24,
    "work": 35,
    "date_conclusion": null,
    "price": "0.00",
    "description": "vVvVvVvVVvvvvVv"
  }
},
{
  "pk": 41,
  "model": "core.proposal",
  "fields": {
    "num_prop": 41,
    "category": 2,
    "status": "co",
    "employee": 2,
    "created": "2015-07-31T17:56:07.914Z",
    "modified": "2015-07-31T17:56:07.914Z",
    "seller": 2,
    "num_type_prop": 0,
    "type_prop": "R",
    "obs": null,
    "person": 8,
    "work": 32,
    "date_conclusion": "2015-05-14T03:00:00Z",
    "price": "6908203.31",
    "description": "KAdrs07C0sBli80Vf"
  }
},
{
  "pk": 42,
  "model": "core.proposal",
  "fields": {
    "num_prop": 42,
    "category": 5,
    "status": "c",
    "employee": 2,
    "created": "2015-07-31T17:56:08.095Z",
    "modified": "2015-07-31T17:56:08.095Z",
    "seller": 3,
    "num_type_prop": 0,
    "type_prop": "R",
    "obs": null,
    "person": 41,
    "work": 16,
    "date_conclusion": null,
    "price": "0.00",
    "description": "II2IOQymX1E20OcB"
  }
},
{
  "pk": 43,
  "model": "core.proposal",
  "fields": {
    "num_prop": 43,
    "category": 3,
    "status": "elab",
    "employee": 2,
    "created": "2015-07-31T17:56:08.250Z",
    "modified": "2015-07-31T17:56:08.250Z",
    "seller": 1,
    "num_type_prop": 0,
    "type_prop": "R",
    "obs": null,
    "person": 20,
    "work": 29,
    "date_conclusion": null,
    "price": "0.00",
    "description": "lOmDGNiepn6AHj6"
  }
},
{
  "pk": 44,
  "model": "core.proposal",
  "fields": {
    "num_prop": 44,
    "category": 1,
    "status": "a",
    "employee": 6,
    "created": "2015-07-31T17:56:08.377Z",
    "modified": "2015-07-31T17:56:08.377Z",
    "seller": 1,
    "num_type_prop": 0,
    "type_prop": "R",
    "obs": null,
    "person": 32,
    "work": 33,
    "date_conclusion": "2015-10-14T03:00:00Z",
    "price": "1812487.24",
    "description": "ioD9ooxigo11g9o2"
  }
},
{
  "pk": 45,
  "model": "core.proposal",
  "fields": {
    "num_prop": 45,
    "category": 6,
    "status": "c",
    "employee": 5,
    "created": "2015-07-31T17:56:08.528Z",
    "modified": "2015-07-31T17:56:08.528Z",
    "seller": 2,
    "num_type_prop": 0,
    "type_prop": "R",
    "obs": null,
    "person": 28,
    "work": 38,
    "date_conclusion": null,
    "price": "0.00",
    "description": "zOOv2n5E2nGXGFnFG"
  }
},
{
  "pk": 46,
  "model": "core.proposal",
  "fields": {
    "num_prop": 46,
    "category": 7,
    "status": "c",
    "employee": 2,
    "created": "2015-07-31T17:56:08.640Z",
    "modified": "2015-07-31T17:56:08.640Z",
    "seller": 3,
    "num_type_prop": 0,
    "type_prop": "R",
    "obs": null,
    "person": 36,
    "work": 24,
    "date_conclusion": null,
    "price": "0.00",
    "description": "aO6MGpt5G5o6M5auOM"
  }
},
{
  "pk": 47,
  "model": "core.proposal",
  "fields": {
    "num_prop": 47,
    "category": 2,
    "status": "elab",
    "employee": 6,
    "created": "2015-07-31T17:56:08.784Z",
    "modified": "2015-07-31T17:56:08.784Z",
    "seller": 2,
    "num_type_prop": 0,
    "type_prop": "R",
    "obs": null,
    "person": 24,
    "work": 25,
    "date_conclusion": null,
    "price": "0.00",
    "description": "IWWHDcDT56XTD_"
  }
},
{
  "pk": 48,
  "model": "core.proposal",
  "fields": {
    "num_prop": 48,
    "category": 4,
    "status": "p",
    "employee": 3,
    "created": "2015-07-31T17:56:08.901Z",
    "modified": "2015-07-31T17:56:08.901Z",
    "seller": 2,
    "num_type_prop": 0,
    "type_prop": "R",
    "obs": null,
    "person": 39,
    "work": 8,
    "date_conclusion": null,
    "price": "0.00",
    "description": "wWlp9pGlhsl"
  }
},
{
  "pk": 49,
  "model": "core.proposal",
  "fields": {
    "num_prop": 49,
    "category": 6,
    "status": "co",
    "employee": 4,
    "created": "2015-07-31T17:56:09.031Z",
    "modified": "2015-07-31T17:56:09.032Z",
    "seller": 3,
    "num_type_prop": 0,
    "type_prop": "R",
    "obs": null,
    "person": 4,
    "work": 1,
    "date_conclusion": "2015-10-14T03:00:00Z",
    "price": "6527486.26",
    "description": "n4pJL1pg4BLwXXgK1C"
  }
},
{
  "pk": 50,
  "model": "core.proposal",
  "fields": {
    "num_prop": 50,
    "category": 8,
    "status": "a",
    "employee": 9,
    "created": "2015-07-31T17:56:09.169Z",
    "modified": "2015-07-31T17:56:09.170Z",
    "seller": 2,
    "num_type_prop": 0,
    "type_prop": "R",
    "obs": null,
    "person": 49,
    "work": 17,
    "date_conclusion": "2015-02-15T02:00:00Z",
    "price": "5150609.47",
    "description": "OSXlEVrprlEBXYl"
  }
},
{
  "pk": 51,
  "model": "core.proposal",
  "fields": {
    "num_prop": 51,
    "category": 8,
    "status": "c",
    "employee": 8,
    "created": "2015-07-31T17:56:09.320Z",
    "modified": "2015-07-31T17:56:09.320Z",
    "seller": 2,
    "num_type_prop": 0,
    "type_prop": "R",
    "obs": null,
    "person": 18,
    "work": 21,
    "date_conclusion": null,
    "price": "0.00",
    "description": "7wGuVD1wjo6u1jNjdj"
  }
},
{
  "pk": 52,
  "model": "core.proposal",
  "fields": {
    "num_prop": 52,
    "category": 4,
    "status": "elab",
    "employee": 9,
    "created": "2015-07-31T17:56:09.564Z",
    "modified": "2015-07-31T17:56:09.564Z",
    "seller": 1,
    "num_type_prop": 0,
    "type_prop": "R",
    "obs": null,
    "person": 29,
    "work": 3,
    "date_conclusion": null,
    "price": "0.00",
    "description": "6RfBLFgGAuXOW"
  }
},
{
  "pk": 53,
  "model": "core.proposal",
  "fields": {
    "num_prop": 53,
    "category": 2,
    "status": "p",
    "employee": 2,
    "created": "2015-07-31T17:56:09.727Z",
    "modified": "2015-07-31T17:56:09.727Z",
    "seller": 3,
    "num_type_prop": 0,
    "type_prop": "R",
    "obs": null,
    "person": 36,
    "work": 6,
    "date_conclusion": null,
    "price": "0.00",
    "description": "rF1GMbdXsaU"
  }
},
{
  "pk": 54,
  "model": "core.proposal",
  "fields": {
    "num_prop": 54,
    "category": 8,
    "status": "c",
    "employee": 4,
    "created": "2015-07-31T17:56:09.945Z",
    "modified": "2015-07-31T17:56:09.945Z",
    "seller": 3,
    "num_type_prop": 0,
    "type_prop": "R",
    "obs": null,
    "person": 43,
    "work": 6,
    "date_conclusion": null,
    "price": "0.00",
    "description": "8goJyyiHVH"
  }
},
{
  "pk": 55,
  "model": "core.proposal",
  "fields": {
    "num_prop": 55,
    "category": 3,
    "status": "p",
    "employee": 4,
    "created": "2015-07-31T17:56:10.089Z",
    "modified": "2015-07-31T17:56:10.089Z",
    "seller": 2,
    "num_type_prop": 0,
    "type_prop": "R",
    "obs": null,
    "person": 27,
    "work": 34,
    "date_conclusion": null,
    "price": "0.00",
    "description": "2REDZVCESCCe6e2W2So"
  }
},
{
  "pk": 56,
  "model": "core.proposal",
  "fields": {
    "num_prop": 56,
    "category": 8,
    "status": "co",
    "employee": 9,
    "created": "2015-07-31T17:56:10.209Z",
    "modified": "2015-07-31T17:56:10.209Z",
    "seller": 3,
    "num_type_prop": 0,
    "type_prop": "R",
    "obs": null,
    "person": 16,
    "work": 32,
    "date_conclusion": "2015-01-01T02:00:00Z",
    "price": "8823018.06",
    "description": "TTOBTZ35HLZ5TB2r"
  }
},
{
  "pk": 57,
  "model": "core.proposal",
  "fields": {
    "num_prop": 57,
    "category": 5,
    "status": "co",
    "employee": 9,
    "created": "2015-07-31T17:56:10.360Z",
    "modified": "2015-07-31T17:56:10.360Z",
    "seller": 3,
    "num_type_prop": 0,
    "type_prop": "R",
    "obs": null,
    "person": 8,
    "work": 3,
    "date_conclusion": "2015-02-13T02:00:00Z",
    "price": "5146354.72",
    "description": "7jBVbu6TMAuUPmA0BU7"
  }
},
{
  "pk": 58,
  "model": "core.proposal",
  "fields": {
    "num_prop": 58,
    "category": 2,
    "status": "p",
    "employee": 9,
    "created": "2015-07-31T17:56:10.476Z",
    "modified": "2015-07-31T17:56:10.476Z",
    "seller": 3,
    "num_type_prop": 0,
    "type_prop": "R",
    "obs": null,
    "person": 38,
    "work": 18,
    "date_conclusion": null,
    "price": "0.00",
    "description": "AtlnRcAEMWTOfTvO2"
  }
},
{
  "pk": 59,
  "model": "core.proposal",
  "fields": {
    "num_prop": 59,
    "category": 2,
    "status": "co",
    "employee": 7,
    "created": "2015-07-31T17:56:10.604Z",
    "modified": "2015-07-31T17:56:10.604Z",
    "seller": 2,
    "num_type_prop": 0,
    "type_prop": "R",
    "obs": null,
    "person": 16,
    "work": 3,
    "date_conclusion": "2015-08-01T03:00:00Z",
    "price": "228960.14",
    "description": "Cj9g9g_L9GvkGjx"
  }
},
{
  "pk": 60,
  "model": "core.proposal",
  "fields": {
    "num_prop": 60,
    "category": 3,
    "status": "a",
    "employee": 5,
    "created": "2015-07-31T17:56:10.725Z",
    "modified": "2015-07-31T17:56:10.725Z",
    "seller": 2,
    "num_type_prop": 0,
    "type_prop": "R",
    "obs": null,
    "person": 19,
    "work": 24,
    "date_conclusion": "2015-04-05T03:00:00Z",
    "price": "337624.76",
    "description": "5pBHqGwGV4aofUWR8B0"
  }
},
{
  "pk": 61,
  "model": "core.proposal",
  "fields": {
    "num_prop": 61,
    "category": 3,
    "status": "a",
    "employee": 7,
    "created": "2015-07-31T17:56:10.848Z",
    "modified": "2015-07-31T17:56:10.848Z",
    "seller": 3,
    "num_type_prop": 0,
    "type_prop": "R",
    "obs": null,
    "person": 14,
    "work": 24,
    "date_conclusion": "2015-10-12T03:00:00Z",
    "price": "4915852.95",
    "description": "pGVEmpxVGGidexep"
  }
},
{
  "pk": 62,
  "model": "core.proposal",
  "fields": {
    "num_prop": 62,
    "category": 2,
    "status": "co",
    "employee": 3,
    "created": "2015-07-31T17:56:11.005Z",
    "modified": "2015-07-31T17:56:11.005Z",
    "seller": 2,
    "num_type_prop": 0,
    "type_prop": "R",
    "obs": null,
    "person": 31,
    "work": 10,
    "date_conclusion": "2015-05-05T03:00:00Z",
    "price": "8329764.40",
    "description": "84CsMMEno4i0ONqHCo"
  }
},
{
  "pk": 63,
  "model": "core.proposal",
  "fields": {
    "num_prop": 63,
    "category": 5,
    "status": "co",
    "employee": 4,
    "created": "2015-07-31T17:56:11.182Z",
    "modified": "2015-07-31T17:56:11.182Z",
    "seller": 2,
    "num_type_prop": 0,
    "type_prop": "R",
    "obs": null,
    "person": 50,
    "work": 10,
    "date_conclusion": "2015-05-14T03:00:00Z",
    "price": "8665375.48",
    "description": "uT505oUAuETA5T"
  }
},
{
  "pk": 64,
  "model": "core.proposal",
  "fields": {
    "num_prop": 64,
    "category": 7,
    "status": "a",
    "employee": 3,
    "created": "2015-07-31T17:56:11.308Z",
    "modified": "2015-07-31T17:56:11.308Z",
    "seller": 2,
    "num_type_prop": 0,
    "type_prop": "R",
    "obs": null,
    "person": 33,
    "work": 7,
    "date_conclusion": "2015-08-21T03:00:00Z",
    "price": "5131423.72",
    "description": "bgTWYWDKO2yJ5djvJoW"
  }
},
{
  "pk": 65,
  "model": "core.proposal",
  "fields": {
    "num_prop": 65,
    "category": 2,
    "status": "co",
    "employee": 8,
    "created": "2015-07-31T17:56:11.422Z",
    "modified": "2015-07-31T17:56:11.422Z",
    "seller": 3,
    "num_type_prop": 0,
    "type_prop": "R",
    "obs": null,
    "person": 34,
    "work": 8,
    "date_conclusion": "2015-01-16T02:00:00Z",
    "price": "7492412.36",
    "description": "nYceSYgSCceX7n"
  }
},
{
  "pk": 66,
  "model": "core.proposal",
  "fields": {
    "num_prop": 66,
    "category": 2,
    "status": "p",
    "employee": 8,
    "created": "2015-07-31T17:56:11.562Z",
    "modified": "2015-07-31T17:56:11.562Z",
    "seller": 2,
    "num_type_prop": 0,
    "type_prop": "R",
    "obs": null,
    "person": 37,
    "work": 12,
    "date_conclusion": null,
    "price": "0.00",
    "description": "xZIllxoOwLCZ4H"
  }
},
{
  "pk": 67,
  "model": "core.proposal",
  "fields": {
    "num_prop": 67,
    "category": 1,
    "status": "a",
    "employee": 3,
    "created": "2015-07-31T17:56:11.706Z",
    "modified": "2015-07-31T17:56:11.706Z",
    "seller": 2,
    "num_type_prop": 0,
    "type_prop": "R",
    "obs": null,
    "person": 35,
    "work": 15,
    "date_conclusion": "2015-02-06T02:00:00Z",
    "price": "1204537.02",
    "description": "_FuPpcM8GIGM"
  }
},
{
  "pk": 68,
  "model": "core.proposal",
  "fields": {
    "num_prop": 68,
    "category": 1,
    "status": "elab",
    "employee": 9,
    "created": "2015-07-31T17:56:11.849Z",
    "modified": "2015-07-31T17:56:11.849Z",
    "seller": 2,
    "num_type_prop": 0,
    "type_prop": "R",
    "obs": null,
    "person": 21,
    "work": 32,
    "date_conclusion": null,
    "price": "0.00",
    "description": "2qLBapujXv"
  }
},
{
  "pk": 69,
  "model": "core.proposal",
  "fields": {
    "num_prop": 69,
    "category": 5,
    "status": "co",
    "employee": 8,
    "created": "2015-07-31T17:56:11.993Z",
    "modified": "2015-07-31T17:56:11.993Z",
    "seller": 2,
    "num_type_prop": 0,
    "type_prop": "R",
    "obs": null,
    "person": 41,
    "work": 32,
    "date_conclusion": "2015-01-08T02:00:00Z",
    "price": "903986.98",
    "description": "PDWDHFxBx7KWdDKlP5D"
  }
},
{
  "pk": 70,
  "model": "core.proposal",
  "fields": {
    "num_prop": 70,
    "category": 5,
    "status": "co",
    "employee": 8,
    "created": "2015-07-31T17:56:12.132Z",
    "modified": "2015-07-31T17:56:12.132Z",
    "seller": 2,
    "num_type_prop": 0,
    "type_prop": "R",
    "obs": null,
    "person": 23,
    "work": 12,
    "date_conclusion": "2015-02-10T02:00:00Z",
    "price": "4527793.46",
    "description": "fF8VV5YZkgeU"
  }
},
{
  "pk": 71,
  "model": "core.proposal",
  "fields": {
    "num_prop": 71,
    "category": 7,
    "status": "a",
    "employee": 9,
    "created": "2015-07-31T17:56:12.254Z",
    "modified": "2015-07-31T17:56:12.254Z",
    "seller": 1,
    "num_type_prop": 0,
    "type_prop": "R",
    "obs": null,
    "person": 44,
    "work": 37,
    "date_conclusion": "2015-12-07T02:00:00Z",
    "price": "3840648.36",
    "description": "dLmhettNemh"
  }
},
{
  "pk": 72,
  "model": "core.proposal",
  "fields": {
    "num_prop": 72,
    "category": 3,
    "status": "c",
    "employee": 9,
    "created": "2015-07-31T17:56:12.379Z",
    "modified": "2015-07-31T17:56:12.379Z",
    "seller": 1,
    "num_type_prop": 0,
    "type_prop": "R",
    "obs": null,
    "person": 2,
    "work": 21,
    "date_conclusion": null,
    "price": "0.00",
    "description": "2r2Lr222rr22LL"
  }
},
{
  "pk": 73,
  "model": "core.proposal",
  "fields": {
    "num_prop": 73,
    "category": 7,
    "status": "co",
    "employee": 8,
    "created": "2015-07-31T17:56:12.527Z",
    "modified": "2015-07-31T17:56:12.527Z",
    "seller": 3,
    "num_type_prop": 0,
    "type_prop": "R",
    "obs": null,
    "person": 2,
    "work": 6,
    "date_conclusion": "2015-04-24T03:00:00Z",
    "price": "863339.35",
    "description": "zAOSOzTSbBsB2BjE"
  }
},
{
  "pk": 74,
  "model": "core.proposal",
  "fields": {
    "num_prop": 74,
    "category": 1,
    "status": "c",
    "employee": 9,
    "created": "2015-07-31T17:56:12.682Z",
    "modified": "2015-07-31T17:56:12.682Z",
    "seller": 2,
    "num_type_prop": 0,
    "type_prop": "R",
    "obs": null,
    "person": 42,
    "work": 10,
    "date_conclusion": null,
    "price": "0.00",
    "description": "3wqq3qzHHBzw"
  }
},
{
  "pk": 75,
  "model": "core.proposal",
  "fields": {
    "num_prop": 75,
    "category": 5,
    "status": "c",
    "employee": 8,
    "created": "2015-07-31T17:56:12.826Z",
    "modified": "2015-07-31T17:56:12.826Z",
    "seller": 2,
    "num_type_prop": 0,
    "type_prop": "R",
    "obs": null,
    "person": 16,
    "work": 33,
    "date_conclusion": null,
    "price": "0.00",
    "description": "il_09iW0zU1"
  }
},
{
  "pk": 76,
  "model": "core.proposal",
  "fields": {
    "num_prop": 76,
    "category": 2,
    "status": "c",
    "employee": 3,
    "created": "2015-07-31T17:56:13.182Z",
    "modified": "2015-07-31T17:56:13.182Z",
    "seller": 2,
    "num_type_prop": 0,
    "type_prop": "R",
    "obs": null,
    "person": 34,
    "work": 38,
    "date_conclusion": null,
    "price": "0.00",
    "description": "hhQKQh6hKaQShQhgSa"
  }
},
{
  "pk": 77,
  "model": "core.proposal",
  "fields": {
    "num_prop": 77,
    "category": 3,
    "status": "c",
    "employee": 4,
    "created": "2015-07-31T17:56:13.385Z",
    "modified": "2015-07-31T17:56:13.385Z",
    "seller": 3,
    "num_type_prop": 0,
    "type_prop": "R",
    "obs": null,
    "person": 28,
    "work": 19,
    "date_conclusion": null,
    "price": "0.00",
    "description": "ftRorTrLERgVlg_gX"
  }
},
{
  "pk": 78,
  "model": "core.proposal",
  "fields": {
    "num_prop": 78,
    "category": 2,
    "status": "a",
    "employee": 4,
    "created": "2015-07-31T17:56:13.583Z",
    "modified": "2015-07-31T17:56:13.583Z",
    "seller": 2,
    "num_type_prop": 0,
    "type_prop": "R",
    "obs": null,
    "person": 29,
    "work": 33,
    "date_conclusion": "2015-08-01T03:00:00Z",
    "price": "3062292.95",
    "description": "zz94RTfbz_IJzyv91"
  }
},
{
  "pk": 79,
  "model": "core.proposal",
  "fields": {
    "num_prop": 79,
    "category": 8,
    "status": "a",
    "employee": 8,
    "created": "2015-07-31T17:56:13.710Z",
    "modified": "2015-07-31T17:56:13.710Z",
    "seller": 2,
    "num_type_prop": 0,
    "type_prop": "R",
    "obs": null,
    "person": 46,
    "work": 5,
    "date_conclusion": "2015-11-03T02:00:00Z",
    "price": "7750136.84",
    "description": "uuuuuuuuuuuuuuuuu"
  }
},
{
  "pk": 80,
  "model": "core.proposal",
  "fields": {
    "num_prop": 80,
    "category": 8,
    "status": "p",
    "employee": 7,
    "created": "2015-07-31T17:56:13.841Z",
    "modified": "2015-07-31T17:56:13.841Z",
    "seller": 1,
    "num_type_prop": 0,
    "type_prop": "R",
    "obs": null,
    "person": 38,
    "work": 18,
    "date_conclusion": null,
    "price": "0.00",
    "description": "d1pZG4FLT6LpPdlTTuc"
  }
},
{
  "pk": 81,
  "model": "core.proposal",
  "fields": {
    "num_prop": 81,
    "category": 6,
    "status": "a",
    "employee": 8,
    "created": "2015-07-31T17:56:13.973Z",
    "modified": "2015-07-31T17:56:13.973Z",
    "seller": 1,
    "num_type_prop": 0,
    "type_prop": "R",
    "obs": null,
    "person": 7,
    "work": 12,
    "date_conclusion": "2015-10-09T03:00:00Z",
    "price": "7136035.89",
    "description": "GpWpkQXo1a30vGQGk2"
  }
},
{
  "pk": 82,
  "model": "core.proposal",
  "fields": {
    "num_prop": 82,
    "category": 4,
    "status": "co",
    "employee": 9,
    "created": "2015-07-31T17:56:14.111Z",
    "modified": "2015-07-31T17:56:14.111Z",
    "seller": 2,
    "num_type_prop": 0,
    "type_prop": "R",
    "obs": null,
    "person": 48,
    "work": 9,
    "date_conclusion": "2015-08-25T03:00:00Z",
    "price": "7037848.84",
    "description": "55qjNfvpp5fzNfPNMWD"
  }
},
{
  "pk": 83,
  "model": "core.proposal",
  "fields": {
    "num_prop": 83,
    "category": 8,
    "status": "elab",
    "employee": 6,
    "created": "2015-07-31T17:56:14.400Z",
    "modified": "2015-07-31T17:56:14.400Z",
    "seller": 3,
    "num_type_prop": 0,
    "type_prop": "R",
    "obs": null,
    "person": 1,
    "work": 11,
    "date_conclusion": null,
    "price": "0.00",
    "description": "4QqqaQoftQaMtq1I"
  }
},
{
  "pk": 84,
  "model": "core.proposal",
  "fields": {
    "num_prop": 84,
    "category": 7,
    "status": "c",
    "employee": 6,
    "created": "2015-07-31T17:56:14.752Z",
    "modified": "2015-07-31T17:56:14.752Z",
    "seller": 2,
    "num_type_prop": 0,
    "type_prop": "R",
    "obs": null,
    "person": 29,
    "work": 12,
    "date_conclusion": null,
    "price": "0.00",
    "description": "gsBtg2IeDF2yTVCgK"
  }
},
{
  "pk": 85,
  "model": "core.proposal",
  "fields": {
    "num_prop": 85,
    "category": 7,
    "status": "c",
    "employee": 7,
    "created": "2015-07-31T17:56:14.883Z",
    "modified": "2015-07-31T17:56:14.883Z",
    "seller": 1,
    "num_type_prop": 0,
    "type_prop": "R",
    "obs": null,
    "person": 11,
    "work": 25,
    "date_conclusion": null,
    "price": "0.00",
    "description": "owYzGZy1GuooO"
  }
},
{
  "pk": 86,
  "model": "core.proposal",
  "fields": {
    "num_prop": 86,
    "category": 1,
    "status": "c",
    "employee": 8,
    "created": "2015-07-31T17:56:15.029Z",
    "modified": "2015-07-31T17:56:15.029Z",
    "seller": 3,
    "num_type_prop": 0,
    "type_prop": "R",
    "obs": null,
    "person": 8,
    "work": 11,
    "date_conclusion": null,
    "price": "0.00",
    "description": "Q18ejQU8xYccEPg"
  }
},
{
  "pk": 87,
  "model": "core.proposal",
  "fields": {
    "num_prop": 87,
    "category": 7,
    "status": "elab",
    "employee": 5,
    "created": "2015-07-31T17:56:15.161Z",
    "modified": "2015-07-31T17:56:15.161Z",
    "seller": 3,
    "num_type_prop": 0,
    "type_prop": "R",
    "obs": null,
    "person": 5,
    "work": 38,
    "date_conclusion": null,
    "price": "0.00",
    "description": "44ngn44yyg4yg4ggyng4"
  }
},
{
  "pk": 88,
  "model": "core.proposal",
  "fields": {
    "num_prop": 88,
    "category": 1,
    "status": "p",
    "employee": 1,
    "created": "2015-07-31T17:56:15.293Z",
    "modified": "2015-07-31T17:56:15.293Z",
    "seller": 1,
    "num_type_prop": 0,
    "type_prop": "R",
    "obs": null,
    "person": 30,
    "work": 37,
    "date_conclusion": null,
    "price": "0.00",
    "description": "YYB0BbDDBYBYYD"
  }
},
{
  "pk": 89,
  "model": "core.proposal",
  "fields": {
    "num_prop": 89,
    "category": 3,
    "status": "c",
    "employee": 5,
    "created": "2015-07-31T17:56:15.422Z",
    "modified": "2015-07-31T17:56:15.422Z",
    "seller": 1,
    "num_type_prop": 0,
    "type_prop": "R",
    "obs": null,
    "person": 18,
    "work": 12,
    "date_conclusion": null,
    "price": "0.00",
    "description": "BRDiUzMU0VUvBia"
  }
},
{
  "pk": 90,
  "model": "core.proposal",
  "fields": {
    "num_prop": 90,
    "category": 2,
    "status": "co",
    "employee": 6,
    "created": "2015-07-31T17:56:15.590Z",
    "modified": "2015-07-31T17:56:15.590Z",
    "seller": 3,
    "num_type_prop": 0,
    "type_prop": "R",
    "obs": null,
    "person": 5,
    "work": 28,
    "date_conclusion": "2015-10-04T03:00:00Z",
    "price": "4480700.15",
    "description": "vms3Nxe0Ow6E6w6cws"
  }
},
{
  "pk": 91,
  "model": "core.proposal",
  "fields": {
    "num_prop": 91,
    "category": 5,
    "status": "co",
    "employee": 2,
    "created": "2015-07-31T17:56:15.724Z",
    "modified": "2015-07-31T17:56:15.724Z",
    "seller": 3,
    "num_type_prop": 0,
    "type_prop": "R",
    "obs": null,
    "person": 39,
    "work": 15,
    "date_conclusion": "2015-12-10T02:00:00Z",
    "price": "7316657.65",
    "description": "CS3VSp4pJF4JVFmFQ"
  }
},
{
  "pk": 92,
  "model": "core.proposal",
  "fields": {
    "num_prop": 92,
    "category": 5,
    "status": "elab",
    "employee": 1,
    "created": "2015-07-31T17:56:15.860Z",
    "modified": "2015-07-31T17:56:15.860Z",
    "seller": 1,
    "num_type_prop": 0,
    "type_prop": "R",
    "obs": null,
    "person": 9,
    "work": 6,
    "date_conclusion": null,
    "price": "0.00",
    "description": "jCM3_Ga9_wScDPUIm"
  }
},
{
  "pk": 93,
  "model": "core.proposal",
  "fields": {
    "num_prop": 93,
    "category": 7,
    "status": "c",
    "employee": 6,
    "created": "2015-07-31T17:56:15.992Z",
    "modified": "2015-07-31T17:56:15.992Z",
    "seller": 1,
    "num_type_prop": 0,
    "type_prop": "R",
    "obs": null,
    "person": 42,
    "work": 6,
    "date_conclusion": null,
    "price": "0.00",
    "description": "T3dF1ZQFym44FiZQ1HdZ"
  }
},
{
  "pk": 94,
  "model": "core.proposal",
  "fields": {
    "num_prop": 94,
    "category": 3,
    "status": "a",
    "employee": 2,
    "created": "2015-07-31T17:56:16.124Z",
    "modified": "2015-07-31T17:56:16.124Z",
    "seller": 3,
    "num_type_prop": 0,
    "type_prop": "R",
    "obs": null,
    "person": 11,
    "work": 21,
    "date_conclusion": "2015-02-12T02:00:00Z",
    "price": "8894195.38",
    "description": "eZpOpZ0ZOeZOeeOO00"
  }
},
{
  "pk": 95,
  "model": "core.proposal",
  "fields": {
    "num_prop": 95,
    "category": 8,
    "status": "c",
    "employee": 6,
    "created": "2015-07-31T17:56:16.262Z",
    "modified": "2015-07-31T17:56:16.263Z",
    "seller": 1,
    "num_type_prop": 0,
    "type_prop": "R",
    "obs": null,
    "person": 47,
    "work": 17,
    "date_conclusion": null,
    "price": "0.00",
    "description": "DHHAoZVOSSg"
  }
},
{
  "pk": 96,
  "model": "core.proposal",
  "fields": {
    "num_prop": 96,
    "category": 4,
    "status": "c",
    "employee": 5,
    "created": "2015-07-31T17:56:16.424Z",
    "modified": "2015-07-31T17:56:16.424Z",
    "seller": 2,
    "num_type_prop": 0,
    "type_prop": "R",
    "obs": null,
    "person": 3,
    "work": 16,
    "date_conclusion": null,
    "price": "0.00",
    "description": "KNBwNggN11gBgWBwwdwW"
  }
},
{
  "pk": 97,
  "model": "core.proposal",
  "fields": {
    "num_prop": 97,
    "category": 6,
    "status": "p",
    "employee": 7,
    "created": "2015-07-31T17:56:16.594Z",
    "modified": "2015-07-31T17:56:16.594Z",
    "seller": 3,
    "num_type_prop": 0,
    "type_prop": "R",
    "obs": null,
    "person": 13,
    "work": 15,
    "date_conclusion": null,
    "price": "0.00",
    "description": "OUOUOPPJJWzXJ_JWUoJ"
  }
},
{
  "pk": 98,
  "model": "core.proposal",
  "fields": {
    "num_prop": 98,
    "category": 7,
    "status": "a",
    "employee": 7,
    "created": "2015-07-31T17:56:16.748Z",
    "modified": "2015-07-31T17:56:16.748Z",
    "seller": 2,
    "num_type_prop": 0,
    "type_prop": "R",
    "obs": null,
    "person": 20,
    "work": 27,
    "date_conclusion": "2015-07-14T03:00:00Z",
    "price": "7800296.41",
    "description": "lgUElmOR8c4hgmoW"
  }
},
{
  "pk": 99,
  "model": "core.proposal",
  "fields": {
    "num_prop": 99,
    "category": 2,
    "status": "a",
    "employee": 7,
    "created": "2015-07-31T17:56:16.927Z",
    "modified": "2015-07-31T17:56:16.927Z",
    "seller": 1,
    "num_type_prop": 0,
    "type_prop": "R",
    "obs": null,
    "person": 50,
    "work": 36,
    "date_conclusion": "2015-04-10T03:00:00Z",
    "price": "1378597.94",
    "description": "meQqQQQmqmaeqQaq"
  }
},
{
  "pk": 100,
  "model": "core.proposal",
  "fields": {
    "num_prop": 100,
    "category": 2,
    "status": "elab",
    "employee": 4,
    "created": "2015-07-31T17:56:17.060Z",
    "modified": "2015-07-31T17:56:17.060Z",
    "seller": 1,
    "num_type_prop": 0,
    "type_prop": "R",
    "obs": null,
    "person": 31,
    "work": 12,
    "date_conclusion": null,
    "price": "0.00",
    "description": "9paMHJ5wo7v"
  }
},
{
  "pk": 1,
  "model": "core.contract",
  "fields": {
    "proposal": 5,
    "created": "2015-07-31T17:56:17.940Z",
    "contractor": 1,
    "is_canceled": true,
    "modified": "2015-07-31T17:56:17.940Z"
  }
},
{
  "pk": 2,
  "model": "core.contract",
  "fields": {
    "proposal": 6,
    "created": "2015-07-31T17:56:18.079Z",
    "contractor": 13,
    "is_canceled": false,
    "modified": "2015-07-31T17:56:18.079Z"
  }
},
{
  "pk": 3,
  "model": "core.contract",
  "fields": {
    "proposal": 8,
    "created": "2015-07-31T17:56:18.197Z",
    "contractor": 13,
    "is_canceled": true,
    "modified": "2015-07-31T17:56:18.197Z"
  }
},
{
  "pk": 4,
  "model": "core.contract",
  "fields": {
    "proposal": 15,
    "created": "2015-07-31T17:56:18.307Z",
    "contractor": 13,
    "is_canceled": false,
    "modified": "2015-07-31T17:56:18.307Z"
  }
},
{
  "pk": 5,
  "model": "core.contract",
  "fields": {
    "proposal": 18,
    "created": "2015-07-31T17:56:18.424Z",
    "contractor": 12,
    "is_canceled": true,
    "modified": "2015-07-31T17:56:18.424Z"
  }
},
{
  "pk": 6,
  "model": "core.contract",
  "fields": {
    "proposal": 25,
    "created": "2015-07-31T17:56:18.542Z",
    "contractor": 25,
    "is_canceled": true,
    "modified": "2015-07-31T17:56:18.543Z"
  }
},
{
  "pk": 7,
  "model": "core.contract",
  "fields": {
    "proposal": 26,
    "created": "2015-07-31T17:56:18.678Z",
    "contractor": 18,
    "is_canceled": true,
    "modified": "2015-07-31T17:56:18.678Z"
  }
},
{
  "pk": 8,
  "model": "core.contract",
  "fields": {
    "proposal": 27,
    "created": "2015-07-31T17:56:18.811Z",
    "contractor": 18,
    "is_canceled": true,
    "modified": "2015-07-31T17:56:18.812Z"
  }
},
{
  "pk": 9,
  "model": "core.contract",
  "fields": {
    "proposal": 44,
    "created": "2015-07-31T17:56:18.943Z",
    "contractor": 8,
    "is_canceled": false,
    "modified": "2015-07-31T17:56:18.943Z"
  }
},
{
  "pk": 10,
  "model": "core.contract",
  "fields": {
    "proposal": 50,
    "created": "2015-07-31T17:56:19.076Z",
    "contractor": 13,
    "is_canceled": true,
    "modified": "2015-07-31T17:56:19.076Z"
  }
},
{
  "pk": 11,
  "model": "core.contract",
  "fields": {
    "proposal": 60,
    "created": "2015-07-31T17:56:19.204Z",
    "contractor": 9,
    "is_canceled": true,
    "modified": "2015-07-31T17:56:19.204Z"
  }
},
{
  "pk": 12,
  "model": "core.contract",
  "fields": {
    "proposal": 61,
    "created": "2015-07-31T17:56:19.326Z",
    "contractor": 9,
    "is_canceled": false,
    "modified": "2015-07-31T17:56:19.326Z"
  }
},
{
  "pk": 13,
  "model": "core.contract",
  "fields": {
    "proposal": 64,
    "created": "2015-07-31T17:56:19.544Z",
    "contractor": 16,
    "is_canceled": true,
    "modified": "2015-07-31T17:56:19.544Z"
  }
},
{
  "pk": 14,
  "model": "core.contract",
  "fields": {
    "proposal": 67,
    "created": "2015-07-31T17:56:19.664Z",
    "contractor": 4,
    "is_canceled": true,
    "modified": "2015-07-31T17:56:19.664Z"
  }
},
{
  "pk": 15,
  "model": "core.contract",
  "fields": {
    "proposal": 71,
    "created": "2015-07-31T17:56:19.779Z",
    "contractor": 22,
    "is_canceled": false,
    "modified": "2015-07-31T17:56:19.779Z"
  }
},
{
  "pk": 16,
  "model": "core.contract",
  "fields": {
    "proposal": 78,
    "created": "2015-07-31T17:56:19.905Z",
    "contractor": 8,
    "is_canceled": true,
    "modified": "2015-07-31T17:56:19.905Z"
  }
},
{
  "pk": 17,
  "model": "core.contract",
  "fields": {
    "proposal": 79,
    "created": "2015-07-31T17:56:20.038Z",
    "contractor": 13,
    "is_canceled": true,
    "modified": "2015-07-31T17:56:20.039Z"
  }
},
{
  "pk": 18,
  "model": "core.contract",
  "fields": {
    "proposal": 81,
    "created": "2015-07-31T17:56:20.169Z",
    "contractor": 1,
    "is_canceled": true,
    "modified": "2015-07-31T17:56:20.169Z"
  }
},
{
  "pk": 19,
  "model": "core.contract",
  "fields": {
    "proposal": 94,
    "created": "2015-07-31T17:56:20.314Z",
    "contractor": 18,
    "is_canceled": true,
    "modified": "2015-07-31T17:56:20.314Z"
  }
},
{
  "pk": 20,
  "model": "core.contract",
  "fields": {
    "proposal": 98,
    "created": "2015-07-31T17:56:20.458Z",
    "contractor": 23,
    "is_canceled": false,
    "modified": "2015-07-31T17:56:20.458Z"
  }
},
{
  "pk": 21,
  "model": "core.contract",
  "fields": {
    "proposal": 99,
    "created": "2015-07-31T17:56:20.594Z",
    "contractor": 5,
    "is_canceled": true,
    "modified": "2015-07-31T17:56:20.594Z"
  }
},
{
  "pk": 1,
  "model": "core.numlastproposal",
  "fields": {
    "num_last_prop": 100
  }
},
{
  "pk": 1,
  "model": "auth.permission",
  "fields": {
    "name": "Can add log entry",
    "codename": "add_logentry",
    "content_type": 1
  }
},
{
  "pk": 2,
  "model": "auth.permission",
  "fields": {
    "name": "Can change log entry",
    "codename": "change_logentry",
    "content_type": 1
  }
},
{
  "pk": 3,
  "model": "auth.permission",
  "fields": {
    "name": "Can delete log entry",
    "codename": "delete_logentry",
    "content_type": 1
  }
},
{
  "pk": 4,
  "model": "auth.permission",
  "fields": {
    "name": "Can add permission",
    "codename": "add_permission",
    "content_type": 2
  }
},
{
  "pk": 5,
  "model": "auth.permission",
  "fields": {
    "name": "Can change permission",
    "codename": "change_permission",
    "content_type": 2
  }
},
{
  "pk": 6,
  "model": "auth.permission",
  "fields": {
    "name": "Can delete permission",
    "codename": "delete_permission",
    "content_type": 2
  }
},
{
  "pk": 7,
  "model": "auth.permission",
  "fields": {
    "name": "Can add group",
    "codename": "add_group",
    "content_type": 3
  }
},
{
  "pk": 8,
  "model": "auth.permission",
  "fields": {
    "name": "Can change group",
    "codename": "change_group",
    "content_type": 3
  }
},
{
  "pk": 9,
  "model": "auth.permission",
  "fields": {
    "name": "Can delete group",
    "codename": "delete_group",
    "content_type": 3
  }
},
{
  "pk": 10,
  "model": "auth.permission",
  "fields": {
    "name": "Can add user",
    "codename": "add_user",
    "content_type": 4
  }
},
{
  "pk": 11,
  "model": "auth.permission",
  "fields": {
    "name": "Can change user",
    "codename": "change_user",
    "content_type": 4
  }
},
{
  "pk": 12,
  "model": "auth.permission",
  "fields": {
    "name": "Can delete user",
    "codename": "delete_user",
    "content_type": 4
  }
},
{
  "pk": 13,
  "model": "auth.permission",
  "fields": {
    "name": "Can add content type",
    "codename": "add_contenttype",
    "content_type": 5
  }
},
{
  "pk": 14,
  "model": "auth.permission",
  "fields": {
    "name": "Can change content type",
    "codename": "change_contenttype",
    "content_type": 5
  }
},
{
  "pk": 15,
  "model": "auth.permission",
  "fields": {
    "name": "Can delete content type",
    "codename": "delete_contenttype",
    "content_type": 5
  }
},
{
  "pk": 16,
  "model": "auth.permission",
  "fields": {
    "name": "Can add session",
    "codename": "add_session",
    "content_type": 6
  }
},
{
  "pk": 17,
  "model": "auth.permission",
  "fields": {
    "name": "Can change session",
    "codename": "change_session",
    "content_type": 6
  }
},
{
  "pk": 18,
  "model": "auth.permission",
  "fields": {
    "name": "Can delete session",
    "codename": "delete_session",
    "content_type": 6
  }
},
{
  "pk": 19,
  "model": "auth.permission",
  "fields": {
    "name": "Can add contato",
    "codename": "add_person",
    "content_type": 7
  }
},
{
  "pk": 20,
  "model": "auth.permission",
  "fields": {
    "name": "Can change contato",
    "codename": "change_person",
    "content_type": 7
  }
},
{
  "pk": 21,
  "model": "auth.permission",
  "fields": {
    "name": "Can delete contato",
    "codename": "delete_person",
    "content_type": 7
  }
},
{
  "pk": 22,
  "model": "auth.permission",
  "fields": {
    "name": "Can add cliente",
    "codename": "add_customer",
    "content_type": 8
  }
},
{
  "pk": 23,
  "model": "auth.permission",
  "fields": {
    "name": "Can change cliente",
    "codename": "change_customer",
    "content_type": 8
  }
},
{
  "pk": 24,
  "model": "auth.permission",
  "fields": {
    "name": "Can delete cliente",
    "codename": "delete_customer",
    "content_type": 8
  }
},
{
  "pk": 25,
  "model": "auth.permission",
  "fields": {
    "name": "Can add funcion\u00e1rio",
    "codename": "add_employee",
    "content_type": 9
  }
},
{
  "pk": 26,
  "model": "auth.permission",
  "fields": {
    "name": "Can change funcion\u00e1rio",
    "codename": "change_employee",
    "content_type": 9
  }
},
{
  "pk": 27,
  "model": "auth.permission",
  "fields": {
    "name": "Can delete funcion\u00e1rio",
    "codename": "delete_employee",
    "content_type": 9
  }
},
{
  "pk": 28,
  "model": "auth.permission",
  "fields": {
    "name": "Can add cargo",
    "codename": "add_occupation",
    "content_type": 10
  }
},
{
  "pk": 29,
  "model": "auth.permission",
  "fields": {
    "name": "Can change cargo",
    "codename": "change_occupation",
    "content_type": 10
  }
},
{
  "pk": 30,
  "model": "auth.permission",
  "fields": {
    "name": "Can delete cargo",
    "codename": "delete_occupation",
    "content_type": 10
  }
},
{
  "pk": 31,
  "model": "auth.permission",
  "fields": {
    "name": "Can add vendedor",
    "codename": "add_seller",
    "content_type": 11
  }
},
{
  "pk": 32,
  "model": "auth.permission",
  "fields": {
    "name": "Can change vendedor",
    "codename": "change_seller",
    "content_type": 11
  }
},
{
  "pk": 33,
  "model": "auth.permission",
  "fields": {
    "name": "Can delete vendedor",
    "codename": "delete_seller",
    "content_type": 11
  }
},
{
  "pk": 34,
  "model": "auth.permission",
  "fields": {
    "name": "Can add entrada",
    "codename": "add_entry",
    "content_type": 12
  }
},
{
  "pk": 35,
  "model": "auth.permission",
  "fields": {
    "name": "Can change entrada",
    "codename": "change_entry",
    "content_type": 12
  }
},
{
  "pk": 36,
  "model": "auth.permission",
  "fields": {
    "name": "Can delete entrada",
    "codename": "delete_entry",
    "content_type": 12
  }
},
{
  "pk": 37,
  "model": "auth.permission",
  "fields": {
    "name": "Can add categoria",
    "codename": "add_category",
    "content_type": 13
  }
},
{
  "pk": 38,
  "model": "auth.permission",
  "fields": {
    "name": "Can change categoria",
    "codename": "change_category",
    "content_type": 13
  }
},
{
  "pk": 39,
  "model": "auth.permission",
  "fields": {
    "name": "Can delete categoria",
    "codename": "delete_category",
    "content_type": 13
  }
},
{
  "pk": 40,
  "model": "auth.permission",
  "fields": {
    "name": "Can add obra",
    "codename": "add_work",
    "content_type": 14
  }
},
{
  "pk": 41,
  "model": "auth.permission",
  "fields": {
    "name": "Can change obra",
    "codename": "change_work",
    "content_type": 14
  }
},
{
  "pk": 42,
  "model": "auth.permission",
  "fields": {
    "name": "Can delete obra",
    "codename": "delete_work",
    "content_type": 14
  }
},
{
  "pk": 43,
  "model": "auth.permission",
  "fields": {
    "name": "Can add or\u00e7amento",
    "codename": "add_proposal",
    "content_type": 15
  }
},
{
  "pk": 44,
  "model": "auth.permission",
  "fields": {
    "name": "Can change or\u00e7amento",
    "codename": "change_proposal",
    "content_type": 15
  }
},
{
  "pk": 45,
  "model": "auth.permission",
  "fields": {
    "name": "Can delete or\u00e7amento",
    "codename": "delete_proposal",
    "content_type": 15
  }
},
{
  "pk": 46,
  "model": "auth.permission",
  "fields": {
    "name": "Can add contrato",
    "codename": "add_contract",
    "content_type": 16
  }
},
{
  "pk": 47,
  "model": "auth.permission",
  "fields": {
    "name": "Can change contrato",
    "codename": "change_contract",
    "content_type": 16
  }
},
{
  "pk": 48,
  "model": "auth.permission",
  "fields": {
    "name": "Can delete contrato",
    "codename": "delete_contract",
    "content_type": 16
  }
},
{
  "pk": 49,
  "model": "auth.permission",
  "fields": {
    "name": "Can add n\u00famero \u00faltimo or\u00e7amento",
    "codename": "add_numlastproposal",
    "content_type": 17
  }
},
{
  "pk": 50,
  "model": "auth.permission",
  "fields": {
    "name": "Can change n\u00famero \u00faltimo or\u00e7amento",
    "codename": "change_numlastproposal",
    "content_type": 17
  }
},
{
  "pk": 51,
  "model": "auth.permission",
  "fields": {
    "name": "Can delete n\u00famero \u00faltimo or\u00e7amento",
    "codename": "delete_numlastproposal",
    "content_type": 17
  }
},
{
  "pk": 1,
  "model": "auth.user",
  "fields": {
    "is_superuser": true,
    "date_joined": "2015-07-31T17:55:27.294Z",
    "first_name": "",
    "user_permissions": [],
    "email": "",
    "last_name": "",
    "username": "admin",
    "is_active": true,
    "is_staff": true,
    "password": "pbkdf2_sha256$20000$mrSt5sNq7Xm9$s6YCqAfaYPrLiSdObvNlGDjel0dnmU1L3njkE9RW8og=",
    "groups": [],
    "last_login": null
  }
},
{
  "pk": 2,
  "model": "auth.user",
  "fields": {
    "is_superuser": false,
    "date_joined": "2015-07-31T17:55:28.826Z",
    "first_name": "Amanda",
    "user_permissions": [],
    "email": "amanda@example.com",
    "last_name": "Santos",
    "username": "amanda",
    "is_active": true,
    "is_staff": true,
    "password": "pbkdf2_sha256$12000$Pe4addAsDo1D$xEtHWLnSIVkEppr4pbK69SBhuLwWsSHdXyhkCZBNktA=",
    "groups": [],
    "last_login": null
  }
},
{
  "pk": 3,
  "model": "auth.user",
  "fields": {
    "is_superuser": false,
    "date_joined": "2015-07-31T17:55:29.003Z",
    "first_name": "Caio",
    "user_permissions": [],
    "email": "caio@example.com",
    "last_name": "Gomes Oliveira",
    "username": "caio",
    "is_active": true,
    "is_staff": true,
    "password": "pbkdf2_sha256$12000$Pe4addAsDo1D$xEtHWLnSIVkEppr4pbK69SBhuLwWsSHdXyhkCZBNktA=",
    "groups": [],
    "last_login": null
  }
},
{
  "pk": 4,
  "model": "auth.user",
  "fields": {
    "is_superuser": false,
    "date_joined": "2015-07-31T17:55:29.115Z",
    "first_name": "Rebeca",
    "user_permissions": [],
    "email": "rebeca@example.com",
    "last_name": "Araujo Costa",
    "username": "rebeca",
    "is_active": true,
    "is_staff": true,
    "password": "pbkdf2_sha256$12000$Pe4addAsDo1D$xEtHWLnSIVkEppr4pbK69SBhuLwWsSHdXyhkCZBNktA=",
    "groups": [],
    "last_login": null
  }
},
{
  "pk": 5,
  "model": "auth.user",
  "fields": {
    "is_superuser": false,
    "date_joined": "2015-07-31T17:55:29.225Z",
    "first_name": "Douglas",
    "user_permissions": [],
    "email": "douglas@example.com",
    "last_name": "Cardoso Rodrigues",
    "username": "douglas",
    "is_active": true,
    "is_staff": true,
    "password": "pbkdf2_sha256$12000$Pe4addAsDo1D$xEtHWLnSIVkEppr4pbK69SBhuLwWsSHdXyhkCZBNktA=",
    "groups": [],
    "last_login": null
  }
},
{
  "pk": 6,
  "model": "auth.user",
  "fields": {
    "is_superuser": false,
    "date_joined": "2015-07-31T17:55:29.337Z",
    "first_name": "Jos\u00e9",
    "user_permissions": [],
    "email": "jc@example.com",
    "last_name": "Carlos Frederico",
    "username": "jose",
    "is_active": true,
    "is_staff": true,
    "password": "pbkdf2_sha256$12000$Pe4addAsDo1D$xEtHWLnSIVkEppr4pbK69SBhuLwWsSHdXyhkCZBNktA=",
    "groups": [],
    "last_login": null
  }
},
{
  "pk": 7,
  "model": "auth.user",
  "fields": {
    "is_superuser": false,
    "date_joined": "2015-07-31T17:55:29.448Z",
    "first_name": "Alice",
    "user_permissions": [],
    "email": "alice@example.com",
    "last_name": "Cunha Santos",
    "username": "alice",
    "is_active": true,
    "is_staff": true,
    "password": "pbkdf2_sha256$12000$Pe4addAsDo1D$xEtHWLnSIVkEppr4pbK69SBhuLwWsSHdXyhkCZBNktA=",
    "groups": [],
    "last_login": null
  }
},
{
  "pk": 8,
  "model": "auth.user",
  "fields": {
    "is_superuser": false,
    "date_joined": "2015-07-31T17:55:29.559Z",
    "first_name": "Carla",
    "user_permissions": [],
    "email": "carla@example.com",
    "last_name": "Azevedo Santos",
    "username": "carla",
    "is_active": true,
    "is_staff": true,
    "password": "pbkdf2_sha256$12000$Pe4addAsDo1D$xEtHWLnSIVkEppr4pbK69SBhuLwWsSHdXyhkCZBNktA=",
    "groups": [],
    "last_login": null
  }
},
{
  "pk": 9,
  "model": "auth.user",
  "fields": {
    "is_superuser": true,
    "date_joined": "2015-07-31T17:55:29.736Z",
    "first_name": "Regis",
    "user_permissions": [],
    "email": "regis@example.com",
    "last_name": "da Silva Santos",
    "username": "regis",
    "is_active": true,
    "is_staff": true,
    "password": "pbkdf2_sha256$12000$Pe4addAsDo1D$xEtHWLnSIVkEppr4pbK69SBhuLwWsSHdXyhkCZBNktA=",
    "groups": [],
    "last_login": null
  }
},
{
  "pk": 10,
  "model": "auth.user",
  "fields": {
    "is_superuser": true,
    "date_joined": "2015-07-31T17:55:29.872Z",
    "first_name": "Adailton",
    "user_permissions": [],
    "email": "adailton@example.com",
    "last_name": "do Nascimento",
    "username": "adailton",
    "is_active": true,
    "is_staff": true,
    "password": "pbkdf2_sha256$12000$Pe4addAsDo1D$xEtHWLnSIVkEppr4pbK69SBhuLwWsSHdXyhkCZBNktA=",
    "groups": [],
    "last_login": null
  }
},
{
  "pk": 1,
  "model": "core.employee",
  "fields": {
    "company": "Tivit",
    "city": "S\u00e3o Paulo",
    "cep": "01020000",
    "user": 2,
    "created": "2015-07-31T17:55:32.288Z",
    "cpf": "11122233396",
    "modified": "2015-07-31T17:55:32.288Z",
    "date_release": null,
    "date_entry": "2015-12-03T01:47:17.524Z",
    "department": "Arquitetura",
    "treatment": "aa",
    "rg": "40373800",
    "district": "Cerqueira C\u00e9sar",
    "phone2": "11 7543-2102",
    "gender": "F",
    "complement": "Apto 303",
    "occupation": 3,
    "phone3": "11 7543-2103",
    "uf": "SP",
    "active": true,
    "address": "Avenida Paulista, 1320",
    "blocked": false,
    "phone1": "11 7543-2101"
  }
},
{
  "pk": 2,
  "model": "core.employee",
  "fields": {
    "company": "Tivit",
    "city": "S\u00e3o Paulo",
    "cep": "01100000",
    "user": 3,
    "created": "2015-07-31T17:55:32.435Z",
    "cpf": "73842008714",
    "modified": "2015-07-31T17:55:32.436Z",
    "date_release": null,
    "date_entry": "2015-01-02T15:25:35.127Z",
    "department": "Engenharia",
    "treatment": "eng",
    "rg": "506793799",
    "district": "Aclima\u00e7\u00e3o",
    "phone2": "(11) 0638-5029",
    "gender": "M",
    "complement": "Apto 16",
    "occupation": 4,
    "phone3": "(11) 1827-6927",
    "uf": "SP",
    "active": true,
    "address": "Rua Mar\u00edlia de Dirceu, 1525",
    "blocked": false,
    "phone1": "(11) 7630-3598"
  }
},
{
  "pk": 3,
  "model": "core.employee",
  "fields": {
    "company": "Titanium",
    "city": "S\u00e3o Paulo",
    "cep": "01289098",
    "user": 4,
    "created": "2015-07-31T17:55:32.555Z",
    "cpf": "24644675769",
    "modified": "2015-07-31T17:55:32.555Z",
    "date_release": null,
    "date_entry": "2015-11-14T09:41:02.105Z",
    "department": "Or\u00e7amentos",
    "treatment": "",
    "rg": "592288359",
    "district": "Vergueiro",
    "phone2": "(11) 2887-3286",
    "gender": "F",
    "complement": "cj. 3",
    "occupation": 6,
    "phone3": "(11) 7757-6085",
    "uf": "SP",
    "active": true,
    "address": "Rua Monte Belo, 704",
    "blocked": false,
    "phone1": "(11) 5941-2233"
  }
},
{
  "pk": 4,
  "model": "core.employee",
  "fields": {
    "company": "Titanium",
    "city": "S\u00e3o Paulo",
    "cep": "02812750",
    "user": 5,
    "created": "2015-07-31T17:55:32.696Z",
    "cpf": "96699840361",
    "modified": "2015-07-31T17:55:32.696Z",
    "date_release": null,
    "date_entry": "2015-05-16T21:27:20.081Z",
    "department": "Suprimentos",
    "treatment": "",
    "rg": "224651880",
    "district": "Para\u00edso",
    "phone2": "(11) 9544-1853",
    "gender": "M",
    "complement": null,
    "occupation": 6,
    "phone3": null,
    "uf": "SP",
    "active": true,
    "address": "Rua Dr\u00e1usio Camargo, 440",
    "blocked": false,
    "phone1": "(11) 0162-6907"
  }
},
{
  "pk": 5,
  "model": "core.employee",
  "fields": {
    "company": "Bot",
    "city": "S\u00e3o Paulo",
    "cep": "01627400",
    "user": 6,
    "created": "2015-07-31T17:55:32.824Z",
    "cpf": "88922876699",
    "modified": "2015-07-31T17:55:32.824Z",
    "date_release": null,
    "date_entry": "2015-09-28T06:00:01.305Z",
    "department": "Vendas",
    "treatment": "sr",
    "rg": "967728378",
    "district": "Centro",
    "phone2": "(11) 1784-3771",
    "gender": "M",
    "complement": null,
    "occupation": 2,
    "phone3": "(11) 7896-0948",
    "uf": "SP",
    "active": true,
    "address": "Estrada Macacu, 1530",
    "blocked": false,
    "phone1": "(11) 2821-6772"
  }
},
{
  "pk": 6,
  "model": "core.employee",
  "fields": {
    "company": "Plan",
    "city": "S\u00e3o Paulo",
    "cep": "02616720",
    "user": 7,
    "created": "2015-07-31T17:55:32.938Z",
    "cpf": "52168942960",
    "modified": "2015-07-31T17:55:32.938Z",
    "date_release": null,
    "date_entry": "2015-09-02T19:20:50.544Z",
    "department": "Ger\u00eancia",
    "treatment": "srta",
    "rg": "742367358",
    "district": "Santo Amaro",
    "phone2": "(11) 0911-8736",
    "gender": "F",
    "complement": null,
    "occupation": 6,
    "phone3": null,
    "uf": "SP",
    "active": true,
    "address": "Rua Georgina S\u00e1 Leite Orcessi, 1851",
    "blocked": false,
    "phone1": "(11) 5872-4814"
  }
},
{
  "pk": 7,
  "model": "core.employee",
  "fields": {
    "company": "Plan",
    "city": "S\u00e3o Paulo",
    "cep": "01327465",
    "user": 8,
    "created": "2015-07-31T17:55:33.065Z",
    "cpf": "27663116303",
    "modified": "2015-07-31T17:55:33.065Z",
    "date_release": null,
    "date_entry": "2015-12-26T22:35:56.660Z",
    "department": "Arquitetura",
    "treatment": "srta",
    "rg": "188830743",
    "district": "Filipinas",
    "phone2": "(11) 8955-2228",
    "gender": "F",
    "complement": null,
    "occupation": 1,
    "phone3": "(11) 8369-8870",
    "uf": "SP",
    "active": true,
    "address": "Rua Vinte e Oito, 1491",
    "blocked": false,
    "phone1": "(11) 6297-4741"
  }
},
{
  "pk": 8,
  "model": "core.employee",
  "fields": {
    "company": "RG Solutions",
    "city": "S\u00e3o Paulo",
    "cep": "01727389",
    "user": 9,
    "created": "2015-07-31T17:55:33.189Z",
    "cpf": "15895419181",
    "modified": "2015-07-31T17:55:33.189Z",
    "date_release": null,
    "date_entry": "2015-06-07T00:32:48.285Z",
    "department": "TI",
    "treatment": "",
    "rg": "305467840",
    "district": "Pomp\u00e9ia",
    "phone2": "(11) 7137-0769",
    "gender": "M",
    "complement": "Apto 44",
    "occupation": 5,
    "phone3": null,
    "uf": "SP",
    "active": true,
    "address": "Pra\u00e7a Otaviano de Paulo, 89",
    "blocked": false,
    "phone1": "(11) 4470-4335"
  }
},
{
  "pk": 9,
  "model": "core.employee",
  "fields": {
    "company": "RG Solutions",
    "city": "Aparecida de Goi\u00e2nia",
    "cep": "10282900",
    "user": 10,
    "created": "2015-07-31T17:55:33.456Z",
    "cpf": "41895976210",
    "modified": "2015-07-31T17:55:33.457Z",
    "date_release": null,
    "date_entry": "2015-06-07T00:32:48.285Z",
    "department": "TI",
    "treatment": "",
    "rg": "535121673",
    "district": "Santo Antonio",
    "phone2": "(11) 0444-0210",
    "gender": "M",
    "complement": null,
    "occupation": 6,
    "phone3": null,
    "uf": "GO",
    "active": true,
    "address": "Rua Jaqueira, 460",
    "blocked": false,
    "phone1": "(11) 9002-9415"
  }
}
]
