[
{
  "pk": 1,
  "model": "contenttypes.contenttype",
  "fields": {
    "app_label": "admin",
    "model": "logentry"
  }
},
{
  "pk": 2,
  "model": "contenttypes.contenttype",
  "fields": {
    "app_label": "auth",
    "model": "permission"
  }
},
{
  "pk": 3,
  "model": "contenttypes.contenttype",
  "fields": {
    "app_label": "auth",
    "model": "group"
  }
},
{
  "pk": 4,
  "model": "contenttypes.contenttype",
  "fields": {
    "app_label": "auth",
    "model": "user"
  }
},
{
  "pk": 5,
  "model": "contenttypes.contenttype",
  "fields": {
    "app_label": "contenttypes",
    "model": "contenttype"
  }
},
{
  "pk": 6,
  "model": "contenttypes.contenttype",
  "fields": {
    "app_label": "sessions",
    "model": "session"
  }
},
{
  "pk": 7,
  "model": "contenttypes.contenttype",
  "fields": {
    "app_label": "core",
    "model": "person"
  }
},
{
  "pk": 8,
  "model": "contenttypes.contenttype",
  "fields": {
    "app_label": "core",
    "model": "customer"
  }
},
{
  "pk": 9,
  "model": "contenttypes.contenttype",
  "fields": {
    "app_label": "core",
    "model": "employee"
  }
},
{
  "pk": 10,
  "model": "contenttypes.contenttype",
  "fields": {
    "app_label": "core",
    "model": "occupation"
  }
},
{
  "pk": 11,
  "model": "contenttypes.contenttype",
  "fields": {
    "app_label": "core",
    "model": "seller"
  }
},
{
  "pk": 12,
  "model": "contenttypes.contenttype",
  "fields": {
    "app_label": "core",
    "model": "entry"
  }
},
{
  "pk": 13,
  "model": "contenttypes.contenttype",
  "fields": {
    "app_label": "core",
    "model": "category"
  }
},
{
  "pk": 14,
  "model": "contenttypes.contenttype",
  "fields": {
    "app_label": "core",
    "model": "work"
  }
},
{
  "pk": 15,
  "model": "contenttypes.contenttype",
  "fields": {
    "app_label": "core",
    "model": "proposal"
  }
},
{
  "pk": 16,
  "model": "contenttypes.contenttype",
  "fields": {
    "app_label": "core",
    "model": "contract"
  }
},
{
  "pk": 17,
  "model": "contenttypes.contenttype",
  "fields": {
    "app_label": "core",
    "model": "numlastproposal"
  }
},
{
  "pk": 1,
  "model": "core.person",
  "fields": {
    "email": "regis@example.com",
    "phone2": "11 7543-2102",
    "blocked": false,
    "uf": "SP",
    "gender": "M",
    "modified": "2015-07-31T19:40:41.611Z",
    "occupation": 1,
    "phone1": "11 7543-2101",
    "treatment": "sr",
    "address": "Avenida Paulista, 1320",
    "complement": "Apto 303",
    "last_name": "da Silva",
    "phone3": "11 7543-2103",
    "active": true,
    "company": "RG Solutions",
    "cep": "01020000",
    "cpf": "11122233396",
    "district": "Cerqueira C\u00e9sar",
    "first_name": "Regis",
    "rg": "40373800",
    "created": "2015-07-31T19:40:41.611Z",
    "city": "S\u00e3o Paulo",
    "department": "Or\u00e7amentos"
  }
},
{
  "pk": 2,
  "model": "core.person",
  "fields": {
    "email": "dhelbegors@example.com",
    "phone2": "50 7543-2102",
    "blocked": false,
    "uf": "GO",
    "gender": "M",
    "modified": "2015-07-31T19:40:41.751Z",
    "occupation": 4,
    "phone1": "50 7543-2101",
    "treatment": "sr",
    "address": "Rua Rafael Barbosa",
    "complement": "casa 1",
    "last_name": "do Nascimento",
    "phone3": "50 7543-2103",
    "active": true,
    "company": "RG Solutions",
    "cep": "01020000",
    "cpf": "45877531140",
    "district": "Ribeirinho",
    "first_name": "Adailton",
    "rg": "50373801",
    "created": "2015-07-31T19:40:41.751Z",
    "city": "Goi\u00e1s",
    "department": "Developer"
  }
},
{
  "pk": 3,
  "model": "core.person",
  "fields": {
    "email": "a.brandon@example.com",
    "phone2": "30 3916-1349",
    "blocked": false,
    "uf": "SP",
    "gender": "M",
    "modified": "2015-07-31T19:40:41.916Z",
    "occupation": 1,
    "phone1": "61 7449-7264",
    "treatment": "e",
    "address": "Rua Coelho Lisboa, 574",
    "complement": null,
    "last_name": "Brandon",
    "phone3": "56 5957-3382",
    "active": true,
    "company": "Gringotes",
    "cep": "03323-040",
    "cpf": "03799297904",
    "district": "Tatuap\u00e9",
    "first_name": "Alvin",
    "rg": "048974567",
    "created": "2015-07-31T19:40:41.916Z",
    "city": "S\u00e3o Paulo",
    "department": null
  }
},
{
  "pk": 4,
  "model": "core.person",
  "fields": {
    "email": "p.easley@example.com",
    "phone2": "05 7355-1700",
    "blocked": false,
    "uf": "SP",
    "gender": "M",
    "modified": "2015-07-31T19:40:42.038Z",
    "occupation": 1,
    "phone1": "19 3948-2551",
    "treatment": "e",
    "address": "Av. Indian\u00f3polis, 100",
    "complement": null,
    "last_name": "Easley",
    "phone3": "02 3915-6421",
    "active": true,
    "company": "Wonka",
    "cep": "04062-000",
    "cpf": "72344212028",
    "district": "Indian\u00f3polis",
    "first_name": "Pat",
    "rg": "173894921",
    "created": "2015-07-31T19:40:42.038Z",
    "city": "S\u00e3o Paulo",
    "department": null
  }
},
{
  "pk": 5,
  "model": "core.person",
  "fields": {
    "email": "w.perry@example.com",
    "phone2": "22 0493-5821",
    "blocked": false,
    "uf": "SP",
    "gender": "M",
    "modified": "2015-07-31T19:40:42.173Z",
    "occupation": 1,
    "phone1": "27 9258-2648",
    "treatment": "e",
    "address": "Av. Pacaemb\u00fa, 380",
    "complement": null,
    "last_name": "Perry",
    "phone3": "93 0373-9876",
    "active": true,
    "company": "Tabajara",
    "cep": "01155-000",
    "cpf": "33696925138",
    "district": "Barra Funda",
    "first_name": "William",
    "rg": "266953745",
    "created": "2015-07-31T19:40:42.173Z",
    "city": "S\u00e3o Paulo",
    "department": null
  }
},
{
  "pk": 6,
  "model": "core.person",
  "fields": {
    "email": "e.lorensen@example.com",
    "phone2": "51 5940-8163",
    "blocked": false,
    "uf": "SP",
    "gender": "F",
    "modified": "2015-07-31T19:40:42.392Z",
    "occupation": 1,
    "phone1": "63 5637-8867",
    "treatment": "ea",
    "address": "Av. Ulisses Reis de Matos, 100",
    "complement": null,
    "last_name": "Lorensen",
    "phone3": "19 6899-0769",
    "active": true,
    "company": "ILM",
    "cep": "00568-602",
    "cpf": "93273799521",
    "district": "Morumbi",
    "first_name": "Elizabeth",
    "rg": "457114248",
    "created": "2015-07-31T19:40:42.392Z",
    "city": "S\u00e3o Paulo",
    "department": null
  }
},
{
  "pk": 7,
  "model": "core.person",
  "fields": {
    "email": "d.justice@example.com",
    "phone2": "49 6102-2086",
    "blocked": false,
    "uf": "SP",
    "gender": "M",
    "modified": "2015-07-31T19:40:42.533Z",
    "occupation": 1,
    "phone1": "23 3359-5857",
    "treatment": "p",
    "address": "Av. Moreira Guimar\u00e3es, 367",
    "complement": null,
    "last_name": "Justice",
    "phone3": "53 4298-9437",
    "active": true,
    "company": "Tabajara",
    "cep": "04074-030",
    "cpf": "69503857286",
    "district": "Moema",
    "first_name": "David",
    "rg": "700045548",
    "created": "2015-07-31T19:40:42.533Z",
    "city": "S\u00e3o Paulo",
    "department": null
  }
},
{
  "pk": 8,
  "model": "core.person",
  "fields": {
    "email": "e.botto@example.com",
    "phone2": "14 8261-0144",
    "blocked": false,
    "uf": "SP",
    "gender": "M",
    "modified": "2015-07-31T19:40:42.818Z",
    "occupation": 1,
    "phone1": "83 2590-3338",
    "treatment": "e",
    "address": "Rua Padre Machado, 68",
    "complement": null,
    "last_name": "Botto",
    "phone3": "01 7447-4130",
    "active": true,
    "company": "Ghostbusters",
    "cep": "04127-001",
    "cpf": "23919280148",
    "district": "Vila Mariana",
    "first_name": "Eusebio",
    "rg": "081918811",
    "created": "2015-07-31T19:40:42.818Z",
    "city": "S\u00e3o Paulo",
    "department": null
  }
},
{
  "pk": 9,
  "model": "core.person",
  "fields": {
    "email": "a.anderson@example.com",
    "phone2": "47 5927-4754",
    "blocked": false,
    "uf": "SP",
    "gender": "F",
    "modified": "2015-07-31T19:40:43.020Z",
    "occupation": 1,
    "phone1": "16 8275-7203",
    "treatment": "aa",
    "address": "Est Itapecerica, 2925",
    "complement": null,
    "last_name": "Anderson",
    "phone3": "06 0991-7105",
    "active": true,
    "company": "Oscorp",
    "cep": "05835-005",
    "cpf": "56699012391",
    "district": "Centro",
    "first_name": "Alexandria",
    "rg": "000794977",
    "created": "2015-07-31T19:40:43.020Z",
    "city": "S\u00e3o Paulo",
    "department": null
  }
},
{
  "pk": 10,
  "model": "core.person",
  "fields": {
    "email": "f.laborde@example.com",
    "phone2": "23 2484-0249",
    "blocked": false,
    "uf": "SP",
    "gender": "F",
    "modified": "2015-07-31T19:40:43.181Z",
    "occupation": 1,
    "phone1": "96 8223-0139",
    "treatment": "ea",
    "address": "Av 23 de Maio, 3041",
    "complement": null,
    "last_name": "Laborde",
    "phone3": "51 0105-9243",
    "active": true,
    "company": "Acme",
    "cep": "04008-090",
    "cpf": "49676427547",
    "district": "Vila Mariana",
    "first_name": "Flossie",
    "rg": "384339668",
    "created": "2015-07-31T19:40:43.181Z",
    "city": "S\u00e3o Paulo",
    "department": null
  }
},
{
  "pk": 11,
  "model": "core.person",
  "fields": {
    "email": "c.berry@example.com",
    "phone2": "79 1123-5972",
    "blocked": false,
    "uf": "SP",
    "gender": "F",
    "modified": "2015-07-31T19:40:43.404Z",
    "occupation": 1,
    "phone1": "42 8258-6299",
    "treatment": "aa",
    "address": "Rua Col\u00f4mbia, 810",
    "complement": null,
    "last_name": "Berry",
    "phone3": "62 5396-0812",
    "active": true,
    "company": "Wonka",
    "cep": "01438-001",
    "cpf": "66521307923",
    "district": "Jardim Am\u00e9rica",
    "first_name": "Casey",
    "rg": "764486105",
    "created": "2015-07-31T19:40:43.404Z",
    "city": "S\u00e3o Paulo",
    "department": null
  }
},
{
  "pk": 12,
  "model": "core.person",
  "fields": {
    "email": "w.white@example.com",
    "phone2": "80 2706-7726",
    "blocked": false,
    "uf": "SP",
    "gender": "F",
    "modified": "2015-07-31T19:40:43.705Z",
    "occupation": 1,
    "phone1": "17 4961-0696",
    "treatment": "aa",
    "address": "Av Pedroso de Morais, 1552",
    "complement": null,
    "last_name": "White",
    "phone3": "37 8996-6046",
    "active": true,
    "company": "Teknotronic",
    "cep": "05420-002",
    "cpf": "41182925834",
    "district": "Pinheiros",
    "first_name": "Wanda",
    "rg": "940970823",
    "created": "2015-07-31T19:40:43.705Z",
    "city": "S\u00e3o Paulo",
    "department": null
  }
},
{
  "pk": 13,
  "model": "core.person",
  "fields": {
    "email": "j.hernandez@example.com",
    "phone2": "25 3308-8013",
    "blocked": false,
    "uf": "SP",
    "gender": "M",
    "modified": "2015-07-31T19:40:43.827Z",
    "occupation": 1,
    "phone1": "03 3083-8738",
    "treatment": "sr",
    "address": "Av dos Bandeirantes, 1729",
    "complement": null,
    "last_name": "Hernandez",
    "phone3": "55 3197-7056",
    "active": true,
    "company": "Tabajara",
    "cep": "04553-010",
    "cpf": "49945550104",
    "district": "Vila Ol\u00edmpia",
    "first_name": "John",
    "rg": "169402221",
    "created": "2015-07-31T19:40:43.827Z",
    "city": "S\u00e3o Paulo",
    "department": null
  }
},
{
  "pk": 14,
  "model": "core.person",
  "fields": {
    "email": "j.lee@example.com",
    "phone2": "43 2125-9202",
    "blocked": false,
    "uf": "SP",
    "gender": "F",
    "modified": "2015-07-31T19:40:44.295Z",
    "occupation": 1,
    "phone1": "78 8988-0752",
    "treatment": "srta",
    "address": "Rua Itingu\u00e7u, 1288",
    "complement": null,
    "last_name": "Lee",
    "phone3": "78 2592-4512",
    "active": true,
    "company": "RG Solutions",
    "cep": "03658-000",
    "cpf": "68677832918",
    "district": "Vila R\u00e9",
    "first_name": "Jeanette",
    "rg": "303483143",
    "created": "2015-07-31T19:40:44.295Z",
    "city": "S\u00e3o Paulo",
    "department": null
  }
},
{
  "pk": 15,
  "model": "core.person",
  "fields": {
    "email": "d.foley@example.com",
    "phone2": "40 0194-2806",
    "blocked": false,
    "uf": "SP",
    "gender": "F",
    "modified": "2015-07-31T19:40:44.442Z",
    "occupation": 1,
    "phone1": "91 3750-8230",
    "treatment": "ea",
    "address": "Av Morumbi, 7600",
    "complement": null,
    "last_name": "Foley",
    "phone3": "59 5786-5495",
    "active": true,
    "company": "RG Solutions",
    "cep": "04703-000",
    "cpf": "75418464165",
    "district": "Santo Amaro",
    "first_name": "Doris",
    "rg": "290967567",
    "created": "2015-07-31T19:40:44.442Z",
    "city": "S\u00e3o Paulo",
    "department": null
  }
},
{
  "pk": 16,
  "model": "core.person",
  "fields": {
    "email": "c.holman@example.com",
    "phone2": "55 9089-3041",
    "blocked": false,
    "uf": "SP",
    "gender": "F",
    "modified": "2015-07-31T19:40:44.609Z",
    "occupation": 1,
    "phone1": "83 2182-3818",
    "treatment": "ea",
    "address": "Av Morumbi, 6989",
    "complement": null,
    "last_name": "Holman",
    "phone3": "71 0934-0637",
    "active": true,
    "company": "Tivit",
    "cep": "05650-002",
    "cpf": "03762636706",
    "district": "Morumbi",
    "first_name": "Carol",
    "rg": "832941345",
    "created": "2015-07-31T19:40:44.609Z",
    "city": "S\u00e3o Paulo",
    "department": null
  }
},
{
  "pk": 17,
  "model": "core.person",
  "fields": {
    "email": "i.reusswig@example.com",
    "phone2": "58 5512-0465",
    "blocked": false,
    "uf": "SP",
    "gender": "F",
    "modified": "2015-07-31T19:40:44.869Z",
    "occupation": 1,
    "phone1": "35 0233-8742",
    "treatment": "d",
    "address": "Av Prof Francisco Morato, 1706",
    "complement": null,
    "last_name": "Reusswig",
    "phone3": "05 9187-0339",
    "active": true,
    "company": "Ghostbusters",
    "cep": "05512-200",
    "cpf": "60530093896",
    "district": "Butant\u00e3",
    "first_name": "Ira",
    "rg": "990428339",
    "created": "2015-07-31T19:40:44.869Z",
    "city": "S\u00e3o Paulo",
    "department": null
  }
},
{
  "pk": 18,
  "model": "core.person",
  "fields": {
    "email": "k.burns@example.com",
    "phone2": "43 3086-9508",
    "blocked": false,
    "uf": "SP",
    "gender": "M",
    "modified": "2015-07-31T19:40:45.027Z",
    "occupation": 1,
    "phone1": "09 9539-1960",
    "treatment": "sr",
    "address": "Av Giovanni Gronchi, 2911",
    "complement": null,
    "last_name": "Burns",
    "phone3": "91 5458-0342",
    "active": true,
    "company": "Tivit",
    "cep": "05651-002",
    "cpf": "20672906375",
    "district": "Morumbi",
    "first_name": "Kevin",
    "rg": "937145145",
    "created": "2015-07-31T19:40:45.027Z",
    "city": "S\u00e3o Paulo",
    "department": null
  }
},
{
  "pk": 19,
  "model": "core.person",
  "fields": {
    "email": "p.mcdonald@example.com",
    "phone2": "11 1583-4855",
    "blocked": false,
    "uf": "SP",
    "gender": "F",
    "modified": "2015-07-31T19:40:45.181Z",
    "occupation": 1,
    "phone1": "47 0508-9716",
    "treatment": "aa",
    "address": "Av Europa, 725",
    "complement": null,
    "last_name": "Mcdonald",
    "phone3": "84 4407-5844",
    "active": true,
    "company": "Cyberdyne",
    "cep": "01449-000",
    "cpf": "29630363473",
    "district": "Jardim Europa",
    "first_name": "Pamela",
    "rg": "590453670",
    "created": "2015-07-31T19:40:45.181Z",
    "city": "S\u00e3o Paulo",
    "department": null
  }
},
{
  "pk": 20,
  "model": "core.person",
  "fields": {
    "email": "b.craft@example.com",
    "phone2": "36 6121-7337",
    "blocked": false,
    "uf": "SP",
    "gender": "F",
    "modified": "2015-07-31T19:40:45.341Z",
    "occupation": 1,
    "phone1": "09 3181-0055",
    "treatment": "aa",
    "address": "Rua Col\u00f4mbia, 659",
    "complement": null,
    "last_name": "Craft",
    "phone3": "08 8503-3704",
    "active": true,
    "company": "Wayne",
    "cep": "01438-001",
    "cpf": "79880992403",
    "district": "Jardim Am\u00e9rica",
    "first_name": "Becky",
    "rg": "056847319",
    "created": "2015-07-31T19:40:45.341Z",
    "city": "S\u00e3o Paulo",
    "department": null
  }
},
{
  "pk": 21,
  "model": "core.person",
  "fields": {
    "email": "s.rubenstein@example.com",
    "phone2": "68 4087-5697",
    "blocked": false,
    "uf": "SP",
    "gender": "F",
    "modified": "2015-07-31T19:40:45.572Z",
    "occupation": 1,
    "phone1": "07 1786-9060",
    "treatment": "d",
    "address": "Av Prof Vicente R\u00e1o, 915",
    "complement": null,
    "last_name": "Rubenstein",
    "phone3": "09 8784-4058",
    "active": true,
    "company": "Teknotronic",
    "cep": "04636-000",
    "cpf": "48925609983",
    "district": "Jardim Petr\u00f3polis",
    "first_name": "Sadie",
    "rg": "149666461",
    "created": "2015-07-31T19:40:45.572Z",
    "city": "S\u00e3o Paulo",
    "department": null
  }
},
{
  "pk": 22,
  "model": "core.person",
  "fields": {
    "email": "c.sauceda@example.com",
    "phone2": "21 3469-3185",
    "blocked": false,
    "uf": "SP",
    "gender": "F",
    "modified": "2015-07-31T19:40:45.744Z",
    "occupation": 1,
    "phone1": "88 6039-1411",
    "treatment": "aa",
    "address": "Av Braz Leme, 268",
    "complement": null,
    "last_name": "Sauceda",
    "phone3": "31 2434-0680",
    "active": true,
    "company": "Cyberdyne",
    "cep": "02511-000",
    "cpf": "90673347063",
    "district": "Casa Verde",
    "first_name": "Carol",
    "rg": "583254477",
    "created": "2015-07-31T19:40:45.744Z",
    "city": "S\u00e3o Paulo",
    "department": null
  }
},
{
  "pk": 23,
  "model": "core.person",
  "fields": {
    "email": "c.brown@example.com",
    "phone2": "09 1374-0092",
    "blocked": false,
    "uf": "SP",
    "gender": "F",
    "modified": "2015-07-31T19:40:45.960Z",
    "occupation": 1,
    "phone1": "11 9528-7836",
    "treatment": "pa",
    "address": "Rua Gomes de Carvalho, 421",
    "complement": null,
    "last_name": "Brown",
    "phone3": "13 8295-0691",
    "active": true,
    "company": "Oscorp",
    "cep": "04547-001",
    "cpf": "08491825790",
    "district": "Vila Ol\u00edmpia",
    "first_name": "Connie",
    "rg": "960163409",
    "created": "2015-07-31T19:40:45.960Z",
    "city": "S\u00e3o Paulo",
    "department": null
  }
},
{
  "pk": 24,
  "model": "core.person",
  "fields": {
    "email": "t.moss@example.com",
    "phone2": "88 7695-0036",
    "blocked": false,
    "uf": "SP",
    "gender": "F",
    "modified": "2015-07-31T19:40:46.094Z",
    "occupation": 1,
    "phone1": "13 7009-4150",
    "treatment": "pa",
    "address": "Av Interlagos, 1550",
    "complement": null,
    "last_name": "Moss",
    "phone3": "52 6531-8622",
    "active": true,
    "company": "RG Solutions",
    "cep": "04660-001",
    "cpf": "80630122177",
    "district": "Jardim Marajoara",
    "first_name": "Tracy",
    "rg": "843459981",
    "created": "2015-07-31T19:40:46.094Z",
    "city": "S\u00e3o Paulo",
    "department": null
  }
},
{
  "pk": 25,
  "model": "core.person",
  "fields": {
    "email": "j.farrish@example.com",
    "phone2": "04 8064-1635",
    "blocked": false,
    "uf": "SP",
    "gender": "M",
    "modified": "2015-07-31T19:40:46.265Z",
    "occupation": 1,
    "phone1": "48 1061-6217",
    "treatment": "e",
    "address": "Rua Ulysses Reis de Mattos, 100",
    "complement": null,
    "last_name": "Farrish",
    "phone3": "86 3110-0667",
    "active": true,
    "company": "Globex",
    "cep": "05686-020",
    "cpf": "51886825779",
    "district": "Real Parque",
    "first_name": "Jonathon",
    "rg": "192273517",
    "created": "2015-07-31T19:40:46.265Z",
    "city": "S\u00e3o Paulo",
    "department": null
  }
},
{
  "pk": 26,
  "model": "core.person",
  "fields": {
    "email": "w.steward@example.com",
    "phone2": "37 6839-5539",
    "blocked": false,
    "uf": "SP",
    "gender": "M",
    "modified": "2015-07-31T19:40:46.414Z",
    "occupation": 1,
    "phone1": "41 7681-2107",
    "treatment": "sr",
    "address": "Av das Na\u00e7\u00f5es Unidas, 17471",
    "complement": null,
    "last_name": "Steward",
    "phone3": "86 6121-5570",
    "active": true,
    "company": "Tabajara",
    "cep": "04795-100",
    "cpf": "95378751855",
    "district": "Vila Almeida",
    "first_name": "William",
    "rg": "853703564",
    "created": "2015-07-31T19:40:46.414Z",
    "city": "S\u00e3o Paulo",
    "department": null
  }
},
{
  "pk": 27,
  "model": "core.person",
  "fields": {
    "email": "d.rempel@example.com",
    "phone2": "81 1963-7758",
    "blocked": false,
    "uf": "SP",
    "gender": "M",
    "modified": "2015-07-31T19:40:46.597Z",
    "occupation": 1,
    "phone1": "25 0558-2179",
    "treatment": "a",
    "address": "Avenida Maria Coelho Aguiar, 215",
    "complement": null,
    "last_name": "Rempel",
    "phone3": "54 3404-2919",
    "active": true,
    "company": "Teknotronic",
    "cep": "05804-925",
    "cpf": "88068671733",
    "district": "Jardim S\u00e3o Lu\u00eds",
    "first_name": "David",
    "rg": "807823229",
    "created": "2015-07-31T19:40:46.597Z",
    "city": "S\u00e3o Paulo",
    "department": null
  }
},
{
  "pk": 28,
  "model": "core.person",
  "fields": {
    "email": "a.hummingbird@example.com",
    "phone2": "87 7435-1953",
    "blocked": false,
    "uf": "SP",
    "gender": "F",
    "modified": "2015-07-31T19:40:46.817Z",
    "occupation": 1,
    "phone1": "32 2314-3750",
    "treatment": "ea",
    "address": "Avenida das Na\u00e7\u00f5es Unidas, 22540",
    "complement": null,
    "last_name": "Hummingbird",
    "phone3": "59 7663-4877",
    "active": true,
    "company": "RG Solutions",
    "cep": "05307-085",
    "cpf": "99055756291",
    "district": "Alto de Pinheiros",
    "first_name": "Ashley",
    "rg": "474281719",
    "created": "2015-07-31T19:40:46.817Z",
    "city": "S\u00e3o Paulo",
    "department": null
  }
},
{
  "pk": 29,
  "model": "core.person",
  "fields": {
    "email": "p.galbraith@example.com",
    "phone2": "12 9142-6732",
    "blocked": false,
    "uf": "SP",
    "gender": "M",
    "modified": "2015-07-31T19:40:46.960Z",
    "occupation": 1,
    "phone1": "17 8268-1882",
    "treatment": "p",
    "address": "Rua Manoel Jos\u00e9 Viana, 94",
    "complement": null,
    "last_name": "Galbraith",
    "phone3": "18 1261-5576",
    "active": true,
    "company": "Acme",
    "cep": "03282-035",
    "cpf": "63518400987",
    "district": "Vila Ivone",
    "first_name": "Paul",
    "rg": "191318438",
    "created": "2015-07-31T19:40:46.960Z",
    "city": "S\u00e3o Paulo",
    "department": null
  }
},
{
  "pk": 30,
  "model": "core.person",
  "fields": {
    "email": "w.finley@example.com",
    "phone2": "37 1844-0071",
    "blocked": false,
    "uf": "SP",
    "gender": "M",
    "modified": "2015-07-31T19:40:47.117Z",
    "occupation": 1,
    "phone1": "11 9921-4787",
    "treatment": "p",
    "address": "Rua Dona Maria Cust\u00f3dia, 319",
    "complement": null,
    "last_name": "Finley",
    "phone3": "36 4515-0147",
    "active": true,
    "company": "Teknotronic",
    "cep": "02460-070",
    "cpf": "76498939443",
    "district": "Santa Terezinha",
    "first_name": "William",
    "rg": "089196035",
    "created": "2015-07-31T19:40:47.117Z",
    "city": "S\u00e3o Paulo",
    "department": null
  }
},
{
  "pk": 31,
  "model": "core.person",
  "fields": {
    "email": "j.kelly@example.com",
    "phone2": "20 8043-2121",
    "blocked": false,
    "uf": "SP",
    "gender": "M",
    "modified": "2015-07-31T19:40:47.291Z",
    "occupation": 1,
    "phone1": "39 1323-4262",
    "treatment": "a",
    "address": "Avenida Robert Kennedy, 188",
    "complement": null,
    "last_name": "Kelly",
    "phone3": "81 7059-4656",
    "active": true,
    "company": "Cyberdyne",
    "cep": "04768-000",
    "cpf": "48524992783",
    "district": "Socorro",
    "first_name": "John",
    "rg": "469836274",
    "created": "2015-07-31T19:40:47.291Z",
    "city": "S\u00e3o Paulo",
    "department": null
  }
},
{
  "pk": 32,
  "model": "core.person",
  "fields": {
    "email": "l.hawk@example.com",
    "phone2": "04 8481-5710",
    "blocked": false,
    "uf": "SP",
    "gender": "F",
    "modified": "2015-07-31T19:40:47.449Z",
    "occupation": 1,
    "phone1": "71 7366-3956",
    "treatment": "aa",
    "address": "Av Eng Caetano Alvares, 3916",
    "complement": null,
    "last_name": "Hawk",
    "phone3": "12 0495-2878",
    "active": true,
    "company": "RG Solutions",
    "cep": "00000-000",
    "cpf": "08624083056",
    "district": "Lim\u00e3o",
    "first_name": "Lee",
    "rg": "739753907",
    "created": "2015-07-31T19:40:47.449Z",
    "city": "S\u00e3o Paulo",
    "department": null
  }
},
{
  "pk": 33,
  "model": "core.person",
  "fields": {
    "email": "j.brown@example.com",
    "phone2": "07 8743-4043",
    "blocked": false,
    "uf": "SP",
    "gender": "M",
    "modified": "2015-07-31T19:40:47.612Z",
    "occupation": 1,
    "phone1": "21 9387-8819",
    "treatment": "dr",
    "address": "Av Morumbi, 7766",
    "complement": null,
    "last_name": "Brown",
    "phone3": "01 4991-0545",
    "active": true,
    "company": "Tivit",
    "cep": "04703-000",
    "cpf": "45436608275",
    "district": "Santo Amaro",
    "first_name": "John",
    "rg": "299086823",
    "created": "2015-07-31T19:40:47.612Z",
    "city": "S\u00e3o Paulo",
    "department": null
  }
},
{
  "pk": 34,
  "model": "core.person",
  "fields": {
    "email": "m.mastoris@example.com",
    "phone2": "88 5542-4247",
    "blocked": false,
    "uf": "SP",
    "gender": "F",
    "modified": "2015-07-31T19:40:47.829Z",
    "occupation": 1,
    "phone1": "64 3907-8262",
    "treatment": "srta",
    "address": "Av Roland Garros, 1853",
    "complement": null,
    "last_name": "Mastoris",
    "phone3": "88 3743-8435",
    "active": true,
    "company": "ILM",
    "cep": "00000-000",
    "cpf": "08013888181",
    "district": "Jardim Brasil",
    "first_name": "Mary",
    "rg": "968727646",
    "created": "2015-07-31T19:40:47.829Z",
    "city": "S\u00e3o Paulo",
    "department": null
  }
},
{
  "pk": 35,
  "model": "core.person",
  "fields": {
    "email": "j.shiigi@example.com",
    "phone2": "08 8197-7828",
    "blocked": false,
    "uf": "SP",
    "gender": "M",
    "modified": "2015-07-31T19:40:48.148Z",
    "occupation": 1,
    "phone1": "40 0703-0548",
    "treatment": "a",
    "address": "Av Nazar\u00e9, 1070",
    "complement": null,
    "last_name": "Shiigi",
    "phone3": "13 9738-9477",
    "active": true,
    "company": "Stark",
    "cep": "04262-200",
    "cpf": "85085397512",
    "district": "Ipiranga",
    "first_name": "Joshua",
    "rg": "888362806",
    "created": "2015-07-31T19:40:48.148Z",
    "city": "S\u00e3o Paulo",
    "department": null
  }
},
{
  "pk": 36,
  "model": "core.person",
  "fields": {
    "email": "m.evans@example.com",
    "phone2": "95 7791-8837",
    "blocked": false,
    "uf": "SP",
    "gender": "F",
    "modified": "2015-07-31T19:40:48.312Z",
    "occupation": 1,
    "phone1": "71 5746-0230",
    "treatment": "sra",
    "address": "Avenida das Nacoes Unidas, 19667",
    "complement": null,
    "last_name": "Evans",
    "phone3": "97 3345-5467",
    "active": true,
    "company": "Gringotes",
    "cep": "04795-100",
    "cpf": "72849114599",
    "district": "Vila Almeida",
    "first_name": "Marie",
    "rg": "556730569",
    "created": "2015-07-31T19:40:48.312Z",
    "city": "S\u00e3o Paulo",
    "department": null
  }
},
{
  "pk": 37,
  "model": "core.person",
  "fields": {
    "email": "c.myers@example.com",
    "phone2": "04 9111-6705",
    "blocked": false,
    "uf": "SP",
    "gender": "F",
    "modified": "2015-07-31T19:40:48.436Z",
    "occupation": 1,
    "phone1": "64 4408-7063",
    "treatment": "pa",
    "address": "Av Morvan Dias de Figueiredo, 1175",
    "complement": null,
    "last_name": "Myers",
    "phone3": "24 5507-3038",
    "active": true,
    "company": "Tabajara",
    "cep": "02170-000",
    "cpf": "20950950684",
    "district": "Vila Guilherme",
    "first_name": "Carmen",
    "rg": "409564237",
    "created": "2015-07-31T19:40:48.435Z",
    "city": "S\u00e3o Paulo",
    "department": null
  }
},
{
  "pk": 38,
  "model": "core.person",
  "fields": {
    "email": "h.andrews@example.com",
    "phone2": "41 2280-6312",
    "blocked": false,
    "uf": "SP",
    "gender": "M",
    "modified": "2015-07-31T19:40:48.557Z",
    "occupation": 1,
    "phone1": "46 7567-5465",
    "treatment": "a",
    "address": "Av Prof Luiz Ign\u00e1cio Anhaia Mello, 2560",
    "complement": null,
    "last_name": "Andrews",
    "phone3": "69 6473-4733",
    "active": true,
    "company": "Cyberdyne",
    "cep": "03154-100",
    "cpf": "54590424386",
    "district": "Jardim Avelino",
    "first_name": "Harry",
    "rg": "172294898",
    "created": "2015-07-31T19:40:48.557Z",
    "city": "S\u00e3o Paulo",
    "department": null
  }
},
{
  "pk": 39,
  "model": "core.person",
  "fields": {
    "email": "t.kirkland@example.com",
    "phone2": "61 6868-8635",
    "blocked": false,
    "uf": "SP",
    "gender": "M",
    "modified": "2015-07-31T19:40:48.678Z",
    "occupation": 1,
    "phone1": "45 2953-4255",
    "treatment": "dr",
    "address": "Av Jabaquara, 2177",
    "complement": null,
    "last_name": "Kirkland",
    "phone3": "43 1719-8164",
    "active": true,
    "company": "Globex",
    "cep": "04045-003",
    "cpf": "35608811397",
    "district": "Mirand\u00f3polis",
    "first_name": "Timothy",
    "rg": "431068036",
    "created": "2015-07-31T19:40:48.678Z",
    "city": "S\u00e3o Paulo",
    "department": null
  }
},
{
  "pk": 40,
  "model": "core.person",
  "fields": {
    "email": "l.mchattie@example.com",
    "phone2": "23 7282-0886",
    "blocked": false,
    "uf": "SP",
    "gender": "F",
    "modified": "2015-07-31T19:40:48.856Z",
    "occupation": 1,
    "phone1": "40 2656-8356",
    "treatment": "sra",
    "address": "P\u00e7 Br de Tiet\u00ea, 115",
    "complement": null,
    "last_name": "Mchattie",
    "phone3": "84 7037-6642",
    "active": true,
    "company": "Stark",
    "cep": "03163-050",
    "cpf": "54934675586",
    "district": "Belenzinho",
    "first_name": "Laura",
    "rg": "551218558",
    "created": "2015-07-31T19:40:48.856Z",
    "city": "S\u00e3o Paulo",
    "department": null
  }
},
{
  "pk": 41,
  "model": "core.person",
  "fields": {
    "email": "j.nassif@example.com",
    "phone2": "18 4661-1852",
    "blocked": false,
    "uf": "SP",
    "gender": "M",
    "modified": "2015-07-31T19:40:49.022Z",
    "occupation": 1,
    "phone1": "68 5497-3004",
    "treatment": "sr",
    "address": "Av Otaviano Alves de Lima, 3972",
    "complement": null,
    "last_name": "Nassif",
    "phone3": "49 3568-2914",
    "active": true,
    "company": "Ghostbusters",
    "cep": "02901-000",
    "cpf": "03827135320",
    "district": "Nossa Senhora do \u00d3",
    "first_name": "James",
    "rg": "812064440",
    "created": "2015-07-31T19:40:49.022Z",
    "city": "S\u00e3o Paulo",
    "department": null
  }
},
{
  "pk": 42,
  "model": "core.person",
  "fields": {
    "email": "p.strom@example.com",
    "phone2": "16 6938-8564",
    "blocked": false,
    "uf": "SP",
    "gender": "F",
    "modified": "2015-07-31T19:40:49.168Z",
    "occupation": 1,
    "phone1": "33 0869-7768",
    "treatment": "aa",
    "address": "Av Pacaembu, 380",
    "complement": null,
    "last_name": "Strom",
    "phone3": "93 0971-7047",
    "active": true,
    "company": "Stark",
    "cep": "01155-000",
    "cpf": "97822359767",
    "district": "Barra Funda",
    "first_name": "Phyllis",
    "rg": "899810782",
    "created": "2015-07-31T19:40:49.168Z",
    "city": "S\u00e3o Paulo",
    "department": null
  }
},
{
  "pk": 43,
  "model": "core.person",
  "fields": {
    "email": "t.garry@example.com",
    "phone2": "89 8987-8972",
    "blocked": false,
    "uf": "SP",
    "gender": "M",
    "modified": "2015-07-31T19:40:49.313Z",
    "occupation": 1,
    "phone1": "60 9211-5999",
    "treatment": "e",
    "address": "Av Dr Ricardo Jafet, 2419",
    "complement": null,
    "last_name": "Garry",
    "phone3": "84 3036-8109",
    "active": true,
    "company": "ILM",
    "cep": "04123-030",
    "cpf": "25719805993",
    "district": "Vila Firmiano Pinto",
    "first_name": "Tom",
    "rg": "725331902",
    "created": "2015-07-31T19:40:49.313Z",
    "city": "S\u00e3o Paulo",
    "department": null
  }
},
{
  "pk": 44,
  "model": "core.person",
  "fields": {
    "email": "a.ray@example.com",
    "phone2": "30 3236-0663",
    "blocked": false,
    "uf": "SP",
    "gender": "F",
    "modified": "2015-07-31T19:40:49.459Z",
    "occupation": 1,
    "phone1": "16 3741-7115",
    "treatment": "aa",
    "address": "Av Rio Branco, 1457",
    "complement": null,
    "last_name": "Ray",
    "phone3": "61 9838-0128",
    "active": true,
    "company": "ILM",
    "cep": "01205-001",
    "cpf": "74817894974",
    "district": "Campos El\u00edseos",
    "first_name": "Angela",
    "rg": "753300748",
    "created": "2015-07-31T19:40:49.459Z",
    "city": "S\u00e3o Paulo",
    "department": null
  }
},
{
  "pk": 45,
  "model": "core.person",
  "fields": {
    "email": "l.birdwell@example.com",
    "phone2": "38 7340-4988",
    "blocked": false,
    "uf": "SP",
    "gender": "M",
    "modified": "2015-07-31T19:40:49.620Z",
    "occupation": 1,
    "phone1": "84 7610-9052",
    "treatment": "p",
    "address": "Av Prof\u00ba Luiz Ignacio Anhaia Mello, 4470",
    "complement": null,
    "last_name": "Birdwell",
    "phone3": "13 5306-8411",
    "active": true,
    "company": "Ghostbusters",
    "cep": "03294-100",
    "cpf": "72962854059",
    "district": "Jardim Idepend\u00eancia",
    "first_name": "Leonard",
    "rg": "381049293",
    "created": "2015-07-31T19:40:49.620Z",
    "city": "S\u00e3o Paulo",
    "department": null
  }
},
{
  "pk": 46,
  "model": "core.person",
  "fields": {
    "email": "l.drummond@example.com",
    "phone2": "66 9241-9727",
    "blocked": false,
    "uf": "SP",
    "gender": "F",
    "modified": "2015-07-31T19:40:49.772Z",
    "occupation": 1,
    "phone1": "18 1197-3259",
    "treatment": "d",
    "address": "Al Olga, 259",
    "complement": null,
    "last_name": "Drummond",
    "phone3": "36 2987-1265",
    "active": true,
    "company": "Oscorp",
    "cep": "01155-040",
    "cpf": "37833948509",
    "district": "Barra Funda",
    "first_name": "Lorraine",
    "rg": "716952917",
    "created": "2015-07-31T19:40:49.772Z",
    "city": "S\u00e3o Paulo",
    "department": null
  }
},
{
  "pk": 47,
  "model": "core.person",
  "fields": {
    "email": "m.wells@example.com",
    "phone2": "66 6722-5620",
    "blocked": false,
    "uf": "SP",
    "gender": "F",
    "modified": "2015-07-31T19:40:49.935Z",
    "occupation": 1,
    "phone1": "38 7197-6631",
    "treatment": "pa",
    "address": "Av Dr Gast\u00e3o Vidigal, 1595",
    "complement": null,
    "last_name": "Wells",
    "phone3": "05 5277-1874",
    "active": true,
    "company": "Globex",
    "cep": "05314-000",
    "cpf": "50557396446",
    "district": "Vila Leopoldina",
    "first_name": "Marjorie",
    "rg": "503055901",
    "created": "2015-07-31T19:40:49.935Z",
    "city": "S\u00e3o Paulo",
    "department": null
  }
},
{
  "pk": 48,
  "model": "core.person",
  "fields": {
    "email": "m.balling@example.com",
    "phone2": "24 4837-7909",
    "blocked": false,
    "uf": "SP",
    "gender": "M",
    "modified": "2015-07-31T19:40:50.113Z",
    "occupation": 1,
    "phone1": "83 0849-5882",
    "treatment": "e",
    "address": "Rua Cl\u00e9lia, 1000",
    "complement": null,
    "last_name": "Balling",
    "phone3": "62 2860-8378",
    "active": true,
    "company": "RG Solutions",
    "cep": "05042-000",
    "cpf": "79570057251",
    "district": "\u00c1gua Branca",
    "first_name": "Michael",
    "rg": "023401819",
    "created": "2015-07-31T19:40:50.113Z",
    "city": "S\u00e3o Paulo",
    "department": null
  }
},
{
  "pk": 49,
  "model": "core.person",
  "fields": {
    "email": "k.malone@example.com",
    "phone2": "87 9047-5507",
    "blocked": false,
    "uf": "SP",
    "gender": "M",
    "modified": "2015-07-31T19:40:50.235Z",
    "occupation": 1,
    "phone1": "56 2955-1844",
    "treatment": "a",
    "address": "Av Ermano Marchetti, 596",
    "complement": null,
    "last_name": "Malone",
    "phone3": "16 1650-3174",
    "active": true,
    "company": "Ghostbusters",
    "cep": "05038-000",
    "cpf": "29176689414",
    "district": "\u00c1gua Branca",
    "first_name": "Karl",
    "rg": "511251459",
    "created": "2015-07-31T19:40:50.235Z",
    "city": "S\u00e3o Paulo",
    "department": null
  }
},
{
  "pk": 50,
  "model": "core.person",
  "fields": {
    "email": "b.krous@example.com",
    "phone2": "65 0282-7472",
    "blocked": false,
    "uf": "SP",
    "gender": "F",
    "modified": "2015-07-31T19:40:50.412Z",
    "occupation": 1,
    "phone1": "05 5744-0687",
    "treatment": "d",
    "address": "Av Conselheiro Carr\u00e3o, 1306",
    "complement": null,
    "last_name": "Krous",
    "phone3": "17 1319-2357",
    "active": true,
    "company": "ILM",
    "cep": "03402-001",
    "cpf": "33720761984",
    "district": "Carr\u00e3o",
    "first_name": "Brenda",
    "rg": "197335558",
    "created": "2015-07-31T19:40:50.412Z",
    "city": "S\u00e3o Paulo",
    "department": null
  }
},
{
  "pk": 1,
  "model": "core.customer",
  "fields": {
    "email": null,
    "phone2": "42 2268-6178",
    "blocked": false,
    "uf": "SP",
    "gender": "F",
    "modified": "2015-07-31T19:40:51.262Z",
    "phone1": "61 2510-4883",
    "treatment": null,
    "address": "Rua Coelho Lisboa, 574",
    "complement": null,
    "ie": "isento",
    "last_name": null,
    "phone3": "03 7919-4331",
    "cnpj": "38601279525095",
    "active": true,
    "company": null,
    "cep": "03323-040",
    "type_customer": "a",
    "cpf": null,
    "district": "Tatuap\u00e9",
    "first_name": "AA Arquitetos Associados",
    "rg": null,
    "created": "2015-07-31T19:40:51.262Z",
    "city": "S\u00e3o Paulo",
    "department": null
  }
},
{
  "pk": 2,
  "model": "core.customer",
  "fields": {
    "email": null,
    "phone2": "19 3686-3519",
    "blocked": false,
    "uf": "SP",
    "gender": "F",
    "modified": "2015-07-31T19:40:51.406Z",
    "phone1": "68 0069-6271",
    "treatment": null,
    "address": "Av. Indian\u00f3polis, 100",
    "complement": null,
    "ie": "isento",
    "last_name": null,
    "phone3": "76 5676-1243",
    "cnpj": "86519717418600",
    "active": true,
    "company": null,
    "cep": "04062-000",
    "type_customer": "a",
    "cpf": null,
    "district": "Indian\u00f3polis",
    "first_name": "Athie Wohnrath",
    "rg": null,
    "created": "2015-07-31T19:40:51.406Z",
    "city": "S\u00e3o Paulo",
    "department": null
  }
},
{
  "pk": 3,
  "model": "core.customer",
  "fields": {
    "email": null,
    "phone2": "19 7172-5128",
    "blocked": false,
    "uf": "SP",
    "gender": "M",
    "modified": "2015-07-31T19:40:51.530Z",
    "phone1": "27 7106-7707",
    "treatment": null,
    "address": "Av. Pacaemb\u00fa, 380",
    "complement": null,
    "ie": "isento",
    "last_name": null,
    "phone3": "51 3025-7038",
    "cnpj": "93773423460656",
    "active": true,
    "company": null,
    "cep": "01155-000",
    "type_customer": "c",
    "cpf": null,
    "district": "Barra Funda",
    "first_name": "Brookfield",
    "rg": null,
    "created": "2015-07-31T19:40:51.530Z",
    "city": "S\u00e3o Paulo",
    "department": null
  }
},
{
  "pk": 4,
  "model": "core.customer",
  "fields": {
    "email": null,
    "phone2": "34 0554-3525",
    "blocked": false,
    "uf": "SP",
    "gender": "M",
    "modified": "2015-07-31T19:40:51.640Z",
    "phone1": "13 3881-7268",
    "treatment": null,
    "address": "Av. Ulisses Reis de Matos, 100",
    "complement": null,
    "ie": "isento",
    "last_name": null,
    "phone3": "53 4326-5421",
    "cnpj": "49336259375007",
    "active": true,
    "company": null,
    "cep": "00568-602",
    "type_customer": "c",
    "cpf": null,
    "district": "Morumbi",
    "first_name": "Camargo Corr\u00eaa",
    "rg": null,
    "created": "2015-07-31T19:40:51.640Z",
    "city": "S\u00e3o Paulo",
    "department": null
  }
},
{
  "pk": 5,
  "model": "core.customer",
  "fields": {
    "email": null,
    "phone2": "03 9853-3569",
    "blocked": false,
    "uf": "SP",
    "gender": "F",
    "modified": "2015-07-31T19:40:51.753Z",
    "phone1": "87 7601-0310",
    "treatment": null,
    "address": "Av. Moreira Guimar\u00e3es, 367",
    "complement": null,
    "ie": "isento",
    "last_name": null,
    "phone3": "87 7687-6666",
    "cnpj": "99548953339271",
    "active": true,
    "company": null,
    "cep": "04074-030",
    "type_customer": "a",
    "cpf": null,
    "district": "Moema",
    "first_name": "Camila Vieira Santos",
    "rg": null,
    "created": "2015-07-31T19:40:51.753Z",
    "city": "S\u00e3o Paulo",
    "department": null
  }
},
{
  "pk": 6,
  "model": "core.customer",
  "fields": {
    "email": null,
    "phone2": "66 3197-6231",
    "blocked": false,
    "uf": "SP",
    "gender": "F",
    "modified": "2015-07-31T19:40:51.898Z",
    "phone1": "80 0099-5799",
    "treatment": null,
    "address": "Rua Padre Machado, 68",
    "complement": null,
    "ie": "isento",
    "last_name": null,
    "phone3": "62 7415-7483",
    "cnpj": "49106094119005",
    "active": true,
    "company": null,
    "cep": "04127-001",
    "type_customer": "c",
    "cpf": null,
    "district": "Vila Mariana",
    "first_name": "Costa Hirota",
    "rg": null,
    "created": "2015-07-31T19:40:51.898Z",
    "city": "S\u00e3o Paulo",
    "department": null
  }
},
{
  "pk": 7,
  "model": "core.customer",
  "fields": {
    "email": null,
    "phone2": "39 0824-6435",
    "blocked": false,
    "uf": "SP",
    "gender": "M",
    "modified": "2015-07-31T19:40:52.043Z",
    "phone1": "77 3264-3001",
    "treatment": null,
    "address": "Est Itapecerica, 2925",
    "complement": null,
    "ie": "isento",
    "last_name": null,
    "phone3": "05 4156-2430",
    "cnpj": "92591286213447",
    "active": true,
    "company": null,
    "cep": "05835-005",
    "type_customer": "c",
    "cpf": null,
    "district": "Centro",
    "first_name": "Cyrela",
    "rg": null,
    "created": "2015-07-31T19:40:52.043Z",
    "city": "S\u00e3o Paulo",
    "department": null
  }
},
{
  "pk": 8,
  "model": "core.customer",
  "fields": {
    "email": null,
    "phone2": "63 3142-1800",
    "blocked": false,
    "uf": "SP",
    "gender": "M",
    "modified": "2015-07-31T19:40:52.157Z",
    "phone1": "55 1758-9520",
    "treatment": null,
    "address": "Av 23 de Maio, 3041",
    "complement": null,
    "ie": "isento",
    "last_name": null,
    "phone3": "01 6713-2332",
    "cnpj": "87894961702154",
    "active": true,
    "company": null,
    "cep": "04008-090",
    "type_customer": "c",
    "cpf": null,
    "district": "Vila Mariana",
    "first_name": "Even",
    "rg": null,
    "created": "2015-07-31T19:40:52.157Z",
    "city": "S\u00e3o Paulo",
    "department": null
  }
},
{
  "pk": 9,
  "model": "core.customer",
  "fields": {
    "email": null,
    "phone2": "85 4611-8237",
    "blocked": false,
    "uf": "SP",
    "gender": "F",
    "modified": "2015-07-31T19:40:52.265Z",
    "phone1": "13 8510-2275",
    "treatment": null,
    "address": "Rua Col\u00f4mbia, 810",
    "complement": null,
    "ie": "isento",
    "last_name": null,
    "phone3": "83 9878-8870",
    "cnpj": "00121132898173",
    "active": true,
    "company": null,
    "cep": "01438-001",
    "type_customer": "c",
    "cpf": null,
    "district": "Jardim Am\u00e9rica",
    "first_name": "Fonseca & Mercadante",
    "rg": null,
    "created": "2015-07-31T19:40:52.265Z",
    "city": "S\u00e3o Paulo",
    "department": null
  }
},
{
  "pk": 10,
  "model": "core.customer",
  "fields": {
    "email": null,
    "phone2": "88 8588-5419",
    "blocked": false,
    "uf": "SP",
    "gender": "M",
    "modified": "2015-07-31T19:40:52.377Z",
    "phone1": "36 5130-0680",
    "treatment": null,
    "address": "Av Pedroso de Morais, 1552",
    "complement": null,
    "ie": "isento",
    "last_name": null,
    "phone3": "33 8998-8743",
    "cnpj": "25644049298710",
    "active": true,
    "company": null,
    "cep": "05420-002",
    "type_customer": "c",
    "cpf": null,
    "district": "Pinheiros",
    "first_name": "Gafisa",
    "rg": null,
    "created": "2015-07-31T19:40:52.377Z",
    "city": "S\u00e3o Paulo",
    "department": null
  }
},
{
  "pk": 11,
  "model": "core.customer",
  "fields": {
    "email": null,
    "phone2": "81 2628-1371",
    "blocked": false,
    "uf": "SP",
    "gender": "F",
    "modified": "2015-07-31T19:40:52.579Z",
    "phone1": "84 3991-6339",
    "treatment": null,
    "address": "Av dos Bandeirantes, 1729",
    "complement": null,
    "ie": "isento",
    "last_name": null,
    "phone3": "27 8060-6765",
    "cnpj": "48642069803883",
    "active": true,
    "company": null,
    "cep": "04553-010",
    "type_customer": "c",
    "cpf": null,
    "district": "Vila Ol\u00edmpia",
    "first_name": "Hochtief",
    "rg": null,
    "created": "2015-07-31T19:40:52.578Z",
    "city": "S\u00e3o Paulo",
    "department": null
  }
},
{
  "pk": 12,
  "model": "core.customer",
  "fields": {
    "email": null,
    "phone2": "40 4802-6565",
    "blocked": false,
    "uf": "SP",
    "gender": "M",
    "modified": "2015-07-31T19:40:52.777Z",
    "phone1": "27 3447-1653",
    "treatment": null,
    "address": "Rua Itingu\u00e7u, 1288",
    "complement": null,
    "ie": "isento",
    "last_name": null,
    "phone3": "91 6934-4154",
    "cnpj": "92628674894985",
    "active": true,
    "company": null,
    "cep": "03658-000",
    "type_customer": "c",
    "cpf": null,
    "district": "Vila R\u00e9",
    "first_name": "Lucio Engenharia",
    "rg": null,
    "created": "2015-07-31T19:40:52.777Z",
    "city": "S\u00e3o Paulo",
    "department": null
  }
},
{
  "pk": 13,
  "model": "core.customer",
  "fields": {
    "email": null,
    "phone2": "57 5461-1786",
    "blocked": false,
    "uf": "SP",
    "gender": "F",
    "modified": "2015-07-31T19:40:52.920Z",
    "phone1": "27 3915-1762",
    "treatment": null,
    "address": "Av Morumbi, 7600",
    "complement": null,
    "ie": "isento",
    "last_name": null,
    "phone3": "15 3584-6095",
    "cnpj": "98798867752816",
    "active": true,
    "company": null,
    "cep": "04703-000",
    "type_customer": "c",
    "cpf": null,
    "district": "Santo Amaro",
    "first_name": "MRV",
    "rg": null,
    "created": "2015-07-31T19:40:52.920Z",
    "city": "S\u00e3o Paulo",
    "department": null
  }
},
{
  "pk": 14,
  "model": "core.customer",
  "fields": {
    "email": null,
    "phone2": "51 7656-9057",
    "blocked": false,
    "uf": "SP",
    "gender": "M",
    "modified": "2015-07-31T19:40:53.052Z",
    "phone1": "17 5293-8949",
    "treatment": null,
    "address": "Av Morumbi, 6989",
    "complement": null,
    "ie": "isento",
    "last_name": null,
    "phone3": "56 8982-6556",
    "cnpj": "95329367620831",
    "active": true,
    "company": null,
    "cep": "05650-002",
    "type_customer": "c",
    "cpf": null,
    "district": "Morumbi",
    "first_name": "Plaenge",
    "rg": null,
    "created": "2015-07-31T19:40:53.052Z",
    "city": "S\u00e3o Paulo",
    "department": null
  }
},
{
  "pk": 15,
  "model": "core.customer",
  "fields": {
    "email": null,
    "phone2": "78 3430-0993",
    "blocked": false,
    "uf": "SP",
    "gender": "M",
    "modified": "2015-07-31T19:40:53.219Z",
    "phone1": "30 3049-7773",
    "treatment": null,
    "address": "Av Prof Francisco Morato, 1706",
    "complement": null,
    "ie": "isento",
    "last_name": null,
    "phone3": "33 8749-8263",
    "cnpj": "41860701405692",
    "active": true,
    "company": null,
    "cep": "05512-200",
    "type_customer": "a",
    "cpf": null,
    "district": "Butant\u00e3",
    "first_name": "Rocha Andrade Arquitetura",
    "rg": null,
    "created": "2015-07-31T19:40:53.219Z",
    "city": "S\u00e3o Paulo",
    "department": null
  }
},
{
  "pk": 16,
  "model": "core.customer",
  "fields": {
    "email": null,
    "phone2": "68 9210-8411",
    "blocked": false,
    "uf": "SP",
    "gender": "M",
    "modified": "2015-07-31T19:40:53.426Z",
    "phone1": "97 1412-6196",
    "treatment": null,
    "address": "Av Giovanni Gronchi, 2911",
    "complement": null,
    "ie": "isento",
    "last_name": null,
    "phone3": "51 4161-3499",
    "cnpj": "53566586862327",
    "active": true,
    "company": null,
    "cep": "05651-002",
    "type_customer": "c",
    "cpf": null,
    "district": "Morumbi",
    "first_name": "Tecnisa",
    "rg": null,
    "created": "2015-07-31T19:40:53.426Z",
    "city": "S\u00e3o Paulo",
    "department": null
  }
},
{
  "pk": 17,
  "model": "core.customer",
  "fields": {
    "email": null,
    "phone2": "01 2019-4346",
    "blocked": false,
    "uf": "SP",
    "gender": "M",
    "modified": "2015-07-31T19:40:53.727Z",
    "phone1": "37 8431-2719",
    "treatment": null,
    "address": "Av Europa, 725",
    "complement": null,
    "ie": "isento",
    "last_name": null,
    "phone3": "62 4831-0591",
    "cnpj": "00729269176680",
    "active": true,
    "company": null,
    "cep": "01449-000",
    "type_customer": "c",
    "cpf": null,
    "district": "Jardim Europa",
    "first_name": "Toledo Ferrari",
    "rg": null,
    "created": "2015-07-31T19:40:53.727Z",
    "city": "S\u00e3o Paulo",
    "department": null
  }
},
{
  "pk": 18,
  "model": "core.customer",
  "fields": {
    "email": "w.reeves@example.com",
    "phone2": "67 8620-5813",
    "blocked": false,
    "uf": "SP",
    "gender": "M",
    "modified": "2015-07-31T19:40:53.865Z",
    "phone1": "80 9865-8762",
    "treatment": "a",
    "address": "Rua Col\u00f4mbia, 659",
    "complement": null,
    "ie": null,
    "last_name": "Reeves",
    "phone3": "82 1077-2884",
    "cnpj": null,
    "active": true,
    "company": "Tivit",
    "cep": "01438-001",
    "type_customer": "p",
    "cpf": "46774276026",
    "district": "Jardim Am\u00e9rica",
    "first_name": "Willie",
    "rg": "248184659",
    "created": "2015-07-31T19:40:53.865Z",
    "city": "S\u00e3o Paulo",
    "department": null
  }
},
{
  "pk": 19,
  "model": "core.customer",
  "fields": {
    "email": "j.vidinha@example.com",
    "phone2": "51 1844-3805",
    "blocked": false,
    "uf": "SP",
    "gender": "F",
    "modified": "2015-07-31T19:40:54.128Z",
    "phone1": "45 2674-7281",
    "treatment": "d",
    "address": "Av Prof Vicente R\u00e1o, 915",
    "complement": null,
    "ie": null,
    "last_name": "Vidinha",
    "phone3": "19 1882-3214",
    "cnpj": null,
    "active": true,
    "company": "Cyberdyne",
    "cep": "04636-000",
    "type_customer": "p",
    "cpf": "18105020078",
    "district": "Jardim Petr\u00f3polis",
    "first_name": "Judy",
    "rg": "977226573",
    "created": "2015-07-31T19:40:54.128Z",
    "city": "S\u00e3o Paulo",
    "department": null
  }
},
{
  "pk": 20,
  "model": "core.customer",
  "fields": {
    "email": "s.mason@example.com",
    "phone2": "03 0766-9737",
    "blocked": false,
    "uf": "SP",
    "gender": "F",
    "modified": "2015-07-31T19:40:54.332Z",
    "phone1": "47 6809-7047",
    "treatment": "srta",
    "address": "Av Braz Leme, 268",
    "complement": null,
    "ie": null,
    "last_name": "Mason",
    "phone3": "21 5667-8380",
    "cnpj": null,
    "active": true,
    "company": "ILM",
    "cep": "02511-000",
    "type_customer": "p",
    "cpf": "00763721476",
    "district": "Casa Verde",
    "first_name": "Sandra",
    "rg": "437348419",
    "created": "2015-07-31T19:40:54.332Z",
    "city": "S\u00e3o Paulo",
    "department": null
  }
},
{
  "pk": 21,
  "model": "core.customer",
  "fields": {
    "email": "d.jackson@example.com",
    "phone2": "31 0857-6960",
    "blocked": false,
    "uf": "SP",
    "gender": "F",
    "modified": "2015-07-31T19:40:54.683Z",
    "phone1": "05 7268-0751",
    "treatment": "srta",
    "address": "Rua Gomes de Carvalho, 421",
    "complement": null,
    "ie": null,
    "last_name": "Jackson",
    "phone3": "89 1095-3833",
    "cnpj": null,
    "active": true,
    "company": "Cyberdyne",
    "cep": "04547-001",
    "type_customer": "p",
    "cpf": "81648731331",
    "district": "Vila Ol\u00edmpia",
    "first_name": "Doris",
    "rg": "031661539",
    "created": "2015-07-31T19:40:54.683Z",
    "city": "S\u00e3o Paulo",
    "department": null
  }
},
{
  "pk": 22,
  "model": "core.customer",
  "fields": {
    "email": "b.porter@example.com",
    "phone2": "44 0374-7187",
    "blocked": false,
    "uf": "SP",
    "gender": "M",
    "modified": "2015-07-31T19:40:54.819Z",
    "phone1": "54 8755-3473",
    "treatment": "sr",
    "address": "Av Interlagos, 1550",
    "complement": null,
    "ie": null,
    "last_name": "Porter",
    "phone3": "77 3246-1169",
    "cnpj": null,
    "active": true,
    "company": "Tivit",
    "cep": "04660-001",
    "type_customer": "p",
    "cpf": "49579666217",
    "district": "Jardim Marajoara",
    "first_name": "Bryan",
    "rg": "605015708",
    "created": "2015-07-31T19:40:54.819Z",
    "city": "S\u00e3o Paulo",
    "department": null
  }
},
{
  "pk": 23,
  "model": "core.customer",
  "fields": {
    "email": "m.torrence@example.com",
    "phone2": "91 8003-4464",
    "blocked": false,
    "uf": "SP",
    "gender": "F",
    "modified": "2015-07-31T19:40:54.967Z",
    "phone1": "24 1810-5184",
    "treatment": "pa",
    "address": "Rua Ulysses Reis de Mattos, 100",
    "complement": null,
    "ie": null,
    "last_name": "Torrence",
    "phone3": "75 7570-5481",
    "cnpj": null,
    "active": true,
    "company": "Gringotes",
    "cep": "05686-020",
    "type_customer": "p",
    "cpf": "78092751624",
    "district": "Real Parque",
    "first_name": "Margaret",
    "rg": "678265255",
    "created": "2015-07-31T19:40:54.967Z",
    "city": "S\u00e3o Paulo",
    "department": null
  }
},
{
  "pk": 24,
  "model": "core.customer",
  "fields": {
    "email": "s.dixon@example.com",
    "phone2": "04 5788-3432",
    "blocked": false,
    "uf": "SP",
    "gender": "F",
    "modified": "2015-07-31T19:40:55.140Z",
    "phone1": "01 6499-0040",
    "treatment": "srta",
    "address": "Av das Na\u00e7\u00f5es Unidas, 17471",
    "complement": null,
    "ie": null,
    "last_name": "Dixon",
    "phone3": "25 1764-2966",
    "cnpj": null,
    "active": true,
    "company": "ILM",
    "cep": "04795-100",
    "type_customer": "p",
    "cpf": "61133201284",
    "district": "Vila Almeida",
    "first_name": "Sonia",
    "rg": "028340316",
    "created": "2015-07-31T19:40:55.140Z",
    "city": "S\u00e3o Paulo",
    "department": null
  }
},
{
  "pk": 25,
  "model": "core.customer",
  "fields": {
    "email": "j.hancock@example.com",
    "phone2": "83 7789-9933",
    "blocked": false,
    "uf": "SP",
    "gender": "F",
    "modified": "2015-07-31T19:40:55.296Z",
    "phone1": "50 8578-4249",
    "treatment": "srta",
    "address": "Avenida Maria Coelho Aguiar, 215",
    "complement": null,
    "ie": null,
    "last_name": "Hancock",
    "phone3": "03 0806-7707",
    "cnpj": null,
    "active": true,
    "company": "Gringotes",
    "cep": "05804-925",
    "type_customer": "p",
    "cpf": "56893812034",
    "district": "Jardim S\u00e3o Lu\u00eds",
    "first_name": "Jacqueline",
    "rg": "143726108",
    "created": "2015-07-31T19:40:55.296Z",
    "city": "S\u00e3o Paulo",
    "department": null
  }
},
{
  "pk": 1,
  "model": "core.occupation",
  "fields": {
    "occupation": "Or\u00e7amentista"
  }
},
{
  "pk": 2,
  "model": "core.occupation",
  "fields": {
    "occupation": "Vendedor"
  }
},
{
  "pk": 3,
  "model": "core.occupation",
  "fields": {
    "occupation": "Arquiteto"
  }
},
{
  "pk": 4,
  "model": "core.occupation",
  "fields": {
    "occupation": "Engenheiro"
  }
},
{
  "pk": 5,
  "model": "core.occupation",
  "fields": {
    "occupation": "Coordenador"
  }
},
{
  "pk": 6,
  "model": "core.occupation",
  "fields": {
    "occupation": "Estagi\u00e1rio"
  }
},
{
  "pk": 7,
  "model": "core.occupation",
  "fields": {
    "occupation": "Gerente"
  }
},
{
  "pk": 8,
  "model": "core.occupation",
  "fields": {
    "occupation": "Diretor"
  }
},
{
  "pk": 1,
  "model": "core.seller",
  "fields": {
    "commission": "0.01",
    "commissioned": true,
    "employee": 5,
    "internal": false
  }
},
{
  "pk": 2,
  "model": "core.seller",
  "fields": {
    "commission": "0.01",
    "commissioned": true,
    "employee": 8,
    "internal": true
  }
},
{
  "pk": 3,
  "model": "core.seller",
  "fields": {
    "commission": "0.01",
    "commissioned": true,
    "employee": 9,
    "internal": true
  }
},
{
  "pk": 1,
  "model": "core.entry",
  "fields": {
    "person": 47,
    "seller": 1,
    "is_entry": false,
    "description": "fo0ftWVt5PW9op9sPt",
    "work": 1,
    "created": "2015-07-31T19:41:04.260Z",
    "category": 6,
    "priority": "u",
    "modified": "2015-07-31T19:41:04.260Z"
  }
},
{
  "pk": 2,
  "model": "core.entry",
  "fields": {
    "person": 45,
    "seller": 2,
    "is_entry": false,
    "description": "Ih1vwUcIYwc0ce",
    "work": 2,
    "created": "2015-07-31T19:41:04.408Z",
    "category": 1,
    "priority": "u",
    "modified": "2015-07-31T19:41:04.408Z"
  }
},
{
  "pk": 3,
  "model": "core.entry",
  "fields": {
    "person": 31,
    "seller": 2,
    "is_entry": false,
    "description": "MQLQXhVhwkgy",
    "work": 3,
    "created": "2015-07-31T19:41:04.529Z",
    "category": 1,
    "priority": "a",
    "modified": "2015-07-31T19:41:04.529Z"
  }
},
{
  "pk": 4,
  "model": "core.entry",
  "fields": {
    "person": 35,
    "seller": 3,
    "is_entry": false,
    "description": "bWgQgGG6Vbyk9nBWmB",
    "work": 4,
    "created": "2015-07-31T19:41:04.646Z",
    "category": 2,
    "priority": "b",
    "modified": "2015-07-31T19:41:04.646Z"
  }
},
{
  "pk": 5,
  "model": "core.entry",
  "fields": {
    "person": 9,
    "seller": 2,
    "is_entry": false,
    "description": "zckrCMZHXHGbuDG",
    "work": 5,
    "created": "2015-07-31T19:41:04.763Z",
    "category": 3,
    "priority": "n",
    "modified": "2015-07-31T19:41:04.763Z"
  }
},
{
  "pk": 6,
  "model": "core.entry",
  "fields": {
    "person": 4,
    "seller": 3,
    "is_entry": false,
    "description": "7HUeZxF5TaeTeL",
    "work": 6,
    "created": "2015-07-31T19:41:04.941Z",
    "category": 5,
    "priority": "n",
    "modified": "2015-07-31T19:41:04.941Z"
  }
},
{
  "pk": 7,
  "model": "core.entry",
  "fields": {
    "person": 6,
    "seller": 1,
    "is_entry": false,
    "description": "7KbC14KmK5Mu55Q",
    "work": 7,
    "created": "2015-07-31T19:41:05.060Z",
    "category": 7,
    "priority": "a",
    "modified": "2015-07-31T19:41:05.060Z"
  }
},
{
  "pk": 8,
  "model": "core.entry",
  "fields": {
    "person": 32,
    "seller": 2,
    "is_entry": false,
    "description": "YKGIDSKpabEY",
    "work": 8,
    "created": "2015-07-31T19:41:05.185Z",
    "category": 4,
    "priority": "u",
    "modified": "2015-07-31T19:41:05.186Z"
  }
},
{
  "pk": 9,
  "model": "core.entry",
  "fields": {
    "person": 14,
    "seller": 1,
    "is_entry": false,
    "description": "GxBpQSFxfMQV6efx6",
    "work": 9,
    "created": "2015-07-31T19:41:05.306Z",
    "category": 7,
    "priority": "a",
    "modified": "2015-07-31T19:41:05.307Z"
  }
},
{
  "pk": 10,
  "model": "core.entry",
  "fields": {
    "person": 37,
    "seller": 2,
    "is_entry": false,
    "description": "1MI37M65Uc3c1yj3NZUw",
    "work": 10,
    "created": "2015-07-31T19:41:05.450Z",
    "category": 6,
    "priority": "a",
    "modified": "2015-07-31T19:41:05.450Z"
  }
},
{
  "pk": 11,
  "model": "core.entry",
  "fields": {
    "person": 4,
    "seller": 1,
    "is_entry": false,
    "description": "rr7fO9Qm1Qbrr",
    "work": 11,
    "created": "2015-07-31T19:41:05.597Z",
    "category": 5,
    "priority": "b",
    "modified": "2015-07-31T19:41:05.597Z"
  }
},
{
  "pk": 12,
  "model": "core.entry",
  "fields": {
    "person": 27,
    "seller": 3,
    "is_entry": false,
    "description": "nAgyuguXnnVVyn_o",
    "work": 12,
    "created": "2015-07-31T19:41:05.733Z",
    "category": 4,
    "priority": "u",
    "modified": "2015-07-31T19:41:05.733Z"
  }
},
{
  "pk": 13,
  "model": "core.entry",
  "fields": {
    "person": 32,
    "seller": 1,
    "is_entry": false,
    "description": "rrFqdTib1e",
    "work": 13,
    "created": "2015-07-31T19:41:05.856Z",
    "category": 5,
    "priority": "u",
    "modified": "2015-07-31T19:41:05.856Z"
  }
},
{
  "pk": 14,
  "model": "core.entry",
  "fields": {
    "person": 37,
    "seller": 1,
    "is_entry": false,
    "description": "WZKng2gqa5Wk9oZLKE7Z",
    "work": 14,
    "created": "2015-07-31T19:41:06.064Z",
    "category": 6,
    "priority": "n",
    "modified": "2015-07-31T19:41:06.064Z"
  }
},
{
  "pk": 15,
  "model": "core.entry",
  "fields": {
    "person": 33,
    "seller": 2,
    "is_entry": false,
    "description": "bRbGRcKbRbb",
    "work": 15,
    "created": "2015-07-31T19:41:06.196Z",
    "category": 3,
    "priority": "a",
    "modified": "2015-07-31T19:41:06.196Z"
  }
},
{
  "pk": 16,
  "model": "core.entry",
  "fields": {
    "person": 36,
    "seller": 2,
    "is_entry": false,
    "description": "E2Lgj00sE2B",
    "work": 16,
    "created": "2015-07-31T19:41:06.353Z",
    "category": 1,
    "priority": "a",
    "modified": "2015-07-31T19:41:06.353Z"
  }
},
{
  "pk": 17,
  "model": "core.entry",
  "fields": {
    "person": 31,
    "seller": 2,
    "is_entry": false,
    "description": "AsQHmy4gJ2HHgpt",
    "work": 17,
    "created": "2015-07-31T19:41:06.513Z",
    "category": 2,
    "priority": "n",
    "modified": "2015-07-31T19:41:06.513Z"
  }
},
{
  "pk": 18,
  "model": "core.entry",
  "fields": {
    "person": 3,
    "seller": 1,
    "is_entry": false,
    "description": "RdDrcGdcdI_dMdVp",
    "work": 18,
    "created": "2015-07-31T19:41:06.849Z",
    "category": 3,
    "priority": "n",
    "modified": "2015-07-31T19:41:06.849Z"
  }
},
{
  "pk": 19,
  "model": "core.entry",
  "fields": {
    "person": 34,
    "seller": 3,
    "is_entry": false,
    "description": "Cpr2VIFJerXPVIg00Zp",
    "work": 19,
    "created": "2015-07-31T19:41:06.986Z",
    "category": 6,
    "priority": "b",
    "modified": "2015-07-31T19:41:06.986Z"
  }
},
{
  "pk": 20,
  "model": "core.entry",
  "fields": {
    "person": 29,
    "seller": 2,
    "is_entry": false,
    "description": "xFVmvutGpu7v7mzV",
    "work": 20,
    "created": "2015-07-31T19:41:07.117Z",
    "category": 5,
    "priority": "a",
    "modified": "2015-07-31T19:41:07.117Z"
  }
},
{
  "pk": 21,
  "model": "core.entry",
  "fields": {
    "person": 27,
    "seller": 1,
    "is_entry": false,
    "description": "BGZokBrRcYNoLQ",
    "work": 21,
    "created": "2015-07-31T19:41:07.274Z",
    "category": 5,
    "priority": "a",
    "modified": "2015-07-31T19:41:07.274Z"
  }
},
{
  "pk": 22,
  "model": "core.entry",
  "fields": {
    "person": 19,
    "seller": 3,
    "is_entry": false,
    "description": "qYYdjwpKK1iwbpdY",
    "work": 22,
    "created": "2015-07-31T19:41:07.440Z",
    "category": 6,
    "priority": "b",
    "modified": "2015-07-31T19:41:07.440Z"
  }
},
{
  "pk": 23,
  "model": "core.entry",
  "fields": {
    "person": 10,
    "seller": 3,
    "is_entry": false,
    "description": "m_LTQCCQTmQQCQ",
    "work": 23,
    "created": "2015-07-31T19:41:07.791Z",
    "category": 2,
    "priority": "n",
    "modified": "2015-07-31T19:41:07.791Z"
  }
},
{
  "pk": 24,
  "model": "core.entry",
  "fields": {
    "person": 7,
    "seller": 3,
    "is_entry": false,
    "description": "RHHTRRHTHHHTRHHRRHH",
    "work": 24,
    "created": "2015-07-31T19:41:07.944Z",
    "category": 2,
    "priority": "a",
    "modified": "2015-07-31T19:41:07.945Z"
  }
},
{
  "pk": 25,
  "model": "core.entry",
  "fields": {
    "person": 29,
    "seller": 2,
    "is_entry": false,
    "description": "jkjgtTpNA7mMJFX",
    "work": 25,
    "created": "2015-07-31T19:41:08.083Z",
    "category": 3,
    "priority": "u",
    "modified": "2015-07-31T19:41:08.083Z"
  }
},
{
  "pk": 26,
  "model": "core.entry",
  "fields": {
    "person": 28,
    "seller": 2,
    "is_entry": false,
    "description": "7Py_gyUluuSugV_u3ygp",
    "work": 26,
    "created": "2015-07-31T19:41:08.210Z",
    "category": 8,
    "priority": "u",
    "modified": "2015-07-31T19:41:08.210Z"
  }
},
{
  "pk": 27,
  "model": "core.entry",
  "fields": {
    "person": 38,
    "seller": 1,
    "is_entry": false,
    "description": "PohAOONsQ5",
    "work": 27,
    "created": "2015-07-31T19:41:08.341Z",
    "category": 3,
    "priority": "n",
    "modified": "2015-07-31T19:41:08.341Z"
  }
},
{
  "pk": 28,
  "model": "core.entry",
  "fields": {
    "person": 22,
    "seller": 1,
    "is_entry": false,
    "description": "v9CZSCPgLJp",
    "work": 28,
    "created": "2015-07-31T19:41:08.474Z",
    "category": 7,
    "priority": "b",
    "modified": "2015-07-31T19:41:08.474Z"
  }
},
{
  "pk": 29,
  "model": "core.entry",
  "fields": {
    "person": 33,
    "seller": 3,
    "is_entry": false,
    "description": "Oky8HV855XDPlL5HsBa",
    "work": 29,
    "created": "2015-07-31T19:41:08.608Z",
    "category": 4,
    "priority": "n",
    "modified": "2015-07-31T19:41:08.608Z"
  }
},
{
  "pk": 30,
  "model": "core.entry",
  "fields": {
    "person": 35,
    "seller": 1,
    "is_entry": false,
    "description": "3sgMcQ32sY9Q",
    "work": 30,
    "created": "2015-07-31T19:41:08.738Z",
    "category": 2,
    "priority": "b",
    "modified": "2015-07-31T19:41:08.738Z"
  }
},
{
  "pk": 31,
  "model": "core.entry",
  "fields": {
    "person": 49,
    "seller": 2,
    "is_entry": false,
    "description": "GlCECcEE6G6llAEG",
    "work": 31,
    "created": "2015-07-31T19:41:08.872Z",
    "category": 2,
    "priority": "a",
    "modified": "2015-07-31T19:41:08.872Z"
  }
},
{
  "pk": 32,
  "model": "core.entry",
  "fields": {
    "person": 35,
    "seller": 2,
    "is_entry": false,
    "description": "NNR2QSRvM0P2hKcder",
    "work": 32,
    "created": "2015-07-31T19:41:09.006Z",
    "category": 1,
    "priority": "a",
    "modified": "2015-07-31T19:41:09.006Z"
  }
},
{
  "pk": 33,
  "model": "core.entry",
  "fields": {
    "person": 10,
    "seller": 2,
    "is_entry": false,
    "description": "MuIxlPSpSZZUf4A",
    "work": 33,
    "created": "2015-07-31T19:41:09.185Z",
    "category": 7,
    "priority": "a",
    "modified": "2015-07-31T19:41:09.185Z"
  }
},
{
  "pk": 34,
  "model": "core.entry",
  "fields": {
    "person": 19,
    "seller": 2,
    "is_entry": false,
    "description": "k4Tk2TavOvMayaHAfAy",
    "work": 34,
    "created": "2015-07-31T19:41:09.392Z",
    "category": 6,
    "priority": "u",
    "modified": "2015-07-31T19:41:09.392Z"
  }
},
{
  "pk": 35,
  "model": "core.entry",
  "fields": {
    "person": 12,
    "seller": 2,
    "is_entry": false,
    "description": "5BjpVz5hGVazGpJV",
    "work": 35,
    "created": "2015-07-31T19:41:09.650Z",
    "category": 5,
    "priority": "n",
    "modified": "2015-07-31T19:41:09.650Z"
  }
},
{
  "pk": 36,
  "model": "core.entry",
  "fields": {
    "person": 3,
    "seller": 2,
    "is_entry": false,
    "description": "xWuduATTnAAAu",
    "work": 36,
    "created": "2015-07-31T19:41:09.827Z",
    "category": 4,
    "priority": "u",
    "modified": "2015-07-31T19:41:09.828Z"
  }
},
{
  "pk": 37,
  "model": "core.entry",
  "fields": {
    "person": 42,
    "seller": 2,
    "is_entry": false,
    "description": "gTkMgCgRWYMZP7",
    "work": 37,
    "created": "2015-07-31T19:41:10.027Z",
    "category": 6,
    "priority": "a",
    "modified": "2015-07-31T19:41:10.027Z"
  }
},
{
  "pk": 38,
  "model": "core.entry",
  "fields": {
    "person": 41,
    "seller": 3,
    "is_entry": false,
    "description": "gz2IQ6WJNmp5",
    "work": 38,
    "created": "2015-07-31T19:41:10.184Z",
    "category": 6,
    "priority": "b",
    "modified": "2015-07-31T19:41:10.185Z"
  }
},
{
  "pk": 39,
  "model": "core.entry",
  "fields": {
    "person": 41,
    "seller": 2,
    "is_entry": false,
    "description": "nUVaqdZKKnTSTQun",
    "work": 39,
    "created": "2015-07-31T19:41:10.350Z",
    "category": 8,
    "priority": "a",
    "modified": "2015-07-31T19:41:10.350Z"
  }
},
{
  "pk": 40,
  "model": "core.entry",
  "fields": {
    "person": 50,
    "seller": 2,
    "is_entry": false,
    "description": "xvBGDhYQQBZoKTZA",
    "work": 40,
    "created": "2015-07-31T19:41:10.528Z",
    "category": 4,
    "priority": "n",
    "modified": "2015-07-31T19:41:10.528Z"
  }
},
{
  "pk": 1,
  "model": "core.category",
  "fields": {
    "category": "or\u00e7amento"
  }
},
{
  "pk": 2,
  "model": "core.category",
  "fields": {
    "category": "concorr\u00eancia"
  }
},
{
  "pk": 3,
  "model": "core.category",
  "fields": {
    "category": "consulta"
  }
},
{
  "pk": 4,
  "model": "core.category",
  "fields": {
    "category": "cota\u00e7\u00e3o"
  }
},
{
  "pk": 5,
  "model": "core.category",
  "fields": {
    "category": "extra"
  }
},
{
  "pk": 6,
  "model": "core.category",
  "fields": {
    "category": "global"
  }
},
{
  "pk": 7,
  "model": "core.category",
  "fields": {
    "category": "particular"
  }
},
{
  "pk": 8,
  "model": "core.category",
  "fields": {
    "category": "outros"
  }
},
{
  "pk": 1,
  "model": "core.work",
  "fields": {
    "person": 43,
    "cep": "03323-040",
    "uf": "SP",
    "complement": null,
    "address": "Rua Coelho Lisboa, 574",
    "customer": 21,
    "name_work": "New Parker",
    "district": "Tatuap\u00e9",
    "city": "S\u00e3o Paulo"
  }
},
{
  "pk": 2,
  "model": "core.work",
  "fields": {
    "person": 12,
    "cep": "04062-000",
    "uf": "SP",
    "complement": null,
    "address": "Av. Indian\u00f3polis, 100",
    "customer": 3,
    "name_work": "Ed. Boulevard",
    "district": "Indian\u00f3polis",
    "city": "S\u00e3o Paulo"
  }
},
{
  "pk": 3,
  "model": "core.work",
  "fields": {
    "person": 6,
    "cep": "01155-000",
    "uf": "SP",
    "complement": null,
    "address": "Av. Pacaemb\u00fa, 380",
    "customer": 25,
    "name_work": "Ed. Levantina",
    "district": "Barra Funda",
    "city": "S\u00e3o Paulo"
  }
},
{
  "pk": 4,
  "model": "core.work",
  "fields": {
    "person": 31,
    "cep": "00568-602",
    "uf": "SP",
    "complement": null,
    "address": "Av. Ulisses Reis de Matos, 100",
    "customer": 8,
    "name_work": "Ed. Morizono",
    "district": "Morumbi",
    "city": "S\u00e3o Paulo"
  }
},
{
  "pk": 5,
  "model": "core.work",
  "fields": {
    "person": 40,
    "cep": "04074-030",
    "uf": "SP",
    "complement": null,
    "address": "Av. Moreira Guimar\u00e3es, 367",
    "customer": 11,
    "name_work": "Tiree Itaim",
    "district": "Moema",
    "city": "S\u00e3o Paulo"
  }
},
{
  "pk": 6,
  "model": "core.work",
  "fields": {
    "person": 41,
    "cep": "04127-001",
    "uf": "SP",
    "complement": null,
    "address": "Rua Padre Machado, 68",
    "customer": 10,
    "name_work": "Casa Ferraz",
    "district": "Vila Mariana",
    "city": "S\u00e3o Paulo"
  }
},
{
  "pk": 7,
  "model": "core.work",
  "fields": {
    "person": 13,
    "cep": "05835-005",
    "uf": "SP",
    "complement": null,
    "address": "Est Itapecerica, 2925",
    "customer": 22,
    "name_work": "Ed. Leopoldo",
    "district": "Centro",
    "city": "S\u00e3o Paulo"
  }
},
{
  "pk": 8,
  "model": "core.work",
  "fields": {
    "person": 47,
    "cep": "04008-090",
    "uf": "SP",
    "complement": null,
    "address": "Av 23 de Maio, 3041",
    "customer": 7,
    "name_work": "SP Loft IV",
    "district": "Vila Mariana",
    "city": "S\u00e3o Paulo"
  }
},
{
  "pk": 9,
  "model": "core.work",
  "fields": {
    "person": 1,
    "cep": "01438-001",
    "uf": "SP",
    "complement": null,
    "address": "Rua Col\u00f4mbia, 810",
    "customer": 13,
    "name_work": "Ed. Faria Lima",
    "district": "Jardim Am\u00e9rica",
    "city": "S\u00e3o Paulo"
  }
},
{
  "pk": 10,
  "model": "core.work",
  "fields": {
    "person": 35,
    "cep": "05420-002",
    "uf": "SP",
    "complement": null,
    "address": "Av Pedroso de Morais, 1552",
    "customer": 15,
    "name_work": "Ed. Hor\u00e1cio Lafer",
    "district": "Pinheiros",
    "city": "S\u00e3o Paulo"
  }
},
{
  "pk": 11,
  "model": "core.work",
  "fields": {
    "person": 35,
    "cep": "04553-010",
    "uf": "SP",
    "complement": null,
    "address": "Av dos Bandeirantes, 1729",
    "customer": 11,
    "name_work": "Ed. Spraiada",
    "district": "Vila Ol\u00edmpia",
    "city": "S\u00e3o Paulo"
  }
},
{
  "pk": 12,
  "model": "core.work",
  "fields": {
    "person": 6,
    "cep": "03658-000",
    "uf": "SP",
    "complement": null,
    "address": "Rua Itingu\u00e7u, 1288",
    "customer": 8,
    "name_work": "Ed. 23 de Maio",
    "district": "Vila R\u00e9",
    "city": "S\u00e3o Paulo"
  }
},
{
  "pk": 13,
  "model": "core.work",
  "fields": {
    "person": 32,
    "cep": "04703-000",
    "uf": "SP",
    "complement": null,
    "address": "Av Morumbi, 7600",
    "customer": 1,
    "name_work": "Ed. Santo Augusto",
    "district": "Santo Amaro",
    "city": "S\u00e3o Paulo"
  }
},
{
  "pk": 14,
  "model": "core.work",
  "fields": {
    "person": 1,
    "cep": "05650-002",
    "uf": "SP",
    "complement": null,
    "address": "Av Morumbi, 6989",
    "customer": 6,
    "name_work": "Infinity",
    "district": "Morumbi",
    "city": "S\u00e3o Paulo"
  }
},
{
  "pk": 15,
  "model": "core.work",
  "fields": {
    "person": 31,
    "cep": "05512-200",
    "uf": "SP",
    "complement": null,
    "address": "Av Prof Francisco Morato, 1706",
    "customer": 2,
    "name_work": "Boavista Shopping",
    "district": "Butant\u00e3",
    "city": "S\u00e3o Paulo"
  }
},
{
  "pk": 16,
  "model": "core.work",
  "fields": {
    "person": 47,
    "cep": "05651-002",
    "uf": "SP",
    "complement": null,
    "address": "Av Giovanni Gronchi, 2911",
    "customer": 17,
    "name_work": "Brascan Century Open Mall",
    "district": "Morumbi",
    "city": "S\u00e3o Paulo"
  }
},
{
  "pk": 17,
  "model": "core.work",
  "fields": {
    "person": 12,
    "cep": "01449-000",
    "uf": "SP",
    "complement": null,
    "address": "Av Europa, 725",
    "customer": 15,
    "name_work": "Central Plaza Shopping",
    "district": "Jardim Europa",
    "city": "S\u00e3o Paulo"
  }
},
{
  "pk": 18,
  "model": "core.work",
  "fields": {
    "person": 41,
    "cep": "01438-001",
    "uf": "SP",
    "complement": null,
    "address": "Rua Col\u00f4mbia, 659",
    "customer": 5,
    "name_work": "Shopping Interlagos",
    "district": "Jardim Am\u00e9rica",
    "city": "S\u00e3o Paulo"
  }
},
{
  "pk": 19,
  "model": "core.work",
  "fields": {
    "person": 42,
    "cep": "04636-000",
    "uf": "SP",
    "complement": null,
    "address": "Av Prof Vicente R\u00e1o, 915",
    "customer": 12,
    "name_work": "Continental Shopping Center",
    "district": "Jardim Petr\u00f3polis",
    "city": "S\u00e3o Paulo"
  }
},
{
  "pk": 20,
  "model": "core.work",
  "fields": {
    "person": 35,
    "cep": "02511-000",
    "uf": "SP",
    "complement": null,
    "address": "Av Braz Leme, 268",
    "customer": 5,
    "name_work": "Morumbi Shopping",
    "district": "Casa Verde",
    "city": "S\u00e3o Paulo"
  }
},
{
  "pk": 21,
  "model": "core.work",
  "fields": {
    "person": 15,
    "cep": "04547-001",
    "uf": "SP",
    "complement": null,
    "address": "Rua Gomes de Carvalho, 421",
    "customer": 19,
    "name_work": "Raposo Shopping",
    "district": "Vila Ol\u00edmpia",
    "city": "S\u00e3o Paulo"
  }
},
{
  "pk": 22,
  "model": "core.work",
  "fields": {
    "person": 42,
    "cep": "04660-001",
    "uf": "SP",
    "complement": null,
    "address": "Av Interlagos, 1550",
    "customer": 13,
    "name_work": "Santana Parque Shopping",
    "district": "Jardim Marajoara",
    "city": "S\u00e3o Paulo"
  }
},
{
  "pk": 23,
  "model": "core.work",
  "fields": {
    "person": 28,
    "cep": "05686-020",
    "uf": "SP",
    "complement": null,
    "address": "Rua Ulysses Reis de Mattos, 100",
    "customer": 22,
    "name_work": "Shopping Analia Franco",
    "district": "Real Parque",
    "city": "S\u00e3o Paulo"
  }
},
{
  "pk": 24,
  "model": "core.work",
  "fields": {
    "person": 18,
    "cep": "04795-100",
    "uf": "SP",
    "complement": null,
    "address": "Av das Na\u00e7\u00f5es Unidas, 17471",
    "customer": 9,
    "name_work": "Shopping Butant\u00e3",
    "district": "Vila Almeida",
    "city": "S\u00e3o Paulo"
  }
},
{
  "pk": 25,
  "model": "core.work",
  "fields": {
    "person": 9,
    "cep": "05804-925",
    "uf": "SP",
    "complement": null,
    "address": "Avenida Maria Coelho Aguiar, 215",
    "customer": 25,
    "name_work": "Shopping Eldorado",
    "district": "Jardim S\u00e3o Lu\u00eds",
    "city": "S\u00e3o Paulo"
  }
},
{
  "pk": 26,
  "model": "core.work",
  "fields": {
    "person": 20,
    "cep": "05307-085",
    "uf": "SP",
    "complement": null,
    "address": "Avenida das Na\u00e7\u00f5es Unidas, 22540",
    "customer": 2,
    "name_work": "Shopping Frei Caneca",
    "district": "Alto de Pinheiros",
    "city": "S\u00e3o Paulo"
  }
},
{
  "pk": 27,
  "model": "core.work",
  "fields": {
    "person": 12,
    "cep": "03282-035",
    "uf": "SP",
    "complement": null,
    "address": "Rua Manoel Jos\u00e9 Viana, 94",
    "customer": 11,
    "name_work": "Shopping Ibirapuera",
    "district": "Vila Ivone",
    "city": "S\u00e3o Paulo"
  }
},
{
  "pk": 28,
  "model": "core.work",
  "fields": {
    "person": 17,
    "cep": "02460-070",
    "uf": "SP",
    "complement": null,
    "address": "Rua Dona Maria Cust\u00f3dia, 319",
    "customer": 8,
    "name_work": "Shopping Jardim Sul",
    "district": "Santa Terezinha",
    "city": "S\u00e3o Paulo"
  }
},
{
  "pk": 29,
  "model": "core.work",
  "fields": {
    "person": 48,
    "cep": "04768-000",
    "uf": "SP",
    "complement": null,
    "address": "Avenida Robert Kennedy, 188",
    "customer": 13,
    "name_work": "Shopping JK Iguatemi",
    "district": "Socorro",
    "city": "S\u00e3o Paulo"
  }
},
{
  "pk": 30,
  "model": "core.work",
  "fields": {
    "person": 9,
    "cep": "00000-000",
    "uf": "SP",
    "complement": null,
    "address": "Av Eng Caetano Alvares, 3916",
    "customer": 15,
    "name_work": "Shopping Metro Boulevard Tatuape",
    "district": "Lim\u00e3o",
    "city": "S\u00e3o Paulo"
  }
},
{
  "pk": 31,
  "model": "core.work",
  "fields": {
    "person": 25,
    "cep": "04703-000",
    "uf": "SP",
    "complement": null,
    "address": "Av Morumbi, 7766",
    "customer": 20,
    "name_work": "Shopping Metr\u00f4 Itaquera",
    "district": "Santo Amaro",
    "city": "S\u00e3o Paulo"
  }
},
{
  "pk": 32,
  "model": "core.work",
  "fields": {
    "person": 19,
    "cep": "00000-000",
    "uf": "SP",
    "complement": null,
    "address": "Av Roland Garros, 1853",
    "customer": 12,
    "name_work": "Shopping Metr\u00f4 Tatuape",
    "district": "Jardim Brasil",
    "city": "S\u00e3o Paulo"
  }
},
{
  "pk": 33,
  "model": "core.work",
  "fields": {
    "person": 21,
    "cep": "04262-200",
    "uf": "SP",
    "complement": null,
    "address": "Av Nazar\u00e9, 1070",
    "customer": 13,
    "name_work": "Shopping Metr\u00f4 Tucuruvi",
    "district": "Ipiranga",
    "city": "S\u00e3o Paulo"
  }
},
{
  "pk": 34,
  "model": "core.work",
  "fields": {
    "person": 43,
    "cep": "04795-100",
    "uf": "SP",
    "complement": null,
    "address": "Avenida das Nacoes Unidas, 19667",
    "customer": 14,
    "name_work": "Shopping P\u00e1tio Higien\u00f3polis",
    "district": "Vila Almeida",
    "city": "S\u00e3o Paulo"
  }
},
{
  "pk": 35,
  "model": "core.work",
  "fields": {
    "person": 49,
    "cep": "02170-000",
    "uf": "SP",
    "complement": null,
    "address": "Av Morvan Dias de Figueiredo, 1175",
    "customer": 15,
    "name_work": "Shopping P\u00e1tio Paulista",
    "district": "Vila Guilherme",
    "city": "S\u00e3o Paulo"
  }
},
{
  "pk": 36,
  "model": "core.work",
  "fields": {
    "person": 16,
    "cep": "03154-100",
    "uf": "SP",
    "complement": null,
    "address": "Av Prof Luiz Ign\u00e1cio Anhaia Mello, 2560",
    "customer": 10,
    "name_work": "Shopping Plaza Sul",
    "district": "Jardim Avelino",
    "city": "S\u00e3o Paulo"
  }
},
{
  "pk": 37,
  "model": "core.work",
  "fields": {
    "person": 34,
    "cep": "04045-003",
    "uf": "SP",
    "complement": null,
    "address": "Av Jabaquara, 2177",
    "customer": 20,
    "name_work": "Shopping Sp Market",
    "district": "Mirand\u00f3polis",
    "city": "S\u00e3o Paulo"
  }
},
{
  "pk": 38,
  "model": "core.work",
  "fields": {
    "person": 28,
    "cep": "03163-050",
    "uf": "SP",
    "complement": null,
    "address": "P\u00e7 Br de Tiet\u00ea, 115",
    "customer": 14,
    "name_work": "Shopping Vila Ol\u00edmpia",
    "district": "Belenzinho",
    "city": "S\u00e3o Paulo"
  }
},
{
  "pk": 39,
  "model": "core.work",
  "fields": {
    "person": 13,
    "cep": "02901-000",
    "uf": "SP",
    "complement": null,
    "address": "Av Otaviano Alves de Lima, 3972",
    "customer": 8,
    "name_work": "Shopping Villa - lobos",
    "district": "Nossa Senhora do \u00d3",
    "city": "S\u00e3o Paulo"
  }
},
{
  "pk": 40,
  "model": "core.work",
  "fields": {
    "person": 46,
    "cep": "01155-000",
    "uf": "SP",
    "complement": null,
    "address": "Av Pacaembu, 380",
    "customer": 25,
    "name_work": "West Plaza Shopping",
    "district": "Barra Funda",
    "city": "S\u00e3o Paulo"
  }
},
{
  "pk": 1,
  "model": "core.proposal",
  "fields": {
    "person": 4,
    "num_prop": 1,
    "obs": null,
    "employee": 6,
    "price": "6747359.59",
    "num_type_prop": 0,
    "work": 3,
    "date_conclusion": "2015-11-21T02:00:00Z",
    "category": 3,
    "modified": "2015-07-31T19:41:11.380Z",
    "status": "co",
    "type_prop": "R",
    "created": "2015-07-31T19:41:11.380Z",
    "seller": 1,
    "description": "wBad7hNeHZFXd"
  }
},
{
  "pk": 2,
  "model": "core.proposal",
  "fields": {
    "person": 47,
    "num_prop": 2,
    "obs": null,
    "employee": 9,
    "price": "0.00",
    "num_type_prop": 0,
    "work": 26,
    "date_conclusion": null,
    "category": 2,
    "modified": "2015-07-31T19:41:11.573Z",
    "status": "c",
    "type_prop": "R",
    "created": "2015-07-31T19:41:11.573Z",
    "seller": 3,
    "description": "JB_AX5OVm9ZD5GzkpAE"
  }
},
{
  "pk": 3,
  "model": "core.proposal",
  "fields": {
    "person": 3,
    "num_prop": 3,
    "obs": null,
    "employee": 1,
    "price": "0.00",
    "num_type_prop": 0,
    "work": 11,
    "date_conclusion": null,
    "category": 3,
    "modified": "2015-07-31T19:41:11.722Z",
    "status": "c",
    "type_prop": "R",
    "created": "2015-07-31T19:41:11.722Z",
    "seller": 3,
    "description": "0MM4dxUA6VC"
  }
},
{
  "pk": 4,
  "model": "core.proposal",
  "fields": {
    "person": 7,
    "num_prop": 4,
    "obs": null,
    "employee": 7,
    "price": "7795811.73",
    "num_type_prop": 0,
    "work": 7,
    "date_conclusion": "2015-09-19T03:00:00Z",
    "category": 8,
    "modified": "2015-07-31T19:41:11.911Z",
    "status": "a",
    "type_prop": "R",
    "created": "2015-07-31T19:41:11.911Z",
    "seller": 2,
    "description": "ZZaaZaaZaZZaZa"
  }
},
{
  "pk": 5,
  "model": "core.proposal",
  "fields": {
    "person": 3,
    "num_prop": 5,
    "obs": null,
    "employee": 1,
    "price": "0.00",
    "num_type_prop": 0,
    "work": 10,
    "date_conclusion": null,
    "category": 5,
    "modified": "2015-07-31T19:41:12.113Z",
    "status": "c",
    "type_prop": "R",
    "created": "2015-07-31T19:41:12.113Z",
    "seller": 3,
    "description": "JUnjdCqn_j_kqJJCJ"
  }
},
{
  "pk": 6,
  "model": "core.proposal",
  "fields": {
    "person": 27,
    "num_prop": 6,
    "obs": null,
    "employee": 3,
    "price": "0.00",
    "num_type_prop": 0,
    "work": 19,
    "date_conclusion": null,
    "category": 5,
    "modified": "2015-07-31T19:41:12.305Z",
    "status": "p",
    "type_prop": "R",
    "created": "2015-07-31T19:41:12.305Z",
    "seller": 3,
    "description": "jiShXSPKXgChCKXP7ku"
  }
},
{
  "pk": 7,
  "model": "core.proposal",
  "fields": {
    "person": 25,
    "num_prop": 7,
    "obs": null,
    "employee": 8,
    "price": "8165740.40",
    "num_type_prop": 0,
    "work": 29,
    "date_conclusion": "2015-07-26T03:00:00Z",
    "category": 8,
    "modified": "2015-07-31T19:41:12.476Z",
    "status": "co",
    "type_prop": "R",
    "created": "2015-07-31T19:41:12.476Z",
    "seller": 3,
    "description": "aF_ekF_17YgjtC19aMW"
  }
},
{
  "pk": 8,
  "model": "core.proposal",
  "fields": {
    "person": 8,
    "num_prop": 8,
    "obs": null,
    "employee": 9,
    "price": "972903.91",
    "num_type_prop": 0,
    "work": 3,
    "date_conclusion": "2015-03-02T03:00:00Z",
    "category": 6,
    "modified": "2015-07-31T19:41:12.714Z",
    "status": "a",
    "type_prop": "R",
    "created": "2015-07-31T19:41:12.714Z",
    "seller": 2,
    "description": "KiEEA25QffrvPUf"
  }
},
{
  "pk": 9,
  "model": "core.proposal",
  "fields": {
    "person": 1,
    "num_prop": 9,
    "obs": null,
    "employee": 5,
    "price": "9502695.81",
    "num_type_prop": 0,
    "work": 34,
    "date_conclusion": "2015-03-07T03:00:00Z",
    "category": 3,
    "modified": "2015-07-31T19:41:12.867Z",
    "status": "co",
    "type_prop": "R",
    "created": "2015-07-31T19:41:12.866Z",
    "seller": 2,
    "description": "SSSSSSSSSSSSSSSSSSS"
  }
},
{
  "pk": 10,
  "model": "core.proposal",
  "fields": {
    "person": 7,
    "num_prop": 10,
    "obs": null,
    "employee": 6,
    "price": "401809.59",
    "num_type_prop": 0,
    "work": 23,
    "date_conclusion": "2015-02-15T02:00:00Z",
    "category": 7,
    "modified": "2015-07-31T19:41:13.046Z",
    "status": "co",
    "type_prop": "R",
    "created": "2015-07-31T19:41:13.046Z",
    "seller": 2,
    "description": "I8qLLvCen9ZqZHw"
  }
},
{
  "pk": 11,
  "model": "core.proposal",
  "fields": {
    "person": 37,
    "num_prop": 11,
    "obs": null,
    "employee": 2,
    "price": "0.00",
    "num_type_prop": 0,
    "work": 37,
    "date_conclusion": null,
    "category": 4,
    "modified": "2015-07-31T19:41:13.178Z",
    "status": "elab",
    "type_prop": "R",
    "created": "2015-07-31T19:41:13.178Z",
    "seller": 2,
    "description": "LALccSc7SLcLA77LSJJ"
  }
},
{
  "pk": 12,
  "model": "core.proposal",
  "fields": {
    "person": 31,
    "num_prop": 12,
    "obs": null,
    "employee": 9,
    "price": "0.00",
    "num_type_prop": 0,
    "work": 28,
    "date_conclusion": null,
    "category": 5,
    "modified": "2015-07-31T19:41:13.411Z",
    "status": "p",
    "type_prop": "R",
    "created": "2015-07-31T19:41:13.411Z",
    "seller": 3,
    "description": "6Swyr2JbM6XvRWAMPceP"
  }
},
{
  "pk": 13,
  "model": "core.proposal",
  "fields": {
    "person": 23,
    "num_prop": 13,
    "obs": null,
    "employee": 4,
    "price": "223232.60",
    "num_type_prop": 0,
    "work": 9,
    "date_conclusion": "2015-09-18T03:00:00Z",
    "category": 3,
    "modified": "2015-07-31T19:41:13.649Z",
    "status": "co",
    "type_prop": "R",
    "created": "2015-07-31T19:41:13.648Z",
    "seller": 2,
    "description": "47HsdBx7aotQk"
  }
},
{
  "pk": 14,
  "model": "core.proposal",
  "fields": {
    "person": 38,
    "num_prop": 14,
    "obs": null,
    "employee": 6,
    "price": "3899952.57",
    "num_type_prop": 0,
    "work": 34,
    "date_conclusion": "2015-03-13T03:00:00Z",
    "category": 3,
    "modified": "2015-07-31T19:41:13.817Z",
    "status": "a",
    "type_prop": "R",
    "created": "2015-07-31T19:41:13.817Z",
    "seller": 3,
    "description": "CRTBZWC4lf"
  }
},
{
  "pk": 15,
  "model": "core.proposal",
  "fields": {
    "person": 24,
    "num_prop": 15,
    "obs": null,
    "employee": 5,
    "price": "0.00",
    "num_type_prop": 0,
    "work": 21,
    "date_conclusion": null,
    "category": 2,
    "modified": "2015-07-31T19:41:13.987Z",
    "status": "c",
    "type_prop": "R",
    "created": "2015-07-31T19:41:13.987Z",
    "seller": 1,
    "description": "rGDPsJcDiU"
  }
},
{
  "pk": 16,
  "model": "core.proposal",
  "fields": {
    "person": 5,
    "num_prop": 16,
    "obs": null,
    "employee": 5,
    "price": "6882468.87",
    "num_type_prop": 0,
    "work": 34,
    "date_conclusion": "2015-07-03T03:00:00Z",
    "category": 7,
    "modified": "2015-07-31T19:41:14.186Z",
    "status": "co",
    "type_prop": "R",
    "created": "2015-07-31T19:41:14.186Z",
    "seller": 2,
    "description": "mkQMMMvv1BBiQXIM0"
  }
},
{
  "pk": 17,
  "model": "core.proposal",
  "fields": {
    "person": 3,
    "num_prop": 17,
    "obs": null,
    "employee": 1,
    "price": "0.00",
    "num_type_prop": 0,
    "work": 36,
    "date_conclusion": null,
    "category": 3,
    "modified": "2015-07-31T19:41:14.330Z",
    "status": "c",
    "type_prop": "R",
    "created": "2015-07-31T19:41:14.330Z",
    "seller": 3,
    "description": "lt4f7SkfakpbA2POqSL"
  }
},
{
  "pk": 18,
  "model": "core.proposal",
  "fields": {
    "person": 50,
    "num_prop": 18,
    "obs": null,
    "employee": 2,
    "price": "517700.60",
    "num_type_prop": 0,
    "work": 38,
    "date_conclusion": "2015-02-11T02:00:00Z",
    "category": 1,
    "modified": "2015-07-31T19:41:14.589Z",
    "status": "a",
    "type_prop": "R",
    "created": "2015-07-31T19:41:14.589Z",
    "seller": 2,
    "description": "GB8iln3ujdOa"
  }
},
{
  "pk": 19,
  "model": "core.proposal",
  "fields": {
    "person": 37,
    "num_prop": 19,
    "obs": null,
    "employee": 3,
    "price": "0.00",
    "num_type_prop": 0,
    "work": 13,
    "date_conclusion": null,
    "category": 2,
    "modified": "2015-07-31T19:41:14.745Z",
    "status": "c",
    "type_prop": "R",
    "created": "2015-07-31T19:41:14.745Z",
    "seller": 2,
    "description": "ZDFOVeMziXDuDP"
  }
},
{
  "pk": 20,
  "model": "core.proposal",
  "fields": {
    "person": 24,
    "num_prop": 20,
    "obs": null,
    "employee": 8,
    "price": "0.00",
    "num_type_prop": 0,
    "work": 34,
    "date_conclusion": null,
    "category": 6,
    "modified": "2015-07-31T19:41:14.900Z",
    "status": "c",
    "type_prop": "R",
    "created": "2015-07-31T19:41:14.900Z",
    "seller": 1,
    "description": "7Jz48HnEfEgevSy"
  }
},
{
  "pk": 21,
  "model": "core.proposal",
  "fields": {
    "person": 22,
    "num_prop": 21,
    "obs": null,
    "employee": 9,
    "price": "0.00",
    "num_type_prop": 0,
    "work": 20,
    "date_conclusion": null,
    "category": 2,
    "modified": "2015-07-31T19:41:15.111Z",
    "status": "p",
    "type_prop": "R",
    "created": "2015-07-31T19:41:15.110Z",
    "seller": 1,
    "description": "l5meltDoD2xDDt"
  }
},
{
  "pk": 22,
  "model": "core.proposal",
  "fields": {
    "person": 29,
    "num_prop": 22,
    "obs": null,
    "employee": 4,
    "price": "0.00",
    "num_type_prop": 0,
    "work": 12,
    "date_conclusion": null,
    "category": 4,
    "modified": "2015-07-31T19:41:15.239Z",
    "status": "elab",
    "type_prop": "R",
    "created": "2015-07-31T19:41:15.239Z",
    "seller": 2,
    "description": "lI_zzlJMz8eZ"
  }
},
{
  "pk": 23,
  "model": "core.proposal",
  "fields": {
    "person": 30,
    "num_prop": 23,
    "obs": null,
    "employee": 6,
    "price": "6170022.20",
    "num_type_prop": 0,
    "work": 23,
    "date_conclusion": "2015-10-01T03:00:00Z",
    "category": 5,
    "modified": "2015-07-31T19:41:15.371Z",
    "status": "a",
    "type_prop": "R",
    "created": "2015-07-31T19:41:15.371Z",
    "seller": 2,
    "description": "lwSyJk39Pj0V703d"
  }
},
{
  "pk": 24,
  "model": "core.proposal",
  "fields": {
    "person": 46,
    "num_prop": 24,
    "obs": null,
    "employee": 5,
    "price": "887859.94",
    "num_type_prop": 0,
    "work": 37,
    "date_conclusion": "2015-03-25T03:00:00Z",
    "category": 8,
    "modified": "2015-07-31T19:41:15.504Z",
    "status": "co",
    "type_prop": "R",
    "created": "2015-07-31T19:41:15.504Z",
    "seller": 1,
    "description": "7XXfiuADyIh8IzOA"
  }
},
{
  "pk": 25,
  "model": "core.proposal",
  "fields": {
    "person": 9,
    "num_prop": 25,
    "obs": null,
    "employee": 7,
    "price": "0.00",
    "num_type_prop": 0,
    "work": 27,
    "date_conclusion": null,
    "category": 5,
    "modified": "2015-07-31T19:41:15.655Z",
    "status": "p",
    "type_prop": "R",
    "created": "2015-07-31T19:41:15.655Z",
    "seller": 3,
    "description": "mzXX011C1s81zeXDz"
  }
},
{
  "pk": 26,
  "model": "core.proposal",
  "fields": {
    "person": 26,
    "num_prop": 26,
    "obs": null,
    "employee": 2,
    "price": "0.00",
    "num_type_prop": 0,
    "work": 35,
    "date_conclusion": null,
    "category": 1,
    "modified": "2015-07-31T19:41:15.787Z",
    "status": "elab",
    "type_prop": "R",
    "created": "2015-07-31T19:41:15.787Z",
    "seller": 2,
    "description": "uSSnu0SdqJhhu"
  }
},
{
  "pk": 27,
  "model": "core.proposal",
  "fields": {
    "person": 33,
    "num_prop": 27,
    "obs": null,
    "employee": 5,
    "price": "3669746.98",
    "num_type_prop": 0,
    "work": 26,
    "date_conclusion": "2015-12-12T02:00:00Z",
    "category": 3,
    "modified": "2015-07-31T19:41:15.943Z",
    "status": "co",
    "type_prop": "R",
    "created": "2015-07-31T19:41:15.943Z",
    "seller": 1,
    "description": "KPQKa3aQKCU"
  }
},
{
  "pk": 28,
  "model": "core.proposal",
  "fields": {
    "person": 33,
    "num_prop": 28,
    "obs": null,
    "employee": 4,
    "price": "7849739.67",
    "num_type_prop": 0,
    "work": 39,
    "date_conclusion": "2015-03-12T03:00:00Z",
    "category": 4,
    "modified": "2015-07-31T19:41:16.111Z",
    "status": "a",
    "type_prop": "R",
    "created": "2015-07-31T19:41:16.111Z",
    "seller": 1,
    "description": "kT0ZtJuOtoAAfq5"
  }
},
{
  "pk": 29,
  "model": "core.proposal",
  "fields": {
    "person": 29,
    "num_prop": 29,
    "obs": null,
    "employee": 7,
    "price": "5056209.63",
    "num_type_prop": 0,
    "work": 14,
    "date_conclusion": "2015-12-17T02:00:00Z",
    "category": 5,
    "modified": "2015-07-31T19:41:16.285Z",
    "status": "a",
    "type_prop": "R",
    "created": "2015-07-31T19:41:16.285Z",
    "seller": 2,
    "description": "ZVshJQjwwYk"
  }
},
{
  "pk": 30,
  "model": "core.proposal",
  "fields": {
    "person": 36,
    "num_prop": 30,
    "obs": null,
    "employee": 5,
    "price": "0.00",
    "num_type_prop": 0,
    "work": 24,
    "date_conclusion": null,
    "category": 3,
    "modified": "2015-07-31T19:41:16.423Z",
    "status": "elab",
    "type_prop": "R",
    "created": "2015-07-31T19:41:16.423Z",
    "seller": 1,
    "description": "E_FTTKgrK2Trh_"
  }
},
{
  "pk": 31,
  "model": "core.proposal",
  "fields": {
    "person": 24,
    "num_prop": 31,
    "obs": null,
    "employee": 3,
    "price": "0.00",
    "num_type_prop": 0,
    "work": 27,
    "date_conclusion": null,
    "category": 4,
    "modified": "2015-07-31T19:41:16.556Z",
    "status": "c",
    "type_prop": "R",
    "created": "2015-07-31T19:41:16.555Z",
    "seller": 1,
    "description": "WHUidi8Tasann"
  }
},
{
  "pk": 32,
  "model": "core.proposal",
  "fields": {
    "person": 1,
    "num_prop": 32,
    "obs": null,
    "employee": 2,
    "price": "5435551.26",
    "num_type_prop": 0,
    "work": 5,
    "date_conclusion": "2015-12-23T02:00:00Z",
    "category": 4,
    "modified": "2015-07-31T19:41:16.686Z",
    "status": "a",
    "type_prop": "R",
    "created": "2015-07-31T19:41:16.686Z",
    "seller": 2,
    "description": "SRP1PMMk2k1RM"
  }
},
{
  "pk": 33,
  "model": "core.proposal",
  "fields": {
    "person": 23,
    "num_prop": 33,
    "obs": null,
    "employee": 9,
    "price": "9232528.89",
    "num_type_prop": 0,
    "work": 10,
    "date_conclusion": "2015-08-22T03:00:00Z",
    "category": 4,
    "modified": "2015-07-31T19:41:16.820Z",
    "status": "co",
    "type_prop": "R",
    "created": "2015-07-31T19:41:16.820Z",
    "seller": 3,
    "description": "Ow_tZ_CFyof_"
  }
},
{
  "pk": 34,
  "model": "core.proposal",
  "fields": {
    "person": 12,
    "num_prop": 34,
    "obs": null,
    "employee": 3,
    "price": "0.00",
    "num_type_prop": 0,
    "work": 25,
    "date_conclusion": null,
    "category": 2,
    "modified": "2015-07-31T19:41:16.961Z",
    "status": "elab",
    "type_prop": "R",
    "created": "2015-07-31T19:41:16.960Z",
    "seller": 3,
    "description": "uC1IUz2Gc1oS"
  }
},
{
  "pk": 35,
  "model": "core.proposal",
  "fields": {
    "person": 40,
    "num_prop": 35,
    "obs": null,
    "employee": 3,
    "price": "1572423.18",
    "num_type_prop": 0,
    "work": 31,
    "date_conclusion": "2015-11-23T02:00:00Z",
    "category": 7,
    "modified": "2015-07-31T19:41:17.091Z",
    "status": "co",
    "type_prop": "R",
    "created": "2015-07-31T19:41:17.090Z",
    "seller": 1,
    "description": "nFIFBb_brl"
  }
},
{
  "pk": 36,
  "model": "core.proposal",
  "fields": {
    "person": 34,
    "num_prop": 36,
    "obs": null,
    "employee": 6,
    "price": "3514494.24",
    "num_type_prop": 0,
    "work": 24,
    "date_conclusion": "2015-10-06T03:00:00Z",
    "category": 4,
    "modified": "2015-07-31T19:41:17.481Z",
    "status": "co",
    "type_prop": "R",
    "created": "2015-07-31T19:41:17.481Z",
    "seller": 3,
    "description": "rlknfU08__rXi41"
  }
},
{
  "pk": 37,
  "model": "core.proposal",
  "fields": {
    "person": 17,
    "num_prop": 37,
    "obs": null,
    "employee": 3,
    "price": "4578299.00",
    "num_type_prop": 0,
    "work": 3,
    "date_conclusion": "2015-10-03T03:00:00Z",
    "category": 5,
    "modified": "2015-07-31T19:41:17.634Z",
    "status": "a",
    "type_prop": "R",
    "created": "2015-07-31T19:41:17.634Z",
    "seller": 1,
    "description": "m8G5rKL_0AoTYsoEIeY"
  }
},
{
  "pk": 38,
  "model": "core.proposal",
  "fields": {
    "person": 24,
    "num_prop": 38,
    "obs": null,
    "employee": 3,
    "price": "1581068.26",
    "num_type_prop": 0,
    "work": 8,
    "date_conclusion": "2015-08-19T03:00:00Z",
    "category": 1,
    "modified": "2015-07-31T19:41:17.790Z",
    "status": "a",
    "type_prop": "R",
    "created": "2015-07-31T19:41:17.790Z",
    "seller": 2,
    "description": "8e33cSYWGStScZxY2eId"
  }
},
{
  "pk": 39,
  "model": "core.proposal",
  "fields": {
    "person": 27,
    "num_prop": 39,
    "obs": null,
    "employee": 6,
    "price": "3986339.35",
    "num_type_prop": 0,
    "work": 24,
    "date_conclusion": "2015-10-26T02:00:00Z",
    "category": 7,
    "modified": "2015-07-31T19:41:17.924Z",
    "status": "a",
    "type_prop": "R",
    "created": "2015-07-31T19:41:17.923Z",
    "seller": 2,
    "description": "u3Ogw9OYyY7YHXavagqA"
  }
},
{
  "pk": 40,
  "model": "core.proposal",
  "fields": {
    "person": 47,
    "num_prop": 40,
    "obs": null,
    "employee": 5,
    "price": "0.00",
    "num_type_prop": 0,
    "work": 37,
    "date_conclusion": null,
    "category": 3,
    "modified": "2015-07-31T19:41:18.075Z",
    "status": "c",
    "type_prop": "R",
    "created": "2015-07-31T19:41:18.074Z",
    "seller": 2,
    "description": "89Jh9ahMzVX6zX0p"
  }
},
{
  "pk": 41,
  "model": "core.proposal",
  "fields": {
    "person": 32,
    "num_prop": 41,
    "obs": null,
    "employee": 2,
    "price": "7097987.00",
    "num_type_prop": 0,
    "work": 10,
    "date_conclusion": "2015-05-08T03:00:00Z",
    "category": 5,
    "modified": "2015-07-31T19:41:18.229Z",
    "status": "a",
    "type_prop": "R",
    "created": "2015-07-31T19:41:18.229Z",
    "seller": 3,
    "description": "d28dwMbBx112Tp1WGL9"
  }
},
{
  "pk": 42,
  "model": "core.proposal",
  "fields": {
    "person": 20,
    "num_prop": 42,
    "obs": null,
    "employee": 8,
    "price": "0.00",
    "num_type_prop": 0,
    "work": 18,
    "date_conclusion": null,
    "category": 7,
    "modified": "2015-07-31T19:41:18.364Z",
    "status": "elab",
    "type_prop": "R",
    "created": "2015-07-31T19:41:18.364Z",
    "seller": 3,
    "description": "jEEgmvc8uE"
  }
},
{
  "pk": 43,
  "model": "core.proposal",
  "fields": {
    "person": 22,
    "num_prop": 43,
    "obs": null,
    "employee": 8,
    "price": "0.00",
    "num_type_prop": 0,
    "work": 34,
    "date_conclusion": null,
    "category": 6,
    "modified": "2015-07-31T19:41:18.498Z",
    "status": "elab",
    "type_prop": "R",
    "created": "2015-07-31T19:41:18.498Z",
    "seller": 3,
    "description": "m0TG9SHms2mqvWmI9bQz"
  }
},
{
  "pk": 44,
  "model": "core.proposal",
  "fields": {
    "person": 4,
    "num_prop": 44,
    "obs": null,
    "employee": 8,
    "price": "0.00",
    "num_type_prop": 0,
    "work": 3,
    "date_conclusion": null,
    "category": 1,
    "modified": "2015-07-31T19:41:18.636Z",
    "status": "elab",
    "type_prop": "R",
    "created": "2015-07-31T19:41:18.636Z",
    "seller": 1,
    "description": "cOJqhhw4tAiaDUihr"
  }
},
{
  "pk": 45,
  "model": "core.proposal",
  "fields": {
    "person": 9,
    "num_prop": 45,
    "obs": null,
    "employee": 8,
    "price": "9537040.37",
    "num_type_prop": 0,
    "work": 31,
    "date_conclusion": "2015-03-08T03:00:00Z",
    "category": 1,
    "modified": "2015-07-31T19:41:18.771Z",
    "status": "co",
    "type_prop": "R",
    "created": "2015-07-31T19:41:18.771Z",
    "seller": 1,
    "description": "wJ7ZIZJayhrZwrg2gQJ"
  }
},
{
  "pk": 46,
  "model": "core.proposal",
  "fields": {
    "person": 16,
    "num_prop": 46,
    "obs": null,
    "employee": 8,
    "price": "0.00",
    "num_type_prop": 0,
    "work": 20,
    "date_conclusion": null,
    "category": 1,
    "modified": "2015-07-31T19:41:18.904Z",
    "status": "p",
    "type_prop": "R",
    "created": "2015-07-31T19:41:18.904Z",
    "seller": 2,
    "description": "KdbWkAXkkkKRA"
  }
},
{
  "pk": 47,
  "model": "core.proposal",
  "fields": {
    "person": 38,
    "num_prop": 47,
    "obs": null,
    "employee": 2,
    "price": "0.00",
    "num_type_prop": 0,
    "work": 30,
    "date_conclusion": null,
    "category": 5,
    "modified": "2015-07-31T19:41:19.036Z",
    "status": "p",
    "type_prop": "R",
    "created": "2015-07-31T19:41:19.036Z",
    "seller": 1,
    "description": "xWyIY9IuubsB696NNdI6"
  }
},
{
  "pk": 48,
  "model": "core.proposal",
  "fields": {
    "person": 23,
    "num_prop": 48,
    "obs": null,
    "employee": 7,
    "price": "7117833.26",
    "num_type_prop": 0,
    "work": 13,
    "date_conclusion": "2015-02-02T02:00:00Z",
    "category": 4,
    "modified": "2015-07-31T19:41:19.164Z",
    "status": "a",
    "type_prop": "R",
    "created": "2015-07-31T19:41:19.163Z",
    "seller": 3,
    "description": "CIZPOPcJoFAFfJ6APeq"
  }
},
{
  "pk": 49,
  "model": "core.proposal",
  "fields": {
    "person": 2,
    "num_prop": 49,
    "obs": null,
    "employee": 3,
    "price": "7095962.30",
    "num_type_prop": 0,
    "work": 10,
    "date_conclusion": "2015-04-06T03:00:00Z",
    "category": 6,
    "modified": "2015-07-31T19:41:19.312Z",
    "status": "a",
    "type_prop": "R",
    "created": "2015-07-31T19:41:19.312Z",
    "seller": 3,
    "description": "XIO8HfedeX9q8XHEpl"
  }
},
{
  "pk": 50,
  "model": "core.proposal",
  "fields": {
    "person": 17,
    "num_prop": 50,
    "obs": null,
    "employee": 5,
    "price": "5685294.96",
    "num_type_prop": 0,
    "work": 13,
    "date_conclusion": "2015-09-20T03:00:00Z",
    "category": 3,
    "modified": "2015-07-31T19:41:19.458Z",
    "status": "a",
    "type_prop": "R",
    "created": "2015-07-31T19:41:19.458Z",
    "seller": 1,
    "description": "logYl2XqP7MXo"
  }
},
{
  "pk": 51,
  "model": "core.proposal",
  "fields": {
    "person": 25,
    "num_prop": 51,
    "obs": null,
    "employee": 5,
    "price": "4129843.61",
    "num_type_prop": 0,
    "work": 16,
    "date_conclusion": "2015-10-03T03:00:00Z",
    "category": 4,
    "modified": "2015-07-31T19:41:19.590Z",
    "status": "co",
    "type_prop": "R",
    "created": "2015-07-31T19:41:19.590Z",
    "seller": 2,
    "description": "hpCWh9u4yWyQhyypeu4"
  }
},
{
  "pk": 52,
  "model": "core.proposal",
  "fields": {
    "person": 31,
    "num_prop": 52,
    "obs": null,
    "employee": 3,
    "price": "975859.36",
    "num_type_prop": 0,
    "work": 12,
    "date_conclusion": "2015-02-28T03:00:00Z",
    "category": 8,
    "modified": "2015-07-31T19:41:19.745Z",
    "status": "co",
    "type_prop": "R",
    "created": "2015-07-31T19:41:19.745Z",
    "seller": 3,
    "description": "EVRU_KyEERyb"
  }
},
{
  "pk": 53,
  "model": "core.proposal",
  "fields": {
    "person": 34,
    "num_prop": 53,
    "obs": null,
    "employee": 4,
    "price": "5404235.64",
    "num_type_prop": 0,
    "work": 20,
    "date_conclusion": "2015-04-12T03:00:00Z",
    "category": 1,
    "modified": "2015-07-31T19:41:19.884Z",
    "status": "a",
    "type_prop": "R",
    "created": "2015-07-31T19:41:19.884Z",
    "seller": 3,
    "description": "19BUa59cv5deea"
  }
},
{
  "pk": 54,
  "model": "core.proposal",
  "fields": {
    "person": 29,
    "num_prop": 54,
    "obs": null,
    "employee": 8,
    "price": "0.00",
    "num_type_prop": 0,
    "work": 20,
    "date_conclusion": null,
    "category": 8,
    "modified": "2015-07-31T19:41:20.039Z",
    "status": "elab",
    "type_prop": "R",
    "created": "2015-07-31T19:41:20.039Z",
    "seller": 1,
    "description": "I7lzAWaku22NV52zvV"
  }
},
{
  "pk": 55,
  "model": "core.proposal",
  "fields": {
    "person": 46,
    "num_prop": 55,
    "obs": null,
    "employee": 9,
    "price": "0.00",
    "num_type_prop": 0,
    "work": 15,
    "date_conclusion": null,
    "category": 1,
    "modified": "2015-07-31T19:41:20.182Z",
    "status": "p",
    "type_prop": "R",
    "created": "2015-07-31T19:41:20.182Z",
    "seller": 1,
    "description": "cctn5sZtsThnJJcc"
  }
},
{
  "pk": 56,
  "model": "core.proposal",
  "fields": {
    "person": 33,
    "num_prop": 56,
    "obs": null,
    "employee": 8,
    "price": "7785241.36",
    "num_type_prop": 0,
    "work": 38,
    "date_conclusion": "2015-02-11T02:00:00Z",
    "category": 8,
    "modified": "2015-07-31T19:41:20.331Z",
    "status": "co",
    "type_prop": "R",
    "created": "2015-07-31T19:41:20.331Z",
    "seller": 2,
    "description": "fQRDwXComzwE"
  }
},
{
  "pk": 57,
  "model": "core.proposal",
  "fields": {
    "person": 15,
    "num_prop": 57,
    "obs": null,
    "employee": 4,
    "price": "5987608.52",
    "num_type_prop": 0,
    "work": 4,
    "date_conclusion": "2015-09-17T03:00:00Z",
    "category": 7,
    "modified": "2015-07-31T19:41:20.467Z",
    "status": "co",
    "type_prop": "R",
    "created": "2015-07-31T19:41:20.467Z",
    "seller": 1,
    "description": "OcDbDJbQho_N7QcQ9b"
  }
},
{
  "pk": 58,
  "model": "core.proposal",
  "fields": {
    "person": 1,
    "num_prop": 58,
    "obs": null,
    "employee": 2,
    "price": "613884.07",
    "num_type_prop": 0,
    "work": 14,
    "date_conclusion": "2015-01-09T02:00:00Z",
    "category": 2,
    "modified": "2015-07-31T19:41:20.635Z",
    "status": "a",
    "type_prop": "R",
    "created": "2015-07-31T19:41:20.635Z",
    "seller": 3,
    "description": "VS0ONiNaaNzzd_"
  }
},
{
  "pk": 59,
  "model": "core.proposal",
  "fields": {
    "person": 39,
    "num_prop": 59,
    "obs": null,
    "employee": 3,
    "price": "7900178.25",
    "num_type_prop": 0,
    "work": 10,
    "date_conclusion": "2015-02-17T02:00:00Z",
    "category": 7,
    "modified": "2015-07-31T19:41:20.786Z",
    "status": "a",
    "type_prop": "R",
    "created": "2015-07-31T19:41:20.786Z",
    "seller": 2,
    "description": "JFrBd3BrwLyF0N"
  }
},
{
  "pk": 60,
  "model": "core.proposal",
  "fields": {
    "person": 3,
    "num_prop": 60,
    "obs": null,
    "employee": 9,
    "price": "3559847.19",
    "num_type_prop": 0,
    "work": 4,
    "date_conclusion": "2015-04-25T03:00:00Z",
    "category": 7,
    "modified": "2015-07-31T19:41:20.958Z",
    "status": "co",
    "type_prop": "R",
    "created": "2015-07-31T19:41:20.958Z",
    "seller": 2,
    "description": "Pl3l1TvnBBQxE"
  }
},
{
  "pk": 61,
  "model": "core.proposal",
  "fields": {
    "person": 42,
    "num_prop": 61,
    "obs": null,
    "employee": 2,
    "price": "211668.75",
    "num_type_prop": 0,
    "work": 11,
    "date_conclusion": "2015-07-17T03:00:00Z",
    "category": 7,
    "modified": "2015-07-31T19:41:21.171Z",
    "status": "co",
    "type_prop": "R",
    "created": "2015-07-31T19:41:21.171Z",
    "seller": 1,
    "description": "ldOlodrvAEAvvE"
  }
},
{
  "pk": 62,
  "model": "core.proposal",
  "fields": {
    "person": 14,
    "num_prop": 62,
    "obs": null,
    "employee": 2,
    "price": "0.00",
    "num_type_prop": 0,
    "work": 30,
    "date_conclusion": null,
    "category": 5,
    "modified": "2015-07-31T19:41:21.318Z",
    "status": "c",
    "type_prop": "R",
    "created": "2015-07-31T19:41:21.318Z",
    "seller": 2,
    "description": "yCR6Or2oYssR"
  }
},
{
  "pk": 63,
  "model": "core.proposal",
  "fields": {
    "person": 21,
    "num_prop": 63,
    "obs": null,
    "employee": 5,
    "price": "0.00",
    "num_type_prop": 0,
    "work": 40,
    "date_conclusion": null,
    "category": 3,
    "modified": "2015-07-31T19:41:21.458Z",
    "status": "elab",
    "type_prop": "R",
    "created": "2015-07-31T19:41:21.457Z",
    "seller": 3,
    "description": "ppsBlyyl858DlD5"
  }
},
{
  "pk": 64,
  "model": "core.proposal",
  "fields": {
    "person": 45,
    "num_prop": 64,
    "obs": null,
    "employee": 1,
    "price": "0.00",
    "num_type_prop": 0,
    "work": 38,
    "date_conclusion": null,
    "category": 2,
    "modified": "2015-07-31T19:41:21.600Z",
    "status": "c",
    "type_prop": "R",
    "created": "2015-07-31T19:41:21.600Z",
    "seller": 2,
    "description": "Y0_N6jc6EZ0zJnE0nx"
  }
},
{
  "pk": 65,
  "model": "core.proposal",
  "fields": {
    "person": 49,
    "num_prop": 65,
    "obs": null,
    "employee": 5,
    "price": "4077061.31",
    "num_type_prop": 0,
    "work": 27,
    "date_conclusion": "2015-03-22T03:00:00Z",
    "category": 1,
    "modified": "2015-07-31T19:41:21.762Z",
    "status": "a",
    "type_prop": "R",
    "created": "2015-07-31T19:41:21.762Z",
    "seller": 2,
    "description": "7Glzv7lK7I6"
  }
},
{
  "pk": 66,
  "model": "core.proposal",
  "fields": {
    "person": 41,
    "num_prop": 66,
    "obs": null,
    "employee": 3,
    "price": "7203148.68",
    "num_type_prop": 0,
    "work": 35,
    "date_conclusion": "2015-04-02T03:00:00Z",
    "category": 2,
    "modified": "2015-07-31T19:41:21.943Z",
    "status": "co",
    "type_prop": "R",
    "created": "2015-07-31T19:41:21.943Z",
    "seller": 3,
    "description": "GtGh2tyhyyG2yhstGGt"
  }
},
{
  "pk": 67,
  "model": "core.proposal",
  "fields": {
    "person": 44,
    "num_prop": 67,
    "obs": null,
    "employee": 2,
    "price": "0.00",
    "num_type_prop": 0,
    "work": 20,
    "date_conclusion": null,
    "category": 2,
    "modified": "2015-07-31T19:41:22.167Z",
    "status": "c",
    "type_prop": "R",
    "created": "2015-07-31T19:41:22.167Z",
    "seller": 3,
    "description": "bcZ3AYAYYV"
  }
},
{
  "pk": 68,
  "model": "core.proposal",
  "fields": {
    "person": 28,
    "num_prop": 68,
    "obs": null,
    "employee": 9,
    "price": "0.00",
    "num_type_prop": 0,
    "work": 34,
    "date_conclusion": null,
    "category": 5,
    "modified": "2015-07-31T19:41:22.314Z",
    "status": "c",
    "type_prop": "R",
    "created": "2015-07-31T19:41:22.314Z",
    "seller": 2,
    "description": "HCWDJcmmOrjGOT87A"
  }
},
{
  "pk": 69,
  "model": "core.proposal",
  "fields": {
    "person": 9,
    "num_prop": 69,
    "obs": null,
    "employee": 5,
    "price": "0.00",
    "num_type_prop": 0,
    "work": 1,
    "date_conclusion": null,
    "category": 8,
    "modified": "2015-07-31T19:41:22.510Z",
    "status": "p",
    "type_prop": "R",
    "created": "2015-07-31T19:41:22.510Z",
    "seller": 1,
    "description": "dNCuNBee_P"
  }
},
{
  "pk": 70,
  "model": "core.proposal",
  "fields": {
    "person": 40,
    "num_prop": 70,
    "obs": null,
    "employee": 4,
    "price": "0.00",
    "num_type_prop": 0,
    "work": 9,
    "date_conclusion": null,
    "category": 6,
    "modified": "2015-07-31T19:41:22.665Z",
    "status": "p",
    "type_prop": "R",
    "created": "2015-07-31T19:41:22.665Z",
    "seller": 2,
    "description": "gV_kDklQknIQ3gYf43b"
  }
},
{
  "pk": 71,
  "model": "core.proposal",
  "fields": {
    "person": 19,
    "num_prop": 71,
    "obs": null,
    "employee": 3,
    "price": "0.00",
    "num_type_prop": 0,
    "work": 23,
    "date_conclusion": null,
    "category": 1,
    "modified": "2015-07-31T19:41:22.834Z",
    "status": "p",
    "type_prop": "R",
    "created": "2015-07-31T19:41:22.834Z",
    "seller": 2,
    "description": "hW_WLADSUi"
  }
},
{
  "pk": 72,
  "model": "core.proposal",
  "fields": {
    "person": 27,
    "num_prop": 72,
    "obs": null,
    "employee": 6,
    "price": "0.00",
    "num_type_prop": 0,
    "work": 5,
    "date_conclusion": null,
    "category": 5,
    "modified": "2015-07-31T19:41:23.046Z",
    "status": "c",
    "type_prop": "R",
    "created": "2015-07-31T19:41:23.046Z",
    "seller": 3,
    "description": "AJoyNAyaM4P4C"
  }
},
{
  "pk": 73,
  "model": "core.proposal",
  "fields": {
    "person": 24,
    "num_prop": 73,
    "obs": null,
    "employee": 9,
    "price": "0.00",
    "num_type_prop": 0,
    "work": 38,
    "date_conclusion": null,
    "category": 4,
    "modified": "2015-07-31T19:41:23.205Z",
    "status": "elab",
    "type_prop": "R",
    "created": "2015-07-31T19:41:23.205Z",
    "seller": 2,
    "description": "QDa93DnavHT6"
  }
},
{
  "pk": 74,
  "model": "core.proposal",
  "fields": {
    "person": 30,
    "num_prop": 74,
    "obs": null,
    "employee": 4,
    "price": "0.00",
    "num_type_prop": 0,
    "work": 31,
    "date_conclusion": null,
    "category": 8,
    "modified": "2015-07-31T19:41:23.397Z",
    "status": "p",
    "type_prop": "R",
    "created": "2015-07-31T19:41:23.397Z",
    "seller": 3,
    "description": "bw37ua7STTzWTtg5n"
  }
},
{
  "pk": 75,
  "model": "core.proposal",
  "fields": {
    "person": 42,
    "num_prop": 75,
    "obs": null,
    "employee": 1,
    "price": "0.00",
    "num_type_prop": 0,
    "work": 2,
    "date_conclusion": null,
    "category": 8,
    "modified": "2015-07-31T19:41:23.712Z",
    "status": "c",
    "type_prop": "R",
    "created": "2015-07-31T19:41:23.712Z",
    "seller": 3,
    "description": "wLtgDSTL72w2Tgrt"
  }
},
{
  "pk": 76,
  "model": "core.proposal",
  "fields": {
    "person": 14,
    "num_prop": 76,
    "obs": null,
    "employee": 8,
    "price": "4327344.91",
    "num_type_prop": 0,
    "work": 27,
    "date_conclusion": "2015-11-16T02:00:00Z",
    "category": 4,
    "modified": "2015-07-31T19:41:23.898Z",
    "status": "co",
    "type_prop": "R",
    "created": "2015-07-31T19:41:23.898Z",
    "seller": 1,
    "description": "XeGeLhGce4nXoXNdd7"
  }
},
{
  "pk": 77,
  "model": "core.proposal",
  "fields": {
    "person": 40,
    "num_prop": 77,
    "obs": null,
    "employee": 8,
    "price": "0.00",
    "num_type_prop": 0,
    "work": 17,
    "date_conclusion": null,
    "category": 4,
    "modified": "2015-07-31T19:41:24.110Z",
    "status": "p",
    "type_prop": "R",
    "created": "2015-07-31T19:41:24.110Z",
    "seller": 2,
    "description": "ExjB5jY58EG1"
  }
},
{
  "pk": 78,
  "model": "core.proposal",
  "fields": {
    "person": 22,
    "num_prop": 78,
    "obs": null,
    "employee": 1,
    "price": "0.00",
    "num_type_prop": 0,
    "work": 32,
    "date_conclusion": null,
    "category": 5,
    "modified": "2015-07-31T19:41:24.255Z",
    "status": "p",
    "type_prop": "R",
    "created": "2015-07-31T19:41:24.255Z",
    "seller": 1,
    "description": "43MM5z3p04HCaIMz6Y5"
  }
},
{
  "pk": 79,
  "model": "core.proposal",
  "fields": {
    "person": 3,
    "num_prop": 79,
    "obs": null,
    "employee": 8,
    "price": "0.00",
    "num_type_prop": 0,
    "work": 35,
    "date_conclusion": null,
    "category": 4,
    "modified": "2015-07-31T19:41:24.390Z",
    "status": "p",
    "type_prop": "R",
    "created": "2015-07-31T19:41:24.389Z",
    "seller": 2,
    "description": "y8CJbJhYbmd_"
  }
},
{
  "pk": 80,
  "model": "core.proposal",
  "fields": {
    "person": 7,
    "num_prop": 80,
    "obs": null,
    "employee": 1,
    "price": "9856373.03",
    "num_type_prop": 0,
    "work": 2,
    "date_conclusion": "2015-04-23T03:00:00Z",
    "category": 4,
    "modified": "2015-07-31T19:41:24.544Z",
    "status": "a",
    "type_prop": "R",
    "created": "2015-07-31T19:41:24.544Z",
    "seller": 3,
    "description": "NPFEUgueU3VP"
  }
},
{
  "pk": 81,
  "model": "core.proposal",
  "fields": {
    "person": 46,
    "num_prop": 81,
    "obs": null,
    "employee": 1,
    "price": "7046142.14",
    "num_type_prop": 0,
    "work": 14,
    "date_conclusion": "2015-01-10T02:00:00Z",
    "category": 4,
    "modified": "2015-07-31T19:41:24.702Z",
    "status": "a",
    "type_prop": "R",
    "created": "2015-07-31T19:41:24.702Z",
    "seller": 3,
    "description": "jBdjMAf3UIPjE"
  }
},
{
  "pk": 82,
  "model": "core.proposal",
  "fields": {
    "person": 46,
    "num_prop": 82,
    "obs": null,
    "employee": 7,
    "price": "1667294.58",
    "num_type_prop": 0,
    "work": 38,
    "date_conclusion": "2015-02-14T02:00:00Z",
    "category": 4,
    "modified": "2015-07-31T19:41:24.910Z",
    "status": "a",
    "type_prop": "R",
    "created": "2015-07-31T19:41:24.910Z",
    "seller": 1,
    "description": "Z1h2GnVhVV111VPV71"
  }
},
{
  "pk": 83,
  "model": "core.proposal",
  "fields": {
    "person": 33,
    "num_prop": 83,
    "obs": null,
    "employee": 9,
    "price": "0.00",
    "num_type_prop": 0,
    "work": 31,
    "date_conclusion": null,
    "category": 3,
    "modified": "2015-07-31T19:41:25.066Z",
    "status": "p",
    "type_prop": "R",
    "created": "2015-07-31T19:41:25.066Z",
    "seller": 2,
    "description": "yr8DiwOP0wDWEDih1i"
  }
},
{
  "pk": 84,
  "model": "core.proposal",
  "fields": {
    "person": 23,
    "num_prop": 84,
    "obs": null,
    "employee": 8,
    "price": "703425.29",
    "num_type_prop": 0,
    "work": 5,
    "date_conclusion": "2015-06-27T03:00:00Z",
    "category": 8,
    "modified": "2015-07-31T19:41:25.217Z",
    "status": "a",
    "type_prop": "R",
    "created": "2015-07-31T19:41:25.217Z",
    "seller": 3,
    "description": "iTMidemp_pP"
  }
},
{
  "pk": 85,
  "model": "core.proposal",
  "fields": {
    "person": 18,
    "num_prop": 85,
    "obs": null,
    "employee": 4,
    "price": "0.00",
    "num_type_prop": 0,
    "work": 21,
    "date_conclusion": null,
    "category": 2,
    "modified": "2015-07-31T19:41:25.386Z",
    "status": "elab",
    "type_prop": "R",
    "created": "2015-07-31T19:41:25.386Z",
    "seller": 1,
    "description": "21x1yyyKk9ym9x"
  }
},
{
  "pk": 86,
  "model": "core.proposal",
  "fields": {
    "person": 46,
    "num_prop": 86,
    "obs": null,
    "employee": 9,
    "price": "0.00",
    "num_type_prop": 0,
    "work": 39,
    "date_conclusion": null,
    "category": 3,
    "modified": "2015-07-31T19:41:25.566Z",
    "status": "elab",
    "type_prop": "R",
    "created": "2015-07-31T19:41:25.566Z",
    "seller": 1,
    "description": "iziK7q14RTZT1Wo"
  }
},
{
  "pk": 87,
  "model": "core.proposal",
  "fields": {
    "person": 48,
    "num_prop": 87,
    "obs": null,
    "employee": 3,
    "price": "7156482.87",
    "num_type_prop": 0,
    "work": 7,
    "date_conclusion": "2015-03-02T03:00:00Z",
    "category": 7,
    "modified": "2015-07-31T19:41:25.712Z",
    "status": "co",
    "type_prop": "R",
    "created": "2015-07-31T19:41:25.712Z",
    "seller": 2,
    "description": "QPx5Vm1189CV"
  }
},
{
  "pk": 88,
  "model": "core.proposal",
  "fields": {
    "person": 44,
    "num_prop": 88,
    "obs": null,
    "employee": 2,
    "price": "0.00",
    "num_type_prop": 0,
    "work": 2,
    "date_conclusion": null,
    "category": 2,
    "modified": "2015-07-31T19:41:25.901Z",
    "status": "elab",
    "type_prop": "R",
    "created": "2015-07-31T19:41:25.901Z",
    "seller": 1,
    "description": "AI1VgYXzqKPIpIc4"
  }
},
{
  "pk": 89,
  "model": "core.proposal",
  "fields": {
    "person": 6,
    "num_prop": 89,
    "obs": null,
    "employee": 9,
    "price": "6704406.93",
    "num_type_prop": 0,
    "work": 16,
    "date_conclusion": "2015-08-03T03:00:00Z",
    "category": 7,
    "modified": "2015-07-31T19:41:26.058Z",
    "status": "a",
    "type_prop": "R",
    "created": "2015-07-31T19:41:26.058Z",
    "seller": 1,
    "description": "6Ag65m6fxvOrdnVh8Za5"
  }
},
{
  "pk": 90,
  "model": "core.proposal",
  "fields": {
    "person": 9,
    "num_prop": 90,
    "obs": null,
    "employee": 5,
    "price": "5863910.89",
    "num_type_prop": 0,
    "work": 17,
    "date_conclusion": "2015-02-24T03:00:00Z",
    "category": 2,
    "modified": "2015-07-31T19:41:26.303Z",
    "status": "a",
    "type_prop": "R",
    "created": "2015-07-31T19:41:26.303Z",
    "seller": 3,
    "description": "7DqPxLRxeDue7eLc"
  }
},
{
  "pk": 91,
  "model": "core.proposal",
  "fields": {
    "person": 42,
    "num_prop": 91,
    "obs": null,
    "employee": 8,
    "price": "2638144.68",
    "num_type_prop": 0,
    "work": 28,
    "date_conclusion": "2015-03-13T03:00:00Z",
    "category": 8,
    "modified": "2015-07-31T19:41:26.451Z",
    "status": "a",
    "type_prop": "R",
    "created": "2015-07-31T19:41:26.451Z",
    "seller": 3,
    "description": "5mCbCmubuCbmB"
  }
},
{
  "pk": 92,
  "model": "core.proposal",
  "fields": {
    "person": 28,
    "num_prop": 92,
    "obs": null,
    "employee": 8,
    "price": "2649887.10",
    "num_type_prop": 0,
    "work": 39,
    "date_conclusion": "2015-11-14T02:00:00Z",
    "category": 1,
    "modified": "2015-07-31T19:41:26.609Z",
    "status": "co",
    "type_prop": "R",
    "created": "2015-07-31T19:41:26.609Z",
    "seller": 2,
    "description": "2LGsasCLbnGlnLVU"
  }
},
{
  "pk": 93,
  "model": "core.proposal",
  "fields": {
    "person": 14,
    "num_prop": 93,
    "obs": null,
    "employee": 4,
    "price": "9664935.72",
    "num_type_prop": 0,
    "work": 37,
    "date_conclusion": "2015-05-12T03:00:00Z",
    "category": 1,
    "modified": "2015-07-31T19:41:26.736Z",
    "status": "a",
    "type_prop": "R",
    "created": "2015-07-31T19:41:26.736Z",
    "seller": 3,
    "description": "RLD1LTagVgSaSgTODDSa"
  }
},
{
  "pk": 94,
  "model": "core.proposal",
  "fields": {
    "person": 42,
    "num_prop": 94,
    "obs": null,
    "employee": 2,
    "price": "0.00",
    "num_type_prop": 0,
    "work": 11,
    "date_conclusion": null,
    "category": 1,
    "modified": "2015-07-31T19:41:26.863Z",
    "status": "elab",
    "type_prop": "R",
    "created": "2015-07-31T19:41:26.863Z",
    "seller": 1,
    "description": "xxxxxxxxxxxxxxx"
  }
},
{
  "pk": 95,
  "model": "core.proposal",
  "fields": {
    "person": 21,
    "num_prop": 95,
    "obs": null,
    "employee": 4,
    "price": "6688673.01",
    "num_type_prop": 0,
    "work": 39,
    "date_conclusion": "2015-09-14T03:00:00Z",
    "category": 2,
    "modified": "2015-07-31T19:41:27.043Z",
    "status": "a",
    "type_prop": "R",
    "created": "2015-07-31T19:41:27.042Z",
    "seller": 1,
    "description": "Sj_pg46fXi3s3Vz6KV"
  }
},
{
  "pk": 96,
  "model": "core.proposal",
  "fields": {
    "person": 3,
    "num_prop": 96,
    "obs": null,
    "employee": 1,
    "price": "0.00",
    "num_type_prop": 0,
    "work": 37,
    "date_conclusion": null,
    "category": 6,
    "modified": "2015-07-31T19:41:27.175Z",
    "status": "elab",
    "type_prop": "R",
    "created": "2015-07-31T19:41:27.175Z",
    "seller": 2,
    "description": "a2LLzQQmROPP_Ll9Ql2"
  }
},
{
  "pk": 97,
  "model": "core.proposal",
  "fields": {
    "person": 24,
    "num_prop": 97,
    "obs": null,
    "employee": 9,
    "price": "4509833.48",
    "num_type_prop": 0,
    "work": 16,
    "date_conclusion": "2015-11-28T02:00:00Z",
    "category": 3,
    "modified": "2015-07-31T19:41:27.312Z",
    "status": "a",
    "type_prop": "R",
    "created": "2015-07-31T19:41:27.312Z",
    "seller": 3,
    "description": "NfVE6VEf3Ez"
  }
},
{
  "pk": 98,
  "model": "core.proposal",
  "fields": {
    "person": 26,
    "num_prop": 98,
    "obs": null,
    "employee": 8,
    "price": "0.00",
    "num_type_prop": 0,
    "work": 16,
    "date_conclusion": null,
    "category": 5,
    "modified": "2015-07-31T19:41:27.465Z",
    "status": "elab",
    "type_prop": "R",
    "created": "2015-07-31T19:41:27.465Z",
    "seller": 1,
    "description": "EVWtyWtWtPi4G4t4b"
  }
},
{
  "pk": 99,
  "model": "core.proposal",
  "fields": {
    "person": 47,
    "num_prop": 99,
    "obs": null,
    "employee": 7,
    "price": "0.00",
    "num_type_prop": 0,
    "work": 34,
    "date_conclusion": null,
    "category": 7,
    "modified": "2015-07-31T19:41:27.700Z",
    "status": "p",
    "type_prop": "R",
    "created": "2015-07-31T19:41:27.700Z",
    "seller": 1,
    "description": "nWTJTQJJM7"
  }
},
{
  "pk": 100,
  "model": "core.proposal",
  "fields": {
    "person": 28,
    "num_prop": 100,
    "obs": null,
    "employee": 5,
    "price": "0.00",
    "num_type_prop": 0,
    "work": 8,
    "date_conclusion": null,
    "category": 8,
    "modified": "2015-07-31T19:41:28.098Z",
    "status": "elab",
    "type_prop": "R",
    "created": "2015-07-31T19:41:28.098Z",
    "seller": 1,
    "description": "0IPTXkX_XC"
  }
},
{
  "pk": 1,
  "model": "core.contract",
  "fields": {
    "contractor": 22,
    "created": "2015-07-31T19:41:28.972Z",
    "is_canceled": false,
    "proposal": 4,
    "modified": "2015-07-31T19:41:28.972Z"
  }
},
{
  "pk": 2,
  "model": "core.contract",
  "fields": {
    "contractor": 25,
    "created": "2015-07-31T19:41:29.139Z",
    "is_canceled": false,
    "proposal": 8,
    "modified": "2015-07-31T19:41:29.139Z"
  }
},
{
  "pk": 3,
  "model": "core.contract",
  "fields": {
    "contractor": 14,
    "created": "2015-07-31T19:41:29.304Z",
    "is_canceled": true,
    "proposal": 14,
    "modified": "2015-07-31T19:41:29.304Z"
  }
},
{
  "pk": 4,
  "model": "core.contract",
  "fields": {
    "contractor": 14,
    "created": "2015-07-31T19:41:29.427Z",
    "is_canceled": true,
    "proposal": 18,
    "modified": "2015-07-31T19:41:29.427Z"
  }
},
{
  "pk": 5,
  "model": "core.contract",
  "fields": {
    "contractor": 22,
    "created": "2015-07-31T19:41:29.642Z",
    "is_canceled": true,
    "proposal": 23,
    "modified": "2015-07-31T19:41:29.642Z"
  }
},
{
  "pk": 6,
  "model": "core.contract",
  "fields": {
    "contractor": 8,
    "created": "2015-07-31T19:41:29.776Z",
    "is_canceled": false,
    "proposal": 28,
    "modified": "2015-07-31T19:41:29.776Z"
  }
},
{
  "pk": 7,
  "model": "core.contract",
  "fields": {
    "contractor": 6,
    "created": "2015-07-31T19:41:29.911Z",
    "is_canceled": true,
    "proposal": 29,
    "modified": "2015-07-31T19:41:29.911Z"
  }
},
{
  "pk": 8,
  "model": "core.contract",
  "fields": {
    "contractor": 11,
    "created": "2015-07-31T19:41:30.082Z",
    "is_canceled": false,
    "proposal": 32,
    "modified": "2015-07-31T19:41:30.082Z"
  }
},
{
  "pk": 9,
  "model": "core.contract",
  "fields": {
    "contractor": 25,
    "created": "2015-07-31T19:41:30.259Z",
    "is_canceled": true,
    "proposal": 37,
    "modified": "2015-07-31T19:41:30.259Z"
  }
},
{
  "pk": 10,
  "model": "core.contract",
  "fields": {
    "contractor": 7,
    "created": "2015-07-31T19:41:30.425Z",
    "is_canceled": false,
    "proposal": 38,
    "modified": "2015-07-31T19:41:30.425Z"
  }
},
{
  "pk": 11,
  "model": "core.contract",
  "fields": {
    "contractor": 9,
    "created": "2015-07-31T19:41:30.544Z",
    "is_canceled": false,
    "proposal": 39,
    "modified": "2015-07-31T19:41:30.544Z"
  }
},
{
  "pk": 12,
  "model": "core.contract",
  "fields": {
    "contractor": 15,
    "created": "2015-07-31T19:41:30.683Z",
    "is_canceled": false,
    "proposal": 41,
    "modified": "2015-07-31T19:41:30.683Z"
  }
},
{
  "pk": 13,
  "model": "core.contract",
  "fields": {
    "contractor": 1,
    "created": "2015-07-31T19:41:30.847Z",
    "is_canceled": true,
    "proposal": 48,
    "modified": "2015-07-31T19:41:30.847Z"
  }
},
{
  "pk": 14,
  "model": "core.contract",
  "fields": {
    "contractor": 15,
    "created": "2015-07-31T19:41:31.121Z",
    "is_canceled": true,
    "proposal": 49,
    "modified": "2015-07-31T19:41:31.121Z"
  }
},
{
  "pk": 15,
  "model": "core.contract",
  "fields": {
    "contractor": 1,
    "created": "2015-07-31T19:41:31.442Z",
    "is_canceled": true,
    "proposal": 50,
    "modified": "2015-07-31T19:41:31.442Z"
  }
},
{
  "pk": 16,
  "model": "core.contract",
  "fields": {
    "contractor": 5,
    "created": "2015-07-31T19:41:31.748Z",
    "is_canceled": false,
    "proposal": 53,
    "modified": "2015-07-31T19:41:31.748Z"
  }
},
{
  "pk": 17,
  "model": "core.contract",
  "fields": {
    "contractor": 6,
    "created": "2015-07-31T19:41:31.942Z",
    "is_canceled": true,
    "proposal": 58,
    "modified": "2015-07-31T19:41:31.942Z"
  }
},
{
  "pk": 18,
  "model": "core.contract",
  "fields": {
    "contractor": 15,
    "created": "2015-07-31T19:41:32.145Z",
    "is_canceled": true,
    "proposal": 59,
    "modified": "2015-07-31T19:41:32.145Z"
  }
},
{
  "pk": 19,
  "model": "core.contract",
  "fields": {
    "contractor": 11,
    "created": "2015-07-31T19:41:32.323Z",
    "is_canceled": true,
    "proposal": 65,
    "modified": "2015-07-31T19:41:32.323Z"
  }
},
{
  "pk": 20,
  "model": "core.contract",
  "fields": {
    "contractor": 3,
    "created": "2015-07-31T19:41:32.489Z",
    "is_canceled": false,
    "proposal": 80,
    "modified": "2015-07-31T19:41:32.489Z"
  }
},
{
  "pk": 21,
  "model": "core.contract",
  "fields": {
    "contractor": 6,
    "created": "2015-07-31T19:41:32.682Z",
    "is_canceled": true,
    "proposal": 81,
    "modified": "2015-07-31T19:41:32.682Z"
  }
},
{
  "pk": 22,
  "model": "core.contract",
  "fields": {
    "contractor": 14,
    "created": "2015-07-31T19:41:32.910Z",
    "is_canceled": false,
    "proposal": 82,
    "modified": "2015-07-31T19:41:32.910Z"
  }
},
{
  "pk": 23,
  "model": "core.contract",
  "fields": {
    "contractor": 11,
    "created": "2015-07-31T19:41:33.078Z",
    "is_canceled": true,
    "proposal": 84,
    "modified": "2015-07-31T19:41:33.078Z"
  }
},
{
  "pk": 24,
  "model": "core.contract",
  "fields": {
    "contractor": 17,
    "created": "2015-07-31T19:41:33.222Z",
    "is_canceled": true,
    "proposal": 89,
    "modified": "2015-07-31T19:41:33.222Z"
  }
},
{
  "pk": 25,
  "model": "core.contract",
  "fields": {
    "contractor": 15,
    "created": "2015-07-31T19:41:33.374Z",
    "is_canceled": true,
    "proposal": 90,
    "modified": "2015-07-31T19:41:33.374Z"
  }
},
{
  "pk": 26,
  "model": "core.contract",
  "fields": {
    "contractor": 8,
    "created": "2015-07-31T19:41:33.614Z",
    "is_canceled": false,
    "proposal": 91,
    "modified": "2015-07-31T19:41:33.614Z"
  }
},
{
  "pk": 27,
  "model": "core.contract",
  "fields": {
    "contractor": 20,
    "created": "2015-07-31T19:41:33.744Z",
    "is_canceled": false,
    "proposal": 93,
    "modified": "2015-07-31T19:41:33.744Z"
  }
},
{
  "pk": 28,
  "model": "core.contract",
  "fields": {
    "contractor": 8,
    "created": "2015-07-31T19:41:33.890Z",
    "is_canceled": false,
    "proposal": 95,
    "modified": "2015-07-31T19:41:33.890Z"
  }
},
{
  "pk": 29,
  "model": "core.contract",
  "fields": {
    "contractor": 17,
    "created": "2015-07-31T19:41:34.134Z",
    "is_canceled": false,
    "proposal": 97,
    "modified": "2015-07-31T19:41:34.134Z"
  }
},
{
  "pk": 1,
  "model": "core.numlastproposal",
  "fields": {
    "num_last_prop": 100
  }
},
{
  "pk": 1,
  "model": "auth.permission",
  "fields": {
    "codename": "add_logentry",
    "content_type": 1,
    "name": "Can add log entry"
  }
},
{
  "pk": 2,
  "model": "auth.permission",
  "fields": {
    "codename": "change_logentry",
    "content_type": 1,
    "name": "Can change log entry"
  }
},
{
  "pk": 3,
  "model": "auth.permission",
  "fields": {
    "codename": "delete_logentry",
    "content_type": 1,
    "name": "Can delete log entry"
  }
},
{
  "pk": 4,
  "model": "auth.permission",
  "fields": {
    "codename": "add_permission",
    "content_type": 2,
    "name": "Can add permission"
  }
},
{
  "pk": 5,
  "model": "auth.permission",
  "fields": {
    "codename": "change_permission",
    "content_type": 2,
    "name": "Can change permission"
  }
},
{
  "pk": 6,
  "model": "auth.permission",
  "fields": {
    "codename": "delete_permission",
    "content_type": 2,
    "name": "Can delete permission"
  }
},
{
  "pk": 7,
  "model": "auth.permission",
  "fields": {
    "codename": "add_group",
    "content_type": 3,
    "name": "Can add group"
  }
},
{
  "pk": 8,
  "model": "auth.permission",
  "fields": {
    "codename": "change_group",
    "content_type": 3,
    "name": "Can change group"
  }
},
{
  "pk": 9,
  "model": "auth.permission",
  "fields": {
    "codename": "delete_group",
    "content_type": 3,
    "name": "Can delete group"
  }
},
{
  "pk": 10,
  "model": "auth.permission",
  "fields": {
    "codename": "add_user",
    "content_type": 4,
    "name": "Can add user"
  }
},
{
  "pk": 11,
  "model": "auth.permission",
  "fields": {
    "codename": "change_user",
    "content_type": 4,
    "name": "Can change user"
  }
},
{
  "pk": 12,
  "model": "auth.permission",
  "fields": {
    "codename": "delete_user",
    "content_type": 4,
    "name": "Can delete user"
  }
},
{
  "pk": 13,
  "model": "auth.permission",
  "fields": {
    "codename": "add_contenttype",
    "content_type": 5,
    "name": "Can add content type"
  }
},
{
  "pk": 14,
  "model": "auth.permission",
  "fields": {
    "codename": "change_contenttype",
    "content_type": 5,
    "name": "Can change content type"
  }
},
{
  "pk": 15,
  "model": "auth.permission",
  "fields": {
    "codename": "delete_contenttype",
    "content_type": 5,
    "name": "Can delete content type"
  }
},
{
  "pk": 16,
  "model": "auth.permission",
  "fields": {
    "codename": "add_session",
    "content_type": 6,
    "name": "Can add session"
  }
},
{
  "pk": 17,
  "model": "auth.permission",
  "fields": {
    "codename": "change_session",
    "content_type": 6,
    "name": "Can change session"
  }
},
{
  "pk": 18,
  "model": "auth.permission",
  "fields": {
    "codename": "delete_session",
    "content_type": 6,
    "name": "Can delete session"
  }
},
{
  "pk": 19,
  "model": "auth.permission",
  "fields": {
    "codename": "add_person",
    "content_type": 7,
    "name": "Can add contato"
  }
},
{
  "pk": 20,
  "model": "auth.permission",
  "fields": {
    "codename": "change_person",
    "content_type": 7,
    "name": "Can change contato"
  }
},
{
  "pk": 21,
  "model": "auth.permission",
  "fields": {
    "codename": "delete_person",
    "content_type": 7,
    "name": "Can delete contato"
  }
},
{
  "pk": 22,
  "model": "auth.permission",
  "fields": {
    "codename": "add_customer",
    "content_type": 8,
    "name": "Can add cliente"
  }
},
{
  "pk": 23,
  "model": "auth.permission",
  "fields": {
    "codename": "change_customer",
    "content_type": 8,
    "name": "Can change cliente"
  }
},
{
  "pk": 24,
  "model": "auth.permission",
  "fields": {
    "codename": "delete_customer",
    "content_type": 8,
    "name": "Can delete cliente"
  }
},
{
  "pk": 25,
  "model": "auth.permission",
  "fields": {
    "codename": "add_employee",
    "content_type": 9,
    "name": "Can add funcion\u00e1rio"
  }
},
{
  "pk": 26,
  "model": "auth.permission",
  "fields": {
    "codename": "change_employee",
    "content_type": 9,
    "name": "Can change funcion\u00e1rio"
  }
},
{
  "pk": 27,
  "model": "auth.permission",
  "fields": {
    "codename": "delete_employee",
    "content_type": 9,
    "name": "Can delete funcion\u00e1rio"
  }
},
{
  "pk": 28,
  "model": "auth.permission",
  "fields": {
    "codename": "add_occupation",
    "content_type": 10,
    "name": "Can add cargo"
  }
},
{
  "pk": 29,
  "model": "auth.permission",
  "fields": {
    "codename": "change_occupation",
    "content_type": 10,
    "name": "Can change cargo"
  }
},
{
  "pk": 30,
  "model": "auth.permission",
  "fields": {
    "codename": "delete_occupation",
    "content_type": 10,
    "name": "Can delete cargo"
  }
},
{
  "pk": 31,
  "model": "auth.permission",
  "fields": {
    "codename": "add_seller",
    "content_type": 11,
    "name": "Can add vendedor"
  }
},
{
  "pk": 32,
  "model": "auth.permission",
  "fields": {
    "codename": "change_seller",
    "content_type": 11,
    "name": "Can change vendedor"
  }
},
{
  "pk": 33,
  "model": "auth.permission",
  "fields": {
    "codename": "delete_seller",
    "content_type": 11,
    "name": "Can delete vendedor"
  }
},
{
  "pk": 34,
  "model": "auth.permission",
  "fields": {
    "codename": "add_entry",
    "content_type": 12,
    "name": "Can add entrada"
  }
},
{
  "pk": 35,
  "model": "auth.permission",
  "fields": {
    "codename": "change_entry",
    "content_type": 12,
    "name": "Can change entrada"
  }
},
{
  "pk": 36,
  "model": "auth.permission",
  "fields": {
    "codename": "delete_entry",
    "content_type": 12,
    "name": "Can delete entrada"
  }
},
{
  "pk": 37,
  "model": "auth.permission",
  "fields": {
    "codename": "add_category",
    "content_type": 13,
    "name": "Can add categoria"
  }
},
{
  "pk": 38,
  "model": "auth.permission",
  "fields": {
    "codename": "change_category",
    "content_type": 13,
    "name": "Can change categoria"
  }
},
{
  "pk": 39,
  "model": "auth.permission",
  "fields": {
    "codename": "delete_category",
    "content_type": 13,
    "name": "Can delete categoria"
  }
},
{
  "pk": 40,
  "model": "auth.permission",
  "fields": {
    "codename": "add_work",
    "content_type": 14,
    "name": "Can add obra"
  }
},
{
  "pk": 41,
  "model": "auth.permission",
  "fields": {
    "codename": "change_work",
    "content_type": 14,
    "name": "Can change obra"
  }
},
{
  "pk": 42,
  "model": "auth.permission",
  "fields": {
    "codename": "delete_work",
    "content_type": 14,
    "name": "Can delete obra"
  }
},
{
  "pk": 43,
  "model": "auth.permission",
  "fields": {
    "codename": "add_proposal",
    "content_type": 15,
    "name": "Can add or\u00e7amento"
  }
},
{
  "pk": 44,
  "model": "auth.permission",
  "fields": {
    "codename": "change_proposal",
    "content_type": 15,
    "name": "Can change or\u00e7amento"
  }
},
{
  "pk": 45,
  "model": "auth.permission",
  "fields": {
    "codename": "delete_proposal",
    "content_type": 15,
    "name": "Can delete or\u00e7amento"
  }
},
{
  "pk": 46,
  "model": "auth.permission",
  "fields": {
    "codename": "add_contract",
    "content_type": 16,
    "name": "Can add contrato"
  }
},
{
  "pk": 47,
  "model": "auth.permission",
  "fields": {
    "codename": "change_contract",
    "content_type": 16,
    "name": "Can change contrato"
  }
},
{
  "pk": 48,
  "model": "auth.permission",
  "fields": {
    "codename": "delete_contract",
    "content_type": 16,
    "name": "Can delete contrato"
  }
},
{
  "pk": 49,
  "model": "auth.permission",
  "fields": {
    "codename": "add_numlastproposal",
    "content_type": 17,
    "name": "Can add n\u00famero \u00faltimo or\u00e7amento"
  }
},
{
  "pk": 50,
  "model": "auth.permission",
  "fields": {
    "codename": "change_numlastproposal",
    "content_type": 17,
    "name": "Can change n\u00famero \u00faltimo or\u00e7amento"
  }
},
{
  "pk": 51,
  "model": "auth.permission",
  "fields": {
    "codename": "delete_numlastproposal",
    "content_type": 17,
    "name": "Can delete n\u00famero \u00faltimo or\u00e7amento"
  }
},
{
  "pk": 1,
  "model": "auth.user",
  "fields": {
    "email": "",
    "last_login": null,
    "is_staff": true,
    "groups": [],
    "date_joined": "2015-07-31T19:40:33.312Z",
    "first_name": "",
    "password": "pbkdf2_sha256$20000$2lPOxaueOGo0$E6FyXzf+AF4fp/SaAUTAPIg+aL7U+vlmiDzeh6BNH1g=",
    "is_superuser": true,
    "user_permissions": [],
    "last_name": "",
    "is_active": true,
    "username": "admin"
  }
},
{
  "pk": 2,
  "model": "auth.user",
  "fields": {
    "email": "amanda@example.com",
    "last_login": null,
    "is_staff": true,
    "groups": [],
    "date_joined": "2015-07-31T19:40:34.954Z",
    "first_name": "Amanda",
    "password": "pbkdf2_sha256$12000$Pe4addAsDo1D$xEtHWLnSIVkEppr4pbK69SBhuLwWsSHdXyhkCZBNktA=",
    "is_superuser": false,
    "user_permissions": [],
    "last_name": "Santos",
    "is_active": true,
    "username": "amanda"
  }
},
{
  "pk": 3,
  "model": "auth.user",
  "fields": {
    "email": "caio@example.com",
    "last_login": null,
    "is_staff": true,
    "groups": [],
    "date_joined": "2015-07-31T19:40:35.110Z",
    "first_name": "Caio",
    "password": "pbkdf2_sha256$12000$Pe4addAsDo1D$xEtHWLnSIVkEppr4pbK69SBhuLwWsSHdXyhkCZBNktA=",
    "is_superuser": false,
    "user_permissions": [],
    "last_name": "Gomes Oliveira",
    "is_active": true,
    "username": "caio"
  }
},
{
  "pk": 4,
  "model": "auth.user",
  "fields": {
    "email": "rebeca@example.com",
    "last_login": null,
    "is_staff": true,
    "groups": [],
    "date_joined": "2015-07-31T19:40:35.219Z",
    "first_name": "Rebeca",
    "password": "pbkdf2_sha256$12000$Pe4addAsDo1D$xEtHWLnSIVkEppr4pbK69SBhuLwWsSHdXyhkCZBNktA=",
    "is_superuser": false,
    "user_permissions": [],
    "last_name": "Araujo Costa",
    "is_active": true,
    "username": "rebeca"
  }
},
{
  "pk": 5,
  "model": "auth.user",
  "fields": {
    "email": "douglas@example.com",
    "last_login": null,
    "is_staff": true,
    "groups": [],
    "date_joined": "2015-07-31T19:40:35.354Z",
    "first_name": "Douglas",
    "password": "pbkdf2_sha256$12000$Pe4addAsDo1D$xEtHWLnSIVkEppr4pbK69SBhuLwWsSHdXyhkCZBNktA=",
    "is_superuser": false,
    "user_permissions": [],
    "last_name": "Cardoso Rodrigues",
    "is_active": true,
    "username": "douglas"
  }
},
{
  "pk": 6,
  "model": "auth.user",
  "fields": {
    "email": "jc@example.com",
    "last_login": null,
    "is_staff": true,
    "groups": [],
    "date_joined": "2015-07-31T19:40:35.487Z",
    "first_name": "Jos\u00e9",
    "password": "pbkdf2_sha256$12000$Pe4addAsDo1D$xEtHWLnSIVkEppr4pbK69SBhuLwWsSHdXyhkCZBNktA=",
    "is_superuser": false,
    "user_permissions": [],
    "last_name": "Carlos Frederico",
    "is_active": true,
    "username": "jose"
  }
},
{
  "pk": 7,
  "model": "auth.user",
  "fields": {
    "email": "alice@example.com",
    "last_login": null,
    "is_staff": true,
    "groups": [],
    "date_joined": "2015-07-31T19:40:35.599Z",
    "first_name": "Alice",
    "password": "pbkdf2_sha256$12000$Pe4addAsDo1D$xEtHWLnSIVkEppr4pbK69SBhuLwWsSHdXyhkCZBNktA=",
    "is_superuser": false,
    "user_permissions": [],
    "last_name": "Cunha Santos",
    "is_active": true,
    "username": "alice"
  }
},
{
  "pk": 8,
  "model": "auth.user",
  "fields": {
    "email": "carla@example.com",
    "last_login": null,
    "is_staff": true,
    "groups": [],
    "date_joined": "2015-07-31T19:40:35.709Z",
    "first_name": "Carla",
    "password": "pbkdf2_sha256$12000$Pe4addAsDo1D$xEtHWLnSIVkEppr4pbK69SBhuLwWsSHdXyhkCZBNktA=",
    "is_superuser": false,
    "user_permissions": [],
    "last_name": "Azevedo Santos",
    "is_active": true,
    "username": "carla"
  }
},
{
  "pk": 9,
  "model": "auth.user",
  "fields": {
    "email": "regis@example.com",
    "last_login": null,
    "is_staff": true,
    "groups": [],
    "date_joined": "2015-07-31T19:40:35.820Z",
    "first_name": "Regis",
    "password": "pbkdf2_sha256$12000$Pe4addAsDo1D$xEtHWLnSIVkEppr4pbK69SBhuLwWsSHdXyhkCZBNktA=",
    "is_superuser": true,
    "user_permissions": [],
    "last_name": "da Silva Santos",
    "is_active": true,
    "username": "regis"
  }
},
{
  "pk": 10,
  "model": "auth.user",
  "fields": {
    "email": "adailton@example.com",
    "last_login": null,
    "is_staff": true,
    "groups": [],
    "date_joined": "2015-07-31T19:40:35.954Z",
    "first_name": "Adailton",
    "password": "pbkdf2_sha256$12000$Pe4addAsDo1D$xEtHWLnSIVkEppr4pbK69SBhuLwWsSHdXyhkCZBNktA=",
    "is_superuser": true,
    "user_permissions": [],
    "last_name": "do Nascimento",
    "is_active": true,
    "username": "adailton"
  }
},
{
  "pk": 1,
  "model": "core.employee",
  "fields": {
    "phone2": "11 7543-2102",
    "blocked": false,
    "uf": "SP",
    "gender": "F",
    "modified": "2015-07-31T19:40:38.782Z",
    "occupation": 3,
    "phone1": "11 7543-2101",
    "treatment": "aa",
    "address": "Avenida Paulista, 1320",
    "date_release": null,
    "phone3": "11 7543-2103",
    "active": true,
    "company": "Tivit",
    "cep": "01020000",
    "date_entry": "2015-12-03T01:47:17.524Z",
    "complement": "Apto 303",
    "cpf": "11122233396",
    "district": "Cerqueira C\u00e9sar",
    "rg": "40373800",
    "user": 2,
    "created": "2015-07-31T19:40:38.782Z",
    "city": "S\u00e3o Paulo",
    "department": "Arquitetura"
  }
},
{
  "pk": 2,
  "model": "core.employee",
  "fields": {
    "phone2": "(11) 0638-5029",
    "blocked": false,
    "uf": "SP",
    "gender": "M",
    "modified": "2015-07-31T19:40:38.909Z",
    "occupation": 4,
    "phone1": "(11) 7630-3598",
    "treatment": "eng",
    "address": "Rua Mar\u00edlia de Dirceu, 1525",
    "date_release": null,
    "phone3": "(11) 1827-6927",
    "active": true,
    "company": "Tivit",
    "cep": "01100000",
    "date_entry": "2015-01-02T15:25:35.127Z",
    "complement": "Apto 16",
    "cpf": "73842008714",
    "district": "Aclima\u00e7\u00e3o",
    "rg": "506793799",
    "user": 3,
    "created": "2015-07-31T19:40:38.909Z",
    "city": "S\u00e3o Paulo",
    "department": "Engenharia"
  }
},
{
  "pk": 3,
  "model": "core.employee",
  "fields": {
    "phone2": "(11) 2887-3286",
    "blocked": false,
    "uf": "SP",
    "gender": "F",
    "modified": "2015-07-31T19:40:39.033Z",
    "occupation": 6,
    "phone1": "(11) 5941-2233",
    "treatment": "",
    "address": "Rua Monte Belo, 704",
    "date_release": null,
    "phone3": "(11) 7757-6085",
    "active": true,
    "company": "Titanium",
    "cep": "01289098",
    "date_entry": "2015-11-14T09:41:02.105Z",
    "complement": "cj. 3",
    "cpf": "24644675769",
    "district": "Vergueiro",
    "rg": "592288359",
    "user": 4,
    "created": "2015-07-31T19:40:39.033Z",
    "city": "S\u00e3o Paulo",
    "department": "Or\u00e7amentos"
  }
},
{
  "pk": 4,
  "model": "core.employee",
  "fields": {
    "phone2": "(11) 9544-1853",
    "blocked": false,
    "uf": "SP",
    "gender": "M",
    "modified": "2015-07-31T19:40:39.180Z",
    "occupation": 6,
    "phone1": "(11) 0162-6907",
    "treatment": "",
    "address": "Rua Dr\u00e1usio Camargo, 440",
    "date_release": null,
    "phone3": null,
    "active": true,
    "company": "Titanium",
    "cep": "02812750",
    "date_entry": "2015-05-16T21:27:20.081Z",
    "complement": null,
    "cpf": "96699840361",
    "district": "Para\u00edso",
    "rg": "224651880",
    "user": 5,
    "created": "2015-07-31T19:40:39.180Z",
    "city": "S\u00e3o Paulo",
    "department": "Suprimentos"
  }
},
{
  "pk": 5,
  "model": "core.employee",
  "fields": {
    "phone2": "(11) 1784-3771",
    "blocked": false,
    "uf": "SP",
    "gender": "M",
    "modified": "2015-07-31T19:40:39.295Z",
    "occupation": 2,
    "phone1": "(11) 2821-6772",
    "treatment": "sr",
    "address": "Estrada Macacu, 1530",
    "date_release": null,
    "phone3": "(11) 7896-0948",
    "active": true,
    "company": "Bot",
    "cep": "01627400",
    "date_entry": "2015-09-28T06:00:01.305Z",
    "complement": null,
    "cpf": "88922876699",
    "district": "Centro",
    "rg": "967728378",
    "user": 6,
    "created": "2015-07-31T19:40:39.295Z",
    "city": "S\u00e3o Paulo",
    "department": "Vendas"
  }
},
{
  "pk": 6,
  "model": "core.employee",
  "fields": {
    "phone2": "(11) 0911-8736",
    "blocked": false,
    "uf": "SP",
    "gender": "F",
    "modified": "2015-07-31T19:40:39.425Z",
    "occupation": 6,
    "phone1": "(11) 5872-4814",
    "treatment": "srta",
    "address": "Rua Georgina S\u00e1 Leite Orcessi, 1851",
    "date_release": null,
    "phone3": null,
    "active": true,
    "company": "Plan",
    "cep": "02616720",
    "date_entry": "2015-09-02T19:20:50.544Z",
    "complement": null,
    "cpf": "52168942960",
    "district": "Santo Amaro",
    "rg": "742367358",
    "user": 7,
    "created": "2015-07-31T19:40:39.425Z",
    "city": "S\u00e3o Paulo",
    "department": "Ger\u00eancia"
  }
},
{
  "pk": 7,
  "model": "core.employee",
  "fields": {
    "phone2": "(11) 8955-2228",
    "blocked": false,
    "uf": "SP",
    "gender": "F",
    "modified": "2015-07-31T19:40:39.566Z",
    "occupation": 1,
    "phone1": "(11) 6297-4741",
    "treatment": "srta",
    "address": "Rua Vinte e Oito, 1491",
    "date_release": null,
    "phone3": "(11) 8369-8870",
    "active": true,
    "company": "Plan",
    "cep": "01327465",
    "date_entry": "2015-12-26T22:35:56.660Z",
    "complement": null,
    "cpf": "27663116303",
    "district": "Filipinas",
    "rg": "188830743",
    "user": 8,
    "created": "2015-07-31T19:40:39.566Z",
    "city": "S\u00e3o Paulo",
    "department": "Arquitetura"
  }
},
{
  "pk": 8,
  "model": "core.employee",
  "fields": {
    "phone2": "(11) 7137-0769",
    "blocked": false,
    "uf": "SP",
    "gender": "M",
    "modified": "2015-07-31T19:40:39.707Z",
    "occupation": 5,
    "phone1": "(11) 4470-4335",
    "treatment": "",
    "address": "Pra\u00e7a Otaviano de Paulo, 89",
    "date_release": null,
    "phone3": null,
    "active": true,
    "company": "RG Solutions",
    "cep": "01727389",
    "date_entry": "2015-06-07T00:32:48.285Z",
    "complement": "Apto 44",
    "cpf": "15895419181",
    "district": "Pomp\u00e9ia",
    "rg": "305467840",
    "user": 9,
    "created": "2015-07-31T19:40:39.707Z",
    "city": "S\u00e3o Paulo",
    "department": "TI"
  }
},
{
  "pk": 9,
  "model": "core.employee",
  "fields": {
    "phone2": "(11) 0444-0210",
    "blocked": false,
    "uf": "GO",
    "gender": "M",
    "modified": "2015-07-31T19:40:39.847Z",
    "occupation": 6,
    "phone1": "(11) 9002-9415",
    "treatment": "",
    "address": "Rua Jaqueira, 460",
    "date_release": null,
    "phone3": null,
    "active": true,
    "company": "RG Solutions",
    "cep": "10282900",
    "date_entry": "2015-06-07T00:32:48.285Z",
    "complement": null,
    "cpf": "41895976210",
    "district": "Santo Antonio",
    "rg": "535121673",
    "user": 10,
    "created": "2015-07-31T19:40:39.846Z",
    "city": "Aparecida de Goi\u00e2nia",
    "department": "TI"
  }
}
]
