[
{
  "model": "crm.person",
  "pk": 1,
  "fields": {
    "created": "2016-03-27T05:46:44.484Z",
    "modified": "2016-03-27T05:46:44.484Z",
    "address": "Avenida Paulista, 1320",
    "complement": "Apto 303",
    "district": "Cerqueira C\u00e9sar",
    "city": "S\u00e3o Paulo",
    "uf": "SP",
    "cep": "01020000",
    "gender": "M",
    "treatment": "sr",
    "slug": "regis-da-silva",
    "photo": "http://icons.iconarchive.com/icons/icons-land/vista-people/256/Office-Customer-Male-Light-icon.png",
    "birthday": null,
    "company": "RG Solutions",
    "department": "Or\u00e7amentos",
    "cpf": "11122233396",
    "rg": "40373800",
    "cnpj": null,
    "ie": null,
    "active": true,
    "blocked": false,
    "first_name": "Regis",
    "last_name": "da Silva",
    "email": "regis@example.com",
    "occupation": 1,
    "person_type": "p",
    "customer_type": null
  }
},
{
  "model": "crm.person",
  "pk": 2,
  "fields": {
    "created": "2016-03-27T05:46:44.626Z",
    "modified": "2016-03-27T05:46:44.626Z",
    "address": "Rua Rafael Barbosa",
    "complement": "casa 1",
    "district": "Ribeirinho",
    "city": "Goi\u00e1s",
    "uf": "GO",
    "cep": "01020000",
    "gender": "M",
    "treatment": "sr",
    "slug": "adailton-do-nascimento",
    "photo": "http://icons.iconarchive.com/icons/icons-land/vista-people/256/Office-Customer-Male-Light-icon.png",
    "birthday": null,
    "company": "RG Solutions",
    "department": "Developer",
    "cpf": "45877531140",
    "rg": "50373801",
    "cnpj": null,
    "ie": null,
    "active": true,
    "blocked": false,
    "first_name": "Adailton",
    "last_name": "do Nascimento",
    "email": "dhelbegors@example.com",
    "occupation": 4,
    "person_type": "p",
    "customer_type": null
  }
},
{
  "model": "crm.person",
  "pk": 3,
  "fields": {
    "created": "2016-03-27T05:46:44.788Z",
    "modified": "2016-03-27T05:46:44.788Z",
    "address": "Rua Coelho Lisboa, 574",
    "complement": "",
    "district": "Tatuap\u00e9",
    "city": "S\u00e3o Paulo",
    "uf": "SP",
    "cep": "03323-040",
    "gender": "F",
    "treatment": "aa",
    "slug": "lida-reed",
    "photo": "http://icons.iconarchive.com/icons/icons-land/vista-people/256/Office-Customer-Male-Light-icon.png",
    "birthday": null,
    "company": "ILM",
    "department": null,
    "cpf": "42873792094",
    "rg": "0641705921",
    "cnpj": null,
    "ie": null,
    "active": true,
    "blocked": false,
    "first_name": "Lida",
    "last_name": "Reed",
    "email": "l.reed@example.com",
    "occupation": 3,
    "person_type": "p",
    "customer_type": null
  }
},
{
  "model": "crm.person",
  "pk": 4,
  "fields": {
    "created": "2016-03-27T05:46:44.915Z",
    "modified": "2016-03-27T05:46:44.915Z",
    "address": "Av. Indian\u00f3polis, 100",
    "complement": "",
    "district": "Indian\u00f3polis",
    "city": "S\u00e3o Paulo",
    "uf": "SP",
    "cep": "04062-000",
    "gender": "F",
    "treatment": "srta",
    "slug": "sally-bailey",
    "photo": "http://icons.iconarchive.com/icons/icons-land/vista-people/256/Office-Customer-Male-Light-icon.png",
    "birthday": null,
    "company": "Tivit",
    "department": null,
    "cpf": "73426544261",
    "rg": "2105813667",
    "cnpj": null,
    "ie": null,
    "active": true,
    "blocked": false,
    "first_name": "Sally",
    "last_name": "Bailey",
    "email": "s.bailey@example.com",
    "occupation": 1,
    "person_type": "p",
    "customer_type": null
  }
},
{
  "model": "crm.person",
  "pk": 5,
  "fields": {
    "created": "2016-03-27T05:46:45.069Z",
    "modified": "2016-03-27T05:46:45.069Z",
    "address": "Av. Pacaemb\u00fa, 380",
    "complement": "",
    "district": "Barra Funda",
    "city": "S\u00e3o Paulo",
    "uf": "SP",
    "cep": "01155-000",
    "gender": "M",
    "treatment": "p",
    "slug": "jesse-post",
    "photo": "http://icons.iconarchive.com/icons/icons-land/vista-people/256/Office-Customer-Male-Light-icon.png",
    "birthday": null,
    "company": "Tivit",
    "department": null,
    "cpf": "60200669591",
    "rg": "8975308872",
    "cnpj": null,
    "ie": null,
    "active": true,
    "blocked": false,
    "first_name": "Jesse",
    "last_name": "Post",
    "email": "j.post@example.com",
    "occupation": 8,
    "person_type": "p",
    "customer_type": null
  }
},
{
  "model": "crm.person",
  "pk": 6,
  "fields": {
    "created": "2016-03-27T05:46:45.240Z",
    "modified": "2016-03-27T05:46:45.240Z",
    "address": "Av. Ulisses Reis de Matos, 100",
    "complement": "",
    "district": "Morumbi",
    "city": "S\u00e3o Paulo",
    "uf": "SP",
    "cep": "00568-602",
    "gender": "F",
    "treatment": "pa",
    "slug": "joyce-chen",
    "photo": "http://icons.iconarchive.com/icons/icons-land/vista-people/256/Office-Customer-Male-Light-icon.png",
    "birthday": null,
    "company": "Gringotes",
    "department": null,
    "cpf": "85826167084",
    "rg": "6429631785",
    "cnpj": null,
    "ie": null,
    "active": true,
    "blocked": false,
    "first_name": "Joyce",
    "last_name": "Chen",
    "email": "j.chen@example.com",
    "occupation": 8,
    "person_type": "p",
    "customer_type": null
  }
},
{
  "model": "crm.person",
  "pk": 7,
  "fields": {
    "created": "2016-03-27T05:46:45.398Z",
    "modified": "2016-03-27T05:46:45.398Z",
    "address": "Av. Moreira Guimar\u00e3es, 367",
    "complement": "",
    "district": "Moema",
    "city": "S\u00e3o Paulo",
    "uf": "SP",
    "cep": "04074-030",
    "gender": "F",
    "treatment": "ea",
    "slug": "alice-buell",
    "photo": "http://icons.iconarchive.com/icons/icons-land/vista-people/256/Office-Customer-Male-Light-icon.png",
    "birthday": null,
    "company": "Oscorp",
    "department": null,
    "cpf": "96152980852",
    "rg": "2725368910",
    "cnpj": null,
    "ie": null,
    "active": true,
    "blocked": false,
    "first_name": "Alice",
    "last_name": "Buell",
    "email": "a.buell@example.com",
    "occupation": 4,
    "person_type": "p",
    "customer_type": null
  }
},
{
  "model": "crm.person",
  "pk": 8,
  "fields": {
    "created": "2016-03-27T05:46:45.549Z",
    "modified": "2016-03-27T05:46:45.549Z",
    "address": "Rua Padre Machado, 68",
    "complement": "",
    "district": "Vila Mariana",
    "city": "S\u00e3o Paulo",
    "uf": "SP",
    "cep": "04127-001",
    "gender": "F",
    "treatment": "ea",
    "slug": "edna-brown",
    "photo": "http://icons.iconarchive.com/icons/icons-land/vista-people/256/Office-Customer-Male-Light-icon.png",
    "birthday": null,
    "company": "Gringotes",
    "department": null,
    "cpf": "86089284505",
    "rg": "7962877291",
    "cnpj": null,
    "ie": null,
    "active": true,
    "blocked": false,
    "first_name": "Edna",
    "last_name": "Brown",
    "email": "e.brown@example.com",
    "occupation": 2,
    "person_type": "p",
    "customer_type": null
  }
},
{
  "model": "crm.person",
  "pk": 9,
  "fields": {
    "created": "2016-03-27T05:46:45.675Z",
    "modified": "2016-03-27T05:46:45.675Z",
    "address": "Est Itapecerica, 2925",
    "complement": "",
    "district": "Centro",
    "city": "S\u00e3o Paulo",
    "uf": "SP",
    "cep": "05835-005",
    "gender": "F",
    "treatment": "ea",
    "slug": "reva-thompson",
    "photo": "http://icons.iconarchive.com/icons/icons-land/vista-people/256/Office-Customer-Male-Light-icon.png",
    "birthday": null,
    "company": "Ghostbusters",
    "department": null,
    "cpf": "75441628502",
    "rg": "4390915417",
    "cnpj": null,
    "ie": null,
    "active": true,
    "blocked": false,
    "first_name": "Reva",
    "last_name": "Thompson",
    "email": "r.thompson@example.com",
    "occupation": 1,
    "person_type": "p",
    "customer_type": null
  }
},
{
  "model": "crm.person",
  "pk": 10,
  "fields": {
    "created": "2016-03-27T05:46:45.805Z",
    "modified": "2016-03-27T05:46:45.805Z",
    "address": "Av 23 de Maio, 3041",
    "complement": "",
    "district": "Vila Mariana",
    "city": "S\u00e3o Paulo",
    "uf": "SP",
    "cep": "04008-090",
    "gender": "M",
    "treatment": "e",
    "slug": "albert-davis",
    "photo": "http://icons.iconarchive.com/icons/icons-land/vista-people/256/Office-Customer-Male-Light-icon.png",
    "birthday": null,
    "company": "Stark",
    "department": null,
    "cpf": "48473766504",
    "rg": "4522542916",
    "cnpj": null,
    "ie": null,
    "active": true,
    "blocked": false,
    "first_name": "Albert",
    "last_name": "Davis",
    "email": "a.davis@example.com",
    "occupation": 2,
    "person_type": "p",
    "customer_type": null
  }
},
{
  "model": "crm.person",
  "pk": 11,
  "fields": {
    "created": "2016-03-27T05:46:45.956Z",
    "modified": "2016-03-27T05:46:45.956Z",
    "address": "Rua Col\u00f4mbia, 810",
    "complement": "",
    "district": "Jardim Am\u00e9rica",
    "city": "S\u00e3o Paulo",
    "uf": "SP",
    "cep": "01438-001",
    "gender": "F",
    "treatment": "pa",
    "slug": "olive-eshleman",
    "photo": "http://icons.iconarchive.com/icons/icons-land/vista-people/256/Office-Customer-Male-Light-icon.png",
    "birthday": null,
    "company": "Cyberdyne",
    "department": null,
    "cpf": "35929362980",
    "rg": "8183731895",
    "cnpj": null,
    "ie": null,
    "active": true,
    "blocked": false,
    "first_name": "Olive",
    "last_name": "Eshleman",
    "email": "o.eshleman@example.com",
    "occupation": 2,
    "person_type": "p",
    "customer_type": null
  }
},
{
  "model": "crm.person",
  "pk": 12,
  "fields": {
    "created": "2016-03-27T05:46:46.111Z",
    "modified": "2016-03-27T05:46:46.111Z",
    "address": "Av Pedroso de Morais, 1552",
    "complement": "",
    "district": "Pinheiros",
    "city": "S\u00e3o Paulo",
    "uf": "SP",
    "cep": "05420-002",
    "gender": "F",
    "treatment": "sra",
    "slug": "cheryl-cantrell",
    "photo": "http://icons.iconarchive.com/icons/icons-land/vista-people/256/Office-Customer-Male-Light-icon.png",
    "birthday": null,
    "company": "Acme",
    "department": null,
    "cpf": "54622508435",
    "rg": "4721925150",
    "cnpj": null,
    "ie": null,
    "active": true,
    "blocked": false,
    "first_name": "Cheryl",
    "last_name": "Cantrell",
    "email": "c.cantrell@example.com",
    "occupation": 3,
    "person_type": "p",
    "customer_type": null
  }
},
{
  "model": "crm.person",
  "pk": 13,
  "fields": {
    "created": "2016-03-27T05:46:46.237Z",
    "modified": "2016-03-27T05:46:46.237Z",
    "address": "Av dos Bandeirantes, 1729",
    "complement": "",
    "district": "Vila Ol\u00edmpia",
    "city": "S\u00e3o Paulo",
    "uf": "SP",
    "cep": "04553-010",
    "gender": "F",
    "treatment": "aa",
    "slug": "sandra-thomas",
    "photo": "http://icons.iconarchive.com/icons/icons-land/vista-people/256/Office-Customer-Male-Light-icon.png",
    "birthday": null,
    "company": "Cyberdyne",
    "department": null,
    "cpf": "68902652548",
    "rg": "2271863605",
    "cnpj": null,
    "ie": null,
    "active": true,
    "blocked": false,
    "first_name": "Sandra",
    "last_name": "Thomas",
    "email": "s.thomas@example.com",
    "occupation": 8,
    "person_type": "p",
    "customer_type": null
  }
},
{
  "model": "crm.person",
  "pk": 14,
  "fields": {
    "created": "2016-03-27T05:46:46.383Z",
    "modified": "2016-03-27T05:46:46.383Z",
    "address": "Rua Itingu\u00e7u, 1288",
    "complement": "",
    "district": "Vila R\u00e9",
    "city": "S\u00e3o Paulo",
    "uf": "SP",
    "cep": "03658-000",
    "gender": "M",
    "treatment": "sr",
    "slug": "nathaniel-smith",
    "photo": "http://icons.iconarchive.com/icons/icons-land/vista-people/256/Office-Customer-Male-Light-icon.png",
    "birthday": null,
    "company": "Acme",
    "department": null,
    "cpf": "89240997440",
    "rg": "8005879461",
    "cnpj": null,
    "ie": null,
    "active": true,
    "blocked": false,
    "first_name": "Nathaniel",
    "last_name": "Smith",
    "email": "n.smith@example.com",
    "occupation": 1,
    "person_type": "p",
    "customer_type": null
  }
},
{
  "model": "crm.person",
  "pk": 15,
  "fields": {
    "created": "2016-03-27T05:46:46.506Z",
    "modified": "2016-03-27T05:46:46.507Z",
    "address": "Av Morumbi, 7600",
    "complement": "",
    "district": "Santo Amaro",
    "city": "S\u00e3o Paulo",
    "uf": "SP",
    "cep": "04703-000",
    "gender": "M",
    "treatment": "e",
    "slug": "james-hyman",
    "photo": "http://icons.iconarchive.com/icons/icons-land/vista-people/256/Office-Customer-Male-Light-icon.png",
    "birthday": null,
    "company": "Gringotes",
    "department": null,
    "cpf": "14944135408",
    "rg": "9148829007",
    "cnpj": null,
    "ie": null,
    "active": true,
    "blocked": false,
    "first_name": "James",
    "last_name": "Hyman",
    "email": "j.hyman@example.com",
    "occupation": 8,
    "person_type": "p",
    "customer_type": null
  }
},
{
  "model": "crm.person",
  "pk": 16,
  "fields": {
    "created": "2016-03-27T05:46:46.655Z",
    "modified": "2016-03-27T05:46:46.655Z",
    "address": "Av Morumbi, 6989",
    "complement": "",
    "district": "Morumbi",
    "city": "S\u00e3o Paulo",
    "uf": "SP",
    "cep": "05650-002",
    "gender": "F",
    "treatment": "srta",
    "slug": "summer-hyatt",
    "photo": "http://icons.iconarchive.com/icons/icons-land/vista-people/256/Office-Customer-Male-Light-icon.png",
    "birthday": null,
    "company": "Gringotes",
    "department": null,
    "cpf": "09998929750",
    "rg": "5222383055",
    "cnpj": null,
    "ie": null,
    "active": true,
    "blocked": false,
    "first_name": "Summer",
    "last_name": "Hyatt",
    "email": "s.hyatt@example.com",
    "occupation": 1,
    "person_type": "p",
    "customer_type": null
  }
},
{
  "model": "crm.person",
  "pk": 17,
  "fields": {
    "created": "2016-03-27T05:46:46.810Z",
    "modified": "2016-03-27T05:46:46.810Z",
    "address": "Av Prof Francisco Morato, 1706",
    "complement": "",
    "district": "Butant\u00e3",
    "city": "S\u00e3o Paulo",
    "uf": "SP",
    "cep": "05512-200",
    "gender": "M",
    "treatment": "a",
    "slug": "todd-mcmahan",
    "photo": "http://icons.iconarchive.com/icons/icons-land/vista-people/256/Office-Customer-Male-Light-icon.png",
    "birthday": null,
    "company": "Gringotes",
    "department": null,
    "cpf": "57251259630",
    "rg": "2397889559",
    "cnpj": null,
    "ie": null,
    "active": true,
    "blocked": false,
    "first_name": "Todd",
    "last_name": "Mcmahan",
    "email": "t.mcmahan@example.com",
    "occupation": 7,
    "person_type": "p",
    "customer_type": null
  }
},
{
  "model": "crm.person",
  "pk": 18,
  "fields": {
    "created": "2016-03-27T05:46:46.986Z",
    "modified": "2016-03-27T05:46:46.986Z",
    "address": "Av Giovanni Gronchi, 2911",
    "complement": "",
    "district": "Morumbi",
    "city": "S\u00e3o Paulo",
    "uf": "SP",
    "cep": "05651-002",
    "gender": "M",
    "treatment": "p",
    "slug": "robert-bowers",
    "photo": "http://icons.iconarchive.com/icons/icons-land/vista-people/256/Office-Customer-Male-Light-icon.png",
    "birthday": null,
    "company": "Tivit",
    "department": null,
    "cpf": "63573252524",
    "rg": "4194640064",
    "cnpj": null,
    "ie": null,
    "active": true,
    "blocked": false,
    "first_name": "Robert",
    "last_name": "Bowers",
    "email": "r.bowers@example.com",
    "occupation": 4,
    "person_type": "p",
    "customer_type": null
  }
},
{
  "model": "crm.person",
  "pk": 19,
  "fields": {
    "created": "2016-03-27T05:46:47.132Z",
    "modified": "2016-03-27T05:46:47.132Z",
    "address": "Av Europa, 725",
    "complement": "",
    "district": "Jardim Europa",
    "city": "S\u00e3o Paulo",
    "uf": "SP",
    "cep": "01449-000",
    "gender": "F",
    "treatment": "aa",
    "slug": "ashley-enriquez",
    "photo": "http://icons.iconarchive.com/icons/icons-land/vista-people/256/Office-Customer-Male-Light-icon.png",
    "birthday": null,
    "company": "Wayne",
    "department": null,
    "cpf": "03134847086",
    "rg": "2802376431",
    "cnpj": null,
    "ie": null,
    "active": true,
    "blocked": false,
    "first_name": "Ashley",
    "last_name": "Enriquez",
    "email": "a.enriquez@example.com",
    "occupation": 4,
    "person_type": "p",
    "customer_type": null
  }
},
{
  "model": "crm.person",
  "pk": 20,
  "fields": {
    "created": "2016-03-27T05:46:47.282Z",
    "modified": "2016-03-27T05:46:47.282Z",
    "address": "Rua Col\u00f4mbia, 659",
    "complement": "",
    "district": "Jardim Am\u00e9rica",
    "city": "S\u00e3o Paulo",
    "uf": "SP",
    "cep": "01438-001",
    "gender": "F",
    "treatment": "d",
    "slug": "deborah-watson",
    "photo": "http://icons.iconarchive.com/icons/icons-land/vista-people/256/Office-Customer-Male-Light-icon.png",
    "birthday": null,
    "company": "Acme",
    "department": null,
    "cpf": "49226589046",
    "rg": "6502820493",
    "cnpj": null,
    "ie": null,
    "active": true,
    "blocked": false,
    "first_name": "Deborah",
    "last_name": "Watson",
    "email": "d.watson@example.com",
    "occupation": 2,
    "person_type": "p",
    "customer_type": null
  }
},
{
  "model": "crm.person",
  "pk": 21,
  "fields": {
    "created": "2016-03-27T05:46:47.446Z",
    "modified": "2016-03-27T05:46:47.446Z",
    "address": "Av Prof Vicente R\u00e1o, 915",
    "complement": "",
    "district": "Jardim Petr\u00f3polis",
    "city": "S\u00e3o Paulo",
    "uf": "SP",
    "cep": "04636-000",
    "gender": "M",
    "treatment": "sr",
    "slug": "barry-sinko",
    "photo": "http://icons.iconarchive.com/icons/icons-land/vista-people/256/Office-Customer-Male-Light-icon.png",
    "birthday": null,
    "company": "Globex",
    "department": null,
    "cpf": "44806153265",
    "rg": "8850948715",
    "cnpj": null,
    "ie": null,
    "active": true,
    "blocked": false,
    "first_name": "Barry",
    "last_name": "Sinko",
    "email": "b.sinko@example.com",
    "occupation": 3,
    "person_type": "p",
    "customer_type": null
  }
},
{
  "model": "crm.person",
  "pk": 22,
  "fields": {
    "created": "2016-03-27T05:46:47.815Z",
    "modified": "2016-03-27T05:46:47.815Z",
    "address": "Av Braz Leme, 268",
    "complement": "",
    "district": "Casa Verde",
    "city": "S\u00e3o Paulo",
    "uf": "SP",
    "cep": "02511-000",
    "gender": "F",
    "treatment": "pa",
    "slug": "melissa-flakes",
    "photo": "http://icons.iconarchive.com/icons/icons-land/vista-people/256/Office-Customer-Male-Light-icon.png",
    "birthday": null,
    "company": "Gringotes",
    "department": null,
    "cpf": "74462633776",
    "rg": "2211666207",
    "cnpj": null,
    "ie": null,
    "active": true,
    "blocked": false,
    "first_name": "Melissa",
    "last_name": "Flakes",
    "email": "m.flakes@example.com",
    "occupation": 8,
    "person_type": "p",
    "customer_type": null
  }
},
{
  "model": "crm.person",
  "pk": 23,
  "fields": {
    "created": "2016-03-27T05:46:47.959Z",
    "modified": "2016-03-27T05:46:47.959Z",
    "address": "Rua Gomes de Carvalho, 421",
    "complement": "",
    "district": "Vila Ol\u00edmpia",
    "city": "S\u00e3o Paulo",
    "uf": "SP",
    "cep": "04547-001",
    "gender": "M",
    "treatment": "p",
    "slug": "mark-harnden",
    "photo": "http://icons.iconarchive.com/icons/icons-land/vista-people/256/Office-Customer-Male-Light-icon.png",
    "birthday": null,
    "company": "RG Solutions",
    "department": null,
    "cpf": "58728331800",
    "rg": "7724678075",
    "cnpj": null,
    "ie": null,
    "active": true,
    "blocked": false,
    "first_name": "Mark",
    "last_name": "Harnden",
    "email": "m.harnden@example.com",
    "occupation": 8,
    "person_type": "p",
    "customer_type": null
  }
},
{
  "model": "crm.person",
  "pk": 24,
  "fields": {
    "created": "2016-03-27T05:46:48.106Z",
    "modified": "2016-03-27T05:46:48.106Z",
    "address": "Av Interlagos, 1550",
    "complement": "",
    "district": "Jardim Marajoara",
    "city": "S\u00e3o Paulo",
    "uf": "SP",
    "cep": "04660-001",
    "gender": "M",
    "treatment": "sr",
    "slug": "tony-matthews",
    "photo": "http://icons.iconarchive.com/icons/icons-land/vista-people/256/Office-Customer-Male-Light-icon.png",
    "birthday": null,
    "company": "Wonka",
    "department": null,
    "cpf": "73141118558",
    "rg": "7601205039",
    "cnpj": null,
    "ie": null,
    "active": true,
    "blocked": false,
    "first_name": "Tony",
    "last_name": "Matthews",
    "email": "t.matthews@example.com",
    "occupation": 3,
    "person_type": "p",
    "customer_type": null
  }
},
{
  "model": "crm.person",
  "pk": 25,
  "fields": {
    "created": "2016-03-27T05:46:48.226Z",
    "modified": "2016-03-27T05:46:48.226Z",
    "address": "Rua Ulysses Reis de Mattos, 100",
    "complement": "",
    "district": "Real Parque",
    "city": "S\u00e3o Paulo",
    "uf": "SP",
    "cep": "05686-020",
    "gender": "M",
    "treatment": "e",
    "slug": "patrick-robinson",
    "photo": "http://icons.iconarchive.com/icons/icons-land/vista-people/256/Office-Customer-Male-Light-icon.png",
    "birthday": null,
    "company": "Cyberdyne",
    "department": null,
    "cpf": "37409173181",
    "rg": "2123485049",
    "cnpj": null,
    "ie": null,
    "active": true,
    "blocked": false,
    "first_name": "Patrick",
    "last_name": "Robinson",
    "email": "p.robinson@example.com",
    "occupation": 8,
    "person_type": "p",
    "customer_type": null
  }
},
{
  "model": "crm.person",
  "pk": 26,
  "fields": {
    "created": "2016-03-27T05:46:48.372Z",
    "modified": "2016-03-27T05:46:48.373Z",
    "address": "Av das Na\u00e7\u00f5es Unidas, 17471",
    "complement": "",
    "district": "Vila Almeida",
    "city": "S\u00e3o Paulo",
    "uf": "SP",
    "cep": "04795-100",
    "gender": "M",
    "treatment": "p",
    "slug": "michael-tyler",
    "photo": "http://icons.iconarchive.com/icons/icons-land/vista-people/256/Office-Customer-Male-Light-icon.png",
    "birthday": null,
    "company": "Cyberdyne",
    "department": null,
    "cpf": "47520365093",
    "rg": "5673826970",
    "cnpj": null,
    "ie": null,
    "active": true,
    "blocked": false,
    "first_name": "Michael",
    "last_name": "Tyler",
    "email": "m.tyler@example.com",
    "occupation": 6,
    "person_type": "p",
    "customer_type": null
  }
},
{
  "model": "crm.person",
  "pk": 27,
  "fields": {
    "created": "2016-03-27T05:46:48.529Z",
    "modified": "2016-03-27T05:46:48.529Z",
    "address": "Avenida Maria Coelho Aguiar, 215",
    "complement": "",
    "district": "Jardim S\u00e3o Lu\u00eds",
    "city": "S\u00e3o Paulo",
    "uf": "SP",
    "cep": "05804-925",
    "gender": "M",
    "treatment": "e",
    "slug": "byron-fredericks",
    "photo": "http://icons.iconarchive.com/icons/icons-land/vista-people/256/Office-Customer-Male-Light-icon.png",
    "birthday": null,
    "company": "Teknotronic",
    "department": null,
    "cpf": "71768955700",
    "rg": "0298419123",
    "cnpj": null,
    "ie": null,
    "active": true,
    "blocked": false,
    "first_name": "Byron",
    "last_name": "Fredericks",
    "email": "b.fredericks@example.com",
    "occupation": 6,
    "person_type": "p",
    "customer_type": null
  }
},
{
  "model": "crm.person",
  "pk": 28,
  "fields": {
    "created": "2016-03-27T05:46:48.684Z",
    "modified": "2016-03-27T05:46:48.685Z",
    "address": "Avenida das Na\u00e7\u00f5es Unidas, 22540",
    "complement": "",
    "district": "Alto de Pinheiros",
    "city": "S\u00e3o Paulo",
    "uf": "SP",
    "cep": "05307-085",
    "gender": "F",
    "treatment": "pa",
    "slug": "maria-downs",
    "photo": "http://icons.iconarchive.com/icons/icons-land/vista-people/256/Office-Customer-Male-Light-icon.png",
    "birthday": null,
    "company": "Tivit",
    "department": null,
    "cpf": "55225858899",
    "rg": "2244124655",
    "cnpj": null,
    "ie": null,
    "active": true,
    "blocked": false,
    "first_name": "Maria",
    "last_name": "Downs",
    "email": "m.downs@example.com",
    "occupation": 2,
    "person_type": "p",
    "customer_type": null
  }
},
{
  "model": "crm.person",
  "pk": 29,
  "fields": {
    "created": "2016-03-27T05:46:48.855Z",
    "modified": "2016-03-27T05:46:48.855Z",
    "address": "Rua Manoel Jos\u00e9 Viana, 94",
    "complement": "",
    "district": "Vila Ivone",
    "city": "S\u00e3o Paulo",
    "uf": "SP",
    "cep": "03282-035",
    "gender": "M",
    "treatment": "e",
    "slug": "kevin-osborne",
    "photo": "http://icons.iconarchive.com/icons/icons-land/vista-people/256/Office-Customer-Male-Light-icon.png",
    "birthday": null,
    "company": "Stark",
    "department": null,
    "cpf": "07013689343",
    "rg": "7372846380",
    "cnpj": null,
    "ie": null,
    "active": true,
    "blocked": false,
    "first_name": "Kevin",
    "last_name": "Osborne",
    "email": "k.osborne@example.com",
    "occupation": 4,
    "person_type": "p",
    "customer_type": null
  }
},
{
  "model": "crm.person",
  "pk": 30,
  "fields": {
    "created": "2016-03-27T05:46:49.008Z",
    "modified": "2016-03-27T05:46:49.008Z",
    "address": "Rua Dona Maria Cust\u00f3dia, 319",
    "complement": "",
    "district": "Santa Terezinha",
    "city": "S\u00e3o Paulo",
    "uf": "SP",
    "cep": "02460-070",
    "gender": "M",
    "treatment": "dr",
    "slug": "kenneth-matthews",
    "photo": "http://icons.iconarchive.com/icons/icons-land/vista-people/256/Office-Customer-Male-Light-icon.png",
    "birthday": null,
    "company": "Wonka",
    "department": null,
    "cpf": "11109731795",
    "rg": "6747750905",
    "cnpj": null,
    "ie": null,
    "active": true,
    "blocked": false,
    "first_name": "Kenneth",
    "last_name": "Matthews",
    "email": "k.matthews@example.com",
    "occupation": 3,
    "person_type": "p",
    "customer_type": null
  }
},
{
  "model": "crm.person",
  "pk": 31,
  "fields": {
    "created": "2016-03-27T05:46:49.151Z",
    "modified": "2016-03-27T05:46:49.152Z",
    "address": "Avenida Robert Kennedy, 188",
    "complement": "",
    "district": "Socorro",
    "city": "S\u00e3o Paulo",
    "uf": "SP",
    "cep": "04768-000",
    "gender": "M",
    "treatment": "e",
    "slug": "scott-kirby",
    "photo": "http://icons.iconarchive.com/icons/icons-land/vista-people/256/Office-Customer-Male-Light-icon.png",
    "birthday": null,
    "company": "ILM",
    "department": null,
    "cpf": "83264204096",
    "rg": "7462956957",
    "cnpj": null,
    "ie": null,
    "active": true,
    "blocked": false,
    "first_name": "Scott",
    "last_name": "Kirby",
    "email": "s.kirby@example.com",
    "occupation": 8,
    "person_type": "p",
    "customer_type": null
  }
},
{
  "model": "crm.person",
  "pk": 32,
  "fields": {
    "created": "2016-03-27T05:46:49.274Z",
    "modified": "2016-03-27T05:46:49.274Z",
    "address": "Av Eng Caetano Alvares, 3916",
    "complement": "",
    "district": "Lim\u00e3o",
    "city": "S\u00e3o Paulo",
    "uf": "SP",
    "cep": "00000-000",
    "gender": "M",
    "treatment": "sr",
    "slug": "mike-patterson",
    "photo": "http://icons.iconarchive.com/icons/icons-land/vista-people/256/Office-Customer-Male-Light-icon.png",
    "birthday": null,
    "company": "Teknotronic",
    "department": null,
    "cpf": "55385455555",
    "rg": "7553067711",
    "cnpj": null,
    "ie": null,
    "active": true,
    "blocked": false,
    "first_name": "Mike",
    "last_name": "Patterson",
    "email": "m.patterson@example.com",
    "occupation": 4,
    "person_type": "p",
    "customer_type": null
  }
},
{
  "model": "crm.person",
  "pk": 33,
  "fields": {
    "created": "2016-03-27T05:46:49.417Z",
    "modified": "2016-03-27T05:46:49.417Z",
    "address": "Av Morumbi, 7766",
    "complement": "",
    "district": "Santo Amaro",
    "city": "S\u00e3o Paulo",
    "uf": "SP",
    "cep": "04703-000",
    "gender": "F",
    "treatment": "sra",
    "slug": "gladys-moore",
    "photo": "http://icons.iconarchive.com/icons/icons-land/vista-people/256/Office-Customer-Male-Light-icon.png",
    "birthday": null,
    "company": "Teknotronic",
    "department": null,
    "cpf": "14446833308",
    "rg": "5818344127",
    "cnpj": null,
    "ie": null,
    "active": true,
    "blocked": false,
    "first_name": "Gladys",
    "last_name": "Moore",
    "email": "g.moore@example.com",
    "occupation": 4,
    "person_type": "p",
    "customer_type": null
  }
},
{
  "model": "crm.person",
  "pk": 34,
  "fields": {
    "created": "2016-03-27T05:46:49.564Z",
    "modified": "2016-03-27T05:46:49.564Z",
    "address": "Av Roland Garros, 1853",
    "complement": "",
    "district": "Jardim Brasil",
    "city": "S\u00e3o Paulo",
    "uf": "SP",
    "cep": "00000-000",
    "gender": "F",
    "treatment": "aa",
    "slug": "sharon-pennington",
    "photo": "http://icons.iconarchive.com/icons/icons-land/vista-people/256/Office-Customer-Male-Light-icon.png",
    "birthday": null,
    "company": "Wayne",
    "department": null,
    "cpf": "24141866237",
    "rg": "7747196208",
    "cnpj": null,
    "ie": null,
    "active": true,
    "blocked": false,
    "first_name": "Sharon",
    "last_name": "Pennington",
    "email": "s.pennington@example.com",
    "occupation": 5,
    "person_type": "p",
    "customer_type": null
  }
},
{
  "model": "crm.person",
  "pk": 35,
  "fields": {
    "created": "2016-03-27T05:46:49.799Z",
    "modified": "2016-03-27T05:46:49.799Z",
    "address": "Av Nazar\u00e9, 1070",
    "complement": "",
    "district": "Ipiranga",
    "city": "S\u00e3o Paulo",
    "uf": "SP",
    "cep": "04262-200",
    "gender": "M",
    "treatment": "a",
    "slug": "charles-roades",
    "photo": "http://icons.iconarchive.com/icons/icons-land/vista-people/256/Office-Customer-Male-Light-icon.png",
    "birthday": null,
    "company": "Globex",
    "department": null,
    "cpf": "61372277900",
    "rg": "8141465009",
    "cnpj": null,
    "ie": null,
    "active": true,
    "blocked": false,
    "first_name": "Charles",
    "last_name": "Roades",
    "email": "c.roades@example.com",
    "occupation": 3,
    "person_type": "p",
    "customer_type": null
  }
},
{
  "model": "crm.person",
  "pk": 36,
  "fields": {
    "created": "2016-03-27T05:46:49.931Z",
    "modified": "2016-03-27T05:46:49.931Z",
    "address": "Avenida das Nacoes Unidas, 19667",
    "complement": "",
    "district": "Vila Almeida",
    "city": "S\u00e3o Paulo",
    "uf": "SP",
    "cep": "04795-100",
    "gender": "F",
    "treatment": "ea",
    "slug": "melba-clements",
    "photo": "http://icons.iconarchive.com/icons/icons-land/vista-people/256/Office-Customer-Male-Light-icon.png",
    "birthday": null,
    "company": "Teknotronic",
    "department": null,
    "cpf": "10642092702",
    "rg": "7378667808",
    "cnpj": null,
    "ie": null,
    "active": true,
    "blocked": false,
    "first_name": "Melba",
    "last_name": "Clements",
    "email": "m.clements@example.com",
    "occupation": 4,
    "person_type": "p",
    "customer_type": null
  }
},
{
  "model": "crm.person",
  "pk": 37,
  "fields": {
    "created": "2016-03-27T05:46:50.092Z",
    "modified": "2016-03-27T05:46:50.092Z",
    "address": "Av Morvan Dias de Figueiredo, 1175",
    "complement": "",
    "district": "Vila Guilherme",
    "city": "S\u00e3o Paulo",
    "uf": "SP",
    "cep": "02170-000",
    "gender": "M",
    "treatment": "a",
    "slug": "clyde-hockman",
    "photo": "http://icons.iconarchive.com/icons/icons-land/vista-people/256/Office-Customer-Male-Light-icon.png",
    "birthday": null,
    "company": "Cyberdyne",
    "department": null,
    "cpf": "63906643387",
    "rg": "5664971109",
    "cnpj": null,
    "ie": null,
    "active": true,
    "blocked": false,
    "first_name": "Clyde",
    "last_name": "Hockman",
    "email": "c.hockman@example.com",
    "occupation": 1,
    "person_type": "p",
    "customer_type": null
  }
},
{
  "model": "crm.person",
  "pk": 38,
  "fields": {
    "created": "2016-03-27T05:46:50.380Z",
    "modified": "2016-03-27T05:46:50.380Z",
    "address": "Av Prof Luiz Ign\u00e1cio Anhaia Mello, 2560",
    "complement": "",
    "district": "Jardim Avelino",
    "city": "S\u00e3o Paulo",
    "uf": "SP",
    "cep": "03154-100",
    "gender": "F",
    "treatment": "sra",
    "slug": "victoria-hollyday",
    "photo": "http://icons.iconarchive.com/icons/icons-land/vista-people/256/Office-Customer-Male-Light-icon.png",
    "birthday": null,
    "company": "Wayne",
    "department": null,
    "cpf": "76972769418",
    "rg": "9253676921",
    "cnpj": null,
    "ie": null,
    "active": true,
    "blocked": false,
    "first_name": "Victoria",
    "last_name": "Hollyday",
    "email": "v.hollyday@example.com",
    "occupation": 7,
    "person_type": "p",
    "customer_type": null
  }
},
{
  "model": "crm.person",
  "pk": 39,
  "fields": {
    "created": "2016-03-27T05:46:50.539Z",
    "modified": "2016-03-27T05:46:50.539Z",
    "address": "Av Jabaquara, 2177",
    "complement": "",
    "district": "Mirand\u00f3polis",
    "city": "S\u00e3o Paulo",
    "uf": "SP",
    "cep": "04045-003",
    "gender": "M",
    "treatment": "a",
    "slug": "jerome-cruz",
    "photo": "http://icons.iconarchive.com/icons/icons-land/vista-people/256/Office-Customer-Male-Light-icon.png",
    "birthday": null,
    "company": "Stark",
    "department": null,
    "cpf": "30193577216",
    "rg": "5301615575",
    "cnpj": null,
    "ie": null,
    "active": true,
    "blocked": false,
    "first_name": "Jerome",
    "last_name": "Cruz",
    "email": "j.cruz@example.com",
    "occupation": 3,
    "person_type": "p",
    "customer_type": null
  }
},
{
  "model": "crm.person",
  "pk": 40,
  "fields": {
    "created": "2016-03-27T05:46:50.685Z",
    "modified": "2016-03-27T05:46:50.685Z",
    "address": "P\u00e7 Br de Tiet\u00ea, 115",
    "complement": "",
    "district": "Belenzinho",
    "city": "S\u00e3o Paulo",
    "uf": "SP",
    "cep": "03163-050",
    "gender": "F",
    "treatment": "pa",
    "slug": "maria-antonelli",
    "photo": "http://icons.iconarchive.com/icons/icons-land/vista-people/256/Office-Customer-Male-Light-icon.png",
    "birthday": null,
    "company": "Cyberdyne",
    "department": null,
    "cpf": "55901886011",
    "rg": "9813150793",
    "cnpj": null,
    "ie": null,
    "active": true,
    "blocked": false,
    "first_name": "Maria",
    "last_name": "Antonelli",
    "email": "m.antonelli@example.com",
    "occupation": 3,
    "person_type": "p",
    "customer_type": null
  }
},
{
  "model": "crm.person",
  "pk": 41,
  "fields": {
    "created": "2016-03-27T05:46:50.846Z",
    "modified": "2016-03-27T05:46:50.846Z",
    "address": "Av Otaviano Alves de Lima, 3972",
    "complement": "",
    "district": "Nossa Senhora do \u00d3",
    "city": "S\u00e3o Paulo",
    "uf": "SP",
    "cep": "02901-000",
    "gender": "F",
    "treatment": "aa",
    "slug": "carole-hurd",
    "photo": "http://icons.iconarchive.com/icons/icons-land/vista-people/256/Office-Customer-Male-Light-icon.png",
    "birthday": null,
    "company": "Stark",
    "department": null,
    "cpf": "44322685730",
    "rg": "3168559374",
    "cnpj": null,
    "ie": null,
    "active": true,
    "blocked": false,
    "first_name": "Carole",
    "last_name": "Hurd",
    "email": "c.hurd@example.com",
    "occupation": 7,
    "person_type": "p",
    "customer_type": null
  }
},
{
  "model": "crm.person",
  "pk": 42,
  "fields": {
    "created": "2016-03-27T05:46:51.135Z",
    "modified": "2016-03-27T05:46:51.135Z",
    "address": "Av Pacaembu, 380",
    "complement": "",
    "district": "Barra Funda",
    "city": "S\u00e3o Paulo",
    "uf": "SP",
    "cep": "01155-000",
    "gender": "M",
    "treatment": "e",
    "slug": "fidel-denger",
    "photo": "http://icons.iconarchive.com/icons/icons-land/vista-people/256/Office-Customer-Male-Light-icon.png",
    "birthday": null,
    "company": "Tivit",
    "department": null,
    "cpf": "42507102039",
    "rg": "9543566042",
    "cnpj": null,
    "ie": null,
    "active": true,
    "blocked": false,
    "first_name": "Fidel",
    "last_name": "Denger",
    "email": "f.denger@example.com",
    "occupation": 6,
    "person_type": "p",
    "customer_type": null
  }
},
{
  "model": "crm.person",
  "pk": 43,
  "fields": {
    "created": "2016-03-27T05:46:51.282Z",
    "modified": "2016-03-27T05:46:51.282Z",
    "address": "Av Dr Ricardo Jafet, 2419",
    "complement": "",
    "district": "Vila Firmiano Pinto",
    "city": "S\u00e3o Paulo",
    "uf": "SP",
    "cep": "04123-030",
    "gender": "F",
    "treatment": "d",
    "slug": "myrtle-hill",
    "photo": "http://icons.iconarchive.com/icons/icons-land/vista-people/256/Office-Customer-Male-Light-icon.png",
    "birthday": null,
    "company": "Gringotes",
    "department": null,
    "cpf": "94230939140",
    "rg": "0057882357",
    "cnpj": null,
    "ie": null,
    "active": true,
    "blocked": false,
    "first_name": "Myrtle",
    "last_name": "Hill",
    "email": "m.hill@example.com",
    "occupation": 2,
    "person_type": "p",
    "customer_type": null
  }
},
{
  "model": "crm.person",
  "pk": 44,
  "fields": {
    "created": "2016-03-27T05:46:51.448Z",
    "modified": "2016-03-27T05:46:51.448Z",
    "address": "Av Rio Branco, 1457",
    "complement": "",
    "district": "Campos El\u00edseos",
    "city": "S\u00e3o Paulo",
    "uf": "SP",
    "cep": "01205-001",
    "gender": "M",
    "treatment": "e",
    "slug": "lawrence-webb",
    "photo": "http://icons.iconarchive.com/icons/icons-land/vista-people/256/Office-Customer-Male-Light-icon.png",
    "birthday": null,
    "company": "Ghostbusters",
    "department": null,
    "cpf": "08653106022",
    "rg": "7920993799",
    "cnpj": null,
    "ie": null,
    "active": true,
    "blocked": false,
    "first_name": "Lawrence",
    "last_name": "Webb",
    "email": "l.webb@example.com",
    "occupation": 3,
    "person_type": "p",
    "customer_type": null
  }
},
{
  "model": "crm.person",
  "pk": 45,
  "fields": {
    "created": "2016-03-27T05:46:51.575Z",
    "modified": "2016-03-27T05:46:51.575Z",
    "address": "Av Prof\u00ba Luiz Ignacio Anhaia Mello, 4470",
    "complement": "",
    "district": "Jardim Idepend\u00eancia",
    "city": "S\u00e3o Paulo",
    "uf": "SP",
    "cep": "03294-100",
    "gender": "M",
    "treatment": "dr",
    "slug": "thomas-alfaro",
    "photo": "http://icons.iconarchive.com/icons/icons-land/vista-people/256/Office-Customer-Male-Light-icon.png",
    "birthday": null,
    "company": "Ghostbusters",
    "department": null,
    "cpf": "63857727640",
    "rg": "1513482139",
    "cnpj": null,
    "ie": null,
    "active": true,
    "blocked": false,
    "first_name": "Thomas",
    "last_name": "Alfaro",
    "email": "t.alfaro@example.com",
    "occupation": 1,
    "person_type": "p",
    "customer_type": null
  }
},
{
  "model": "crm.person",
  "pk": 46,
  "fields": {
    "created": "2016-03-27T05:46:51.722Z",
    "modified": "2016-03-27T05:46:51.722Z",
    "address": "Al Olga, 259",
    "complement": "",
    "district": "Barra Funda",
    "city": "S\u00e3o Paulo",
    "uf": "SP",
    "cep": "01155-040",
    "gender": "M",
    "treatment": "e",
    "slug": "darius-calhoon",
    "photo": "http://icons.iconarchive.com/icons/icons-land/vista-people/256/Office-Customer-Male-Light-icon.png",
    "birthday": null,
    "company": "Gringotes",
    "department": null,
    "cpf": "91940077303",
    "rg": "7413943669",
    "cnpj": null,
    "ie": null,
    "active": true,
    "blocked": false,
    "first_name": "Darius",
    "last_name": "Calhoon",
    "email": "d.calhoon@example.com",
    "occupation": 6,
    "person_type": "p",
    "customer_type": null
  }
},
{
  "model": "crm.person",
  "pk": 47,
  "fields": {
    "created": "2016-03-27T05:46:51.888Z",
    "modified": "2016-03-27T05:46:51.888Z",
    "address": "Av Dr Gast\u00e3o Vidigal, 1595",
    "complement": "",
    "district": "Vila Leopoldina",
    "city": "S\u00e3o Paulo",
    "uf": "SP",
    "cep": "05314-000",
    "gender": "M",
    "treatment": "a",
    "slug": "stefan-degroot",
    "photo": "http://icons.iconarchive.com/icons/icons-land/vista-people/256/Office-Customer-Male-Light-icon.png",
    "birthday": null,
    "company": "Wonka",
    "department": null,
    "cpf": "54295903396",
    "rg": "4121587814",
    "cnpj": null,
    "ie": null,
    "active": true,
    "blocked": false,
    "first_name": "Stefan",
    "last_name": "Degroot",
    "email": "s.degroot@example.com",
    "occupation": 2,
    "person_type": "p",
    "customer_type": null
  }
},
{
  "model": "crm.person",
  "pk": 48,
  "fields": {
    "created": "2016-03-27T05:46:52.019Z",
    "modified": "2016-03-27T05:46:52.019Z",
    "address": "Rua Cl\u00e9lia, 1000",
    "complement": "",
    "district": "\u00c1gua Branca",
    "city": "S\u00e3o Paulo",
    "uf": "SP",
    "cep": "05042-000",
    "gender": "F",
    "treatment": "ea",
    "slug": "yong-roy",
    "photo": "http://icons.iconarchive.com/icons/icons-land/vista-people/256/Office-Customer-Male-Light-icon.png",
    "birthday": null,
    "company": "Stark",
    "department": null,
    "cpf": "64458242857",
    "rg": "6183555709",
    "cnpj": null,
    "ie": null,
    "active": true,
    "blocked": false,
    "first_name": "Yong",
    "last_name": "Roy",
    "email": "y.roy@example.com",
    "occupation": 1,
    "person_type": "p",
    "customer_type": null
  }
},
{
  "model": "crm.person",
  "pk": 49,
  "fields": {
    "created": "2016-03-27T05:46:52.139Z",
    "modified": "2016-03-27T05:46:52.140Z",
    "address": "Av Ermano Marchetti, 596",
    "complement": "",
    "district": "\u00c1gua Branca",
    "city": "S\u00e3o Paulo",
    "uf": "SP",
    "cep": "05038-000",
    "gender": "F",
    "treatment": "pa",
    "slug": "jill-jones",
    "photo": "http://icons.iconarchive.com/icons/icons-land/vista-people/256/Office-Customer-Male-Light-icon.png",
    "birthday": null,
    "company": "Ghostbusters",
    "department": null,
    "cpf": "07685248140",
    "rg": "9425851240",
    "cnpj": null,
    "ie": null,
    "active": true,
    "blocked": false,
    "first_name": "Jill",
    "last_name": "Jones",
    "email": "j.jones@example.com",
    "occupation": 7,
    "person_type": "p",
    "customer_type": null
  }
},
{
  "model": "crm.person",
  "pk": 50,
  "fields": {
    "created": "2016-03-27T05:46:52.274Z",
    "modified": "2016-03-27T05:46:52.274Z",
    "address": "Av Conselheiro Carr\u00e3o, 1306",
    "complement": "",
    "district": "Carr\u00e3o",
    "city": "S\u00e3o Paulo",
    "uf": "SP",
    "cep": "03402-001",
    "gender": "F",
    "treatment": "pa",
    "slug": "angela-munoz",
    "photo": "http://icons.iconarchive.com/icons/icons-land/vista-people/256/Office-Customer-Male-Light-icon.png",
    "birthday": null,
    "company": "Tabajara",
    "department": null,
    "cpf": "40977255050",
    "rg": "5211670638",
    "cnpj": null,
    "ie": null,
    "active": true,
    "blocked": false,
    "first_name": "Angela",
    "last_name": "Munoz",
    "email": "a.munoz@example.com",
    "occupation": 6,
    "person_type": "p",
    "customer_type": null
  }
},
{
  "model": "crm.employee",
  "pk": 2,
  "fields": {
    "created": "2016-03-27T05:46:42.308Z",
    "modified": "2016-03-27T05:46:42.308Z",
    "address": "Rua Gomes de Carvalho, 100",
    "complement": "10\u00ba andar",
    "district": "Vila Ol\u00edmpia",
    "city": "S\u00e3o Paulo",
    "uf": "SP",
    "cep": "04547001",
    "gender": "F",
    "treatment": "",
    "slug": "fernando-souza",
    "photo": null,
    "birthday": null,
    "company": "RG Solutions",
    "department": "TI",
    "cpf": "20095419180",
    "rg": "400467851",
    "cnpj": null,
    "ie": null,
    "active": true,
    "blocked": false,
    "occupation": 7,
    "internal": true,
    "commissioned": true,
    "commission": "0.01",
    "date_release": null,
    "groups": [],
    "user_permissions": []
  }
},
{
  "model": "crm.employee",
  "pk": 3,
  "fields": {
    "created": "2016-03-27T05:46:42.430Z",
    "modified": "2016-03-27T05:46:42.430Z",
    "address": "Avenida Paulista, 1320",
    "complement": "Apto 303",
    "district": "Cerqueira C\u00e9sar",
    "city": "S\u00e3o Paulo",
    "uf": "SP",
    "cep": "01020000",
    "gender": "F",
    "treatment": "aa",
    "slug": "amanda-santos",
    "photo": null,
    "birthday": null,
    "company": "Tivit",
    "department": "Arquitetura",
    "cpf": "11122233396",
    "rg": "40373800",
    "cnpj": null,
    "ie": null,
    "active": true,
    "blocked": false,
    "occupation": 3,
    "internal": true,
    "commissioned": true,
    "commission": "0.01",
    "date_release": null,
    "groups": [],
    "user_permissions": []
  }
},
{
  "model": "crm.employee",
  "pk": 4,
  "fields": {
    "created": "2016-03-27T05:46:42.555Z",
    "modified": "2016-03-27T05:46:42.555Z",
    "address": "Rua Monte Belo, 704",
    "complement": "cj. 3",
    "district": "Vergueiro",
    "city": "S\u00e3o Paulo",
    "uf": "SP",
    "cep": "01289098",
    "gender": "F",
    "treatment": "",
    "slug": "rebeca-araujo-costa",
    "photo": null,
    "birthday": null,
    "company": "Titanium",
    "department": "Or\u00e7amentos",
    "cpf": "24644675769",
    "rg": "592288359",
    "cnpj": null,
    "ie": null,
    "active": true,
    "blocked": false,
    "occupation": 7,
    "internal": true,
    "commissioned": true,
    "commission": "0.01",
    "date_release": null,
    "groups": [],
    "user_permissions": []
  }
},
{
  "model": "crm.employee",
  "pk": 5,
  "fields": {
    "created": "2016-03-27T05:46:42.677Z",
    "modified": "2016-03-27T05:46:42.677Z",
    "address": "Pra\u00e7a Otaviano de Paulo, 89",
    "complement": "Apto 44",
    "district": "Pomp\u00e9ia",
    "city": "S\u00e3o Paulo",
    "uf": "SP",
    "cep": "01727389",
    "gender": "M",
    "treatment": "",
    "slug": "regis-da-silva-santos",
    "photo": null,
    "birthday": null,
    "company": "RG Solutions",
    "department": "TI",
    "cpf": "15895419181",
    "rg": "305467840",
    "cnpj": null,
    "ie": null,
    "active": true,
    "blocked": false,
    "occupation": 8,
    "internal": true,
    "commissioned": true,
    "commission": "0.01",
    "date_release": null,
    "groups": [],
    "user_permissions": []
  }
},
{
  "model": "crm.employee",
  "pk": 6,
  "fields": {
    "created": "2016-03-27T05:46:42.798Z",
    "modified": "2016-03-27T05:46:42.798Z",
    "address": "Rua Georgina S\u00e1 Leite Orcessi, 1851",
    "complement": "",
    "district": "Santo Amaro",
    "city": "S\u00e3o Paulo",
    "uf": "SP",
    "cep": "02616720",
    "gender": "F",
    "treatment": "srta",
    "slug": "alice-cunha-santos",
    "photo": null,
    "birthday": null,
    "company": "Plan",
    "department": "Ger\u00eancia",
    "cpf": "52168942960",
    "rg": "742367358",
    "cnpj": null,
    "ie": null,
    "active": true,
    "blocked": false,
    "occupation": 7,
    "internal": true,
    "commissioned": true,
    "commission": "0.01",
    "date_release": null,
    "groups": [],
    "user_permissions": []
  }
},
{
  "model": "crm.employee",
  "pk": 7,
  "fields": {
    "created": "2016-03-27T05:46:42.931Z",
    "modified": "2016-03-27T05:46:42.932Z",
    "address": "Rua Vinte e Oito, 1491",
    "complement": "",
    "district": "Filipinas",
    "city": "S\u00e3o Paulo",
    "uf": "SP",
    "cep": "01327465",
    "gender": "F",
    "treatment": "srta",
    "slug": "carla-azevedo-santos",
    "photo": null,
    "birthday": null,
    "company": "Plan",
    "department": "Arquitetura",
    "cpf": "27663116303",
    "rg": "188830743",
    "cnpj": null,
    "ie": null,
    "active": true,
    "blocked": false,
    "occupation": 1,
    "internal": true,
    "commissioned": true,
    "commission": "0.01",
    "date_release": null,
    "groups": [],
    "user_permissions": []
  }
},
{
  "model": "crm.employee",
  "pk": 8,
  "fields": {
    "created": "2016-03-27T05:46:43.054Z",
    "modified": "2016-03-27T05:46:43.054Z",
    "address": "Rua Jaqueira, 460",
    "complement": "",
    "district": "Santo Antonio",
    "city": "Aparecida de Goi\u00e2nia",
    "uf": "GO",
    "cep": "10282900",
    "gender": "M",
    "treatment": "",
    "slug": "adailton-do-nascimento",
    "photo": null,
    "birthday": null,
    "company": "RG Solutions",
    "department": "TI",
    "cpf": "41895976210",
    "rg": "535121673",
    "cnpj": null,
    "ie": null,
    "active": true,
    "blocked": false,
    "occupation": 8,
    "internal": true,
    "commissioned": true,
    "commission": "0.01",
    "date_release": null,
    "groups": [],
    "user_permissions": []
  }
},
{
  "model": "crm.employee",
  "pk": 9,
  "fields": {
    "created": "2016-03-27T05:46:43.175Z",
    "modified": "2016-03-27T05:46:43.175Z",
    "address": "Rua Mar\u00edlia de Dirceu, 1525",
    "complement": "Apto 16",
    "district": "Aclima\u00e7\u00e3o",
    "city": "S\u00e3o Paulo",
    "uf": "SP",
    "cep": "01100000",
    "gender": "M",
    "treatment": "e",
    "slug": "caio-silva-oliveira",
    "photo": null,
    "birthday": null,
    "company": "Tivit",
    "department": "Engenharia",
    "cpf": "73842008714",
    "rg": "506793799",
    "cnpj": null,
    "ie": null,
    "active": true,
    "blocked": false,
    "occupation": 4,
    "internal": true,
    "commissioned": true,
    "commission": "0.01",
    "date_release": null,
    "groups": [],
    "user_permissions": []
  }
},
{
  "model": "crm.employee",
  "pk": 10,
  "fields": {
    "created": "2016-03-27T05:46:43.330Z",
    "modified": "2016-03-27T05:46:43.330Z",
    "address": "Rua Dr\u00e1usio Camargo, 440",
    "complement": "",
    "district": "Para\u00edso",
    "city": "S\u00e3o Paulo",
    "uf": "SP",
    "cep": "02812750",
    "gender": "M",
    "treatment": "",
    "slug": "douglas-cardoso-rodrigues",
    "photo": null,
    "birthday": null,
    "company": "Titanium",
    "department": "Suprimentos",
    "cpf": "96699840361",
    "rg": "224651880",
    "cnpj": null,
    "ie": null,
    "active": true,
    "blocked": false,
    "occupation": 6,
    "internal": true,
    "commissioned": true,
    "commission": "0.01",
    "date_release": null,
    "groups": [],
    "user_permissions": []
  }
},
{
  "model": "crm.employee",
  "pk": 11,
  "fields": {
    "created": "2016-03-27T05:46:43.454Z",
    "modified": "2016-03-27T05:46:43.454Z",
    "address": "Estrada Macacu, 1530",
    "complement": "",
    "district": "Centro",
    "city": "S\u00e3o Paulo",
    "uf": "SP",
    "cep": "01627400",
    "gender": "M",
    "treatment": "sr",
    "slug": "jose-carlos-frederico",
    "photo": null,
    "birthday": null,
    "company": "Bot",
    "department": "Vendas",
    "cpf": "88922876699",
    "rg": "967728378",
    "cnpj": null,
    "ie": null,
    "active": true,
    "blocked": false,
    "occupation": 8,
    "internal": true,
    "commissioned": true,
    "commission": "0.01",
    "date_release": null,
    "groups": [],
    "user_permissions": []
  }
},
{
  "model": "crm.occupation",
  "pk": 1,
  "fields": {
    "occupation": "Arquiteto"
  }
},
{
  "model": "crm.occupation",
  "pk": 2,
  "fields": {
    "occupation": "Coordenador"
  }
},
{
  "model": "crm.occupation",
  "pk": 3,
  "fields": {
    "occupation": "Diretor"
  }
},
{
  "model": "crm.occupation",
  "pk": 4,
  "fields": {
    "occupation": "Engenheiro"
  }
},
{
  "model": "crm.occupation",
  "pk": 5,
  "fields": {
    "occupation": "Estagi\u00e1rio"
  }
},
{
  "model": "crm.occupation",
  "pk": 6,
  "fields": {
    "occupation": "Gerente"
  }
},
{
  "model": "crm.occupation",
  "pk": 7,
  "fields": {
    "occupation": "Or\u00e7amentista"
  }
},
{
  "model": "crm.occupation",
  "pk": 8,
  "fields": {
    "occupation": "Vendedor"
  }
},
{
  "model": "proposal.work",
  "pk": 1,
  "fields": {
    "address": "Rua Coelho Lisboa, 574",
    "complement": "",
    "district": "Tatuap\u00e9",
    "city": "S\u00e3o Paulo",
    "uf": "SP",
    "cep": "03323-040",
    "name_work": "New Parker",
    "slug": "new-parker",
    "person": 29,
    "customer": 57
  }
},
{
  "model": "proposal.work",
  "pk": 2,
  "fields": {
    "address": "Av. Indian\u00f3polis, 100",
    "complement": "",
    "district": "Indian\u00f3polis",
    "city": "S\u00e3o Paulo",
    "uf": "SP",
    "cep": "04062-000",
    "name_work": "Ed. Boulevard",
    "slug": "ed-boulevard",
    "person": 11,
    "customer": 66
  }
},
{
  "model": "proposal.work",
  "pk": 3,
  "fields": {
    "address": "Av. Pacaemb\u00fa, 380",
    "complement": "",
    "district": "Barra Funda",
    "city": "S\u00e3o Paulo",
    "uf": "SP",
    "cep": "01155-000",
    "name_work": "Ed. Levantina",
    "slug": "ed-levantina",
    "person": 12,
    "customer": 62
  }
},
{
  "model": "proposal.work",
  "pk": 4,
  "fields": {
    "address": "Av. Ulisses Reis de Matos, 100",
    "complement": "",
    "district": "Morumbi",
    "city": "S\u00e3o Paulo",
    "uf": "SP",
    "cep": "00568-602",
    "name_work": "Ed. Morizono",
    "slug": "ed-morizono",
    "person": 31,
    "customer": 73
  }
},
{
  "model": "proposal.work",
  "pk": 5,
  "fields": {
    "address": "Av. Moreira Guimar\u00e3es, 367",
    "complement": "",
    "district": "Moema",
    "city": "S\u00e3o Paulo",
    "uf": "SP",
    "cep": "04074-030",
    "name_work": "Tiree Itaim",
    "slug": "tiree-itaim",
    "person": 12,
    "customer": 57
  }
},
{
  "model": "proposal.work",
  "pk": 6,
  "fields": {
    "address": "Rua Padre Machado, 68",
    "complement": "",
    "district": "Vila Mariana",
    "city": "S\u00e3o Paulo",
    "uf": "SP",
    "cep": "04127-001",
    "name_work": "Casa Ferraz",
    "slug": "casa-ferraz",
    "person": 20,
    "customer": 55
  }
},
{
  "model": "proposal.work",
  "pk": 7,
  "fields": {
    "address": "Est Itapecerica, 2925",
    "complement": "",
    "district": "Centro",
    "city": "S\u00e3o Paulo",
    "uf": "SP",
    "cep": "05835-005",
    "name_work": "Ed. Leopoldo",
    "slug": "ed-leopoldo",
    "person": 40,
    "customer": 68
  }
},
{
  "model": "proposal.work",
  "pk": 8,
  "fields": {
    "address": "Av 23 de Maio, 3041",
    "complement": "",
    "district": "Vila Mariana",
    "city": "S\u00e3o Paulo",
    "uf": "SP",
    "cep": "04008-090",
    "name_work": "SP Loft IV",
    "slug": "sp-loft-iv",
    "person": 38,
    "customer": 72
  }
},
{
  "model": "proposal.work",
  "pk": 9,
  "fields": {
    "address": "Rua Col\u00f4mbia, 810",
    "complement": "",
    "district": "Jardim Am\u00e9rica",
    "city": "S\u00e3o Paulo",
    "uf": "SP",
    "cep": "01438-001",
    "name_work": "Ed. Faria Lima",
    "slug": "ed-faria-lima",
    "person": 19,
    "customer": 74
  }
},
{
  "model": "proposal.work",
  "pk": 10,
  "fields": {
    "address": "Av Pedroso de Morais, 1552",
    "complement": "",
    "district": "Pinheiros",
    "city": "S\u00e3o Paulo",
    "uf": "SP",
    "cep": "05420-002",
    "name_work": "Ed. Hor\u00e1cio Lafer",
    "slug": "ed-horacio-lafer",
    "person": 7,
    "customer": 64
  }
},
{
  "model": "proposal.work",
  "pk": 11,
  "fields": {
    "address": "Av dos Bandeirantes, 1729",
    "complement": "",
    "district": "Vila Ol\u00edmpia",
    "city": "S\u00e3o Paulo",
    "uf": "SP",
    "cep": "04553-010",
    "name_work": "Ed. Spraiada",
    "slug": "ed-spraiada",
    "person": 48,
    "customer": 52
  }
},
{
  "model": "proposal.work",
  "pk": 12,
  "fields": {
    "address": "Rua Itingu\u00e7u, 1288",
    "complement": "",
    "district": "Vila R\u00e9",
    "city": "S\u00e3o Paulo",
    "uf": "SP",
    "cep": "03658-000",
    "name_work": "Ed. 23 de Maio",
    "slug": "ed-23-de-maio",
    "person": 6,
    "customer": 70
  }
},
{
  "model": "proposal.work",
  "pk": 13,
  "fields": {
    "address": "Av Morumbi, 7600",
    "complement": "",
    "district": "Santo Amaro",
    "city": "S\u00e3o Paulo",
    "uf": "SP",
    "cep": "04703-000",
    "name_work": "Ed. Santo Augusto",
    "slug": "ed-santo-augusto",
    "person": 39,
    "customer": 55
  }
},
{
  "model": "proposal.work",
  "pk": 14,
  "fields": {
    "address": "Av Morumbi, 6989",
    "complement": "",
    "district": "Morumbi",
    "city": "S\u00e3o Paulo",
    "uf": "SP",
    "cep": "05650-002",
    "name_work": "Infinity",
    "slug": "infinity",
    "person": 22,
    "customer": 65
  }
},
{
  "model": "proposal.work",
  "pk": 15,
  "fields": {
    "address": "Av Prof Francisco Morato, 1706",
    "complement": "",
    "district": "Butant\u00e3",
    "city": "S\u00e3o Paulo",
    "uf": "SP",
    "cep": "05512-200",
    "name_work": "Boavista Shopping",
    "slug": "boavista-shopping",
    "person": 39,
    "customer": 74
  }
},
{
  "model": "proposal.work",
  "pk": 16,
  "fields": {
    "address": "Av Giovanni Gronchi, 2911",
    "complement": "",
    "district": "Morumbi",
    "city": "S\u00e3o Paulo",
    "uf": "SP",
    "cep": "05651-002",
    "name_work": "Brascan Century Open Mall",
    "slug": "brascan-century-open-mall",
    "person": 27,
    "customer": 58
  }
},
{
  "model": "proposal.work",
  "pk": 17,
  "fields": {
    "address": "Av Europa, 725",
    "complement": "",
    "district": "Jardim Europa",
    "city": "S\u00e3o Paulo",
    "uf": "SP",
    "cep": "01449-000",
    "name_work": "Central Plaza Shopping",
    "slug": "central-plaza-shopping",
    "person": 11,
    "customer": 69
  }
},
{
  "model": "proposal.work",
  "pk": 18,
  "fields": {
    "address": "Rua Col\u00f4mbia, 659",
    "complement": "",
    "district": "Jardim Am\u00e9rica",
    "city": "S\u00e3o Paulo",
    "uf": "SP",
    "cep": "01438-001",
    "name_work": "Shopping Interlagos",
    "slug": "shopping-interlagos",
    "person": 40,
    "customer": 52
  }
},
{
  "model": "proposal.work",
  "pk": 19,
  "fields": {
    "address": "Av Prof Vicente R\u00e1o, 915",
    "complement": "",
    "district": "Jardim Petr\u00f3polis",
    "city": "S\u00e3o Paulo",
    "uf": "SP",
    "cep": "04636-000",
    "name_work": "Continental Shopping Center",
    "slug": "continental-shopping-center",
    "person": 2,
    "customer": 58
  }
},
{
  "model": "proposal.work",
  "pk": 20,
  "fields": {
    "address": "Av Braz Leme, 268",
    "complement": "",
    "district": "Casa Verde",
    "city": "S\u00e3o Paulo",
    "uf": "SP",
    "cep": "02511-000",
    "name_work": "Morumbi Shopping",
    "slug": "morumbi-shopping",
    "person": 35,
    "customer": 64
  }
},
{
  "model": "proposal.work",
  "pk": 21,
  "fields": {
    "address": "Rua Gomes de Carvalho, 421",
    "complement": "",
    "district": "Vila Ol\u00edmpia",
    "city": "S\u00e3o Paulo",
    "uf": "SP",
    "cep": "04547-001",
    "name_work": "Raposo Shopping",
    "slug": "raposo-shopping",
    "person": 23,
    "customer": 60
  }
},
{
  "model": "proposal.work",
  "pk": 22,
  "fields": {
    "address": "Av Interlagos, 1550",
    "complement": "",
    "district": "Jardim Marajoara",
    "city": "S\u00e3o Paulo",
    "uf": "SP",
    "cep": "04660-001",
    "name_work": "Santana Parque Shopping",
    "slug": "santana-parque-shopping",
    "person": 31,
    "customer": 54
  }
},
{
  "model": "proposal.work",
  "pk": 23,
  "fields": {
    "address": "Rua Ulysses Reis de Mattos, 100",
    "complement": "",
    "district": "Real Parque",
    "city": "S\u00e3o Paulo",
    "uf": "SP",
    "cep": "05686-020",
    "name_work": "Shopping Analia Franco",
    "slug": "shopping-analia-franco",
    "person": 31,
    "customer": 64
  }
},
{
  "model": "proposal.work",
  "pk": 24,
  "fields": {
    "address": "Av das Na\u00e7\u00f5es Unidas, 17471",
    "complement": "",
    "district": "Vila Almeida",
    "city": "S\u00e3o Paulo",
    "uf": "SP",
    "cep": "04795-100",
    "name_work": "Shopping Butant\u00e3",
    "slug": "shopping-butanta",
    "person": 22,
    "customer": 51
  }
},
{
  "model": "proposal.work",
  "pk": 25,
  "fields": {
    "address": "Avenida Maria Coelho Aguiar, 215",
    "complement": "",
    "district": "Jardim S\u00e3o Lu\u00eds",
    "city": "S\u00e3o Paulo",
    "uf": "SP",
    "cep": "05804-925",
    "name_work": "Shopping Eldorado",
    "slug": "shopping-eldorado",
    "person": 28,
    "customer": 68
  }
},
{
  "model": "proposal.work",
  "pk": 26,
  "fields": {
    "address": "Avenida das Na\u00e7\u00f5es Unidas, 22540",
    "complement": "",
    "district": "Alto de Pinheiros",
    "city": "S\u00e3o Paulo",
    "uf": "SP",
    "cep": "05307-085",
    "name_work": "Shopping Frei Caneca",
    "slug": "shopping-frei-caneca",
    "person": 31,
    "customer": 55
  }
},
{
  "model": "proposal.work",
  "pk": 27,
  "fields": {
    "address": "Rua Manoel Jos\u00e9 Viana, 94",
    "complement": "",
    "district": "Vila Ivone",
    "city": "S\u00e3o Paulo",
    "uf": "SP",
    "cep": "03282-035",
    "name_work": "Shopping Ibirapuera",
    "slug": "shopping-ibirapuera",
    "person": 44,
    "customer": 68
  }
},
{
  "model": "proposal.work",
  "pk": 28,
  "fields": {
    "address": "Rua Dona Maria Cust\u00f3dia, 319",
    "complement": "",
    "district": "Santa Terezinha",
    "city": "S\u00e3o Paulo",
    "uf": "SP",
    "cep": "02460-070",
    "name_work": "Shopping Jardim Sul",
    "slug": "shopping-jardim-sul",
    "person": 48,
    "customer": 71
  }
},
{
  "model": "proposal.work",
  "pk": 29,
  "fields": {
    "address": "Avenida Robert Kennedy, 188",
    "complement": "",
    "district": "Socorro",
    "city": "S\u00e3o Paulo",
    "uf": "SP",
    "cep": "04768-000",
    "name_work": "Shopping JK Iguatemi",
    "slug": "shopping-jk-iguatemi",
    "person": 20,
    "customer": 67
  }
},
{
  "model": "proposal.work",
  "pk": 30,
  "fields": {
    "address": "Av Eng Caetano Alvares, 3916",
    "complement": "",
    "district": "Lim\u00e3o",
    "city": "S\u00e3o Paulo",
    "uf": "SP",
    "cep": "00000-000",
    "name_work": "Shopping Metro Boulevard Tatuape",
    "slug": "shopping-metro-boulevard-tatuape",
    "person": 15,
    "customer": 56
  }
},
{
  "model": "proposal.work",
  "pk": 31,
  "fields": {
    "address": "Av Morumbi, 7766",
    "complement": "",
    "district": "Santo Amaro",
    "city": "S\u00e3o Paulo",
    "uf": "SP",
    "cep": "04703-000",
    "name_work": "Shopping Metr\u00f4 Itaquera",
    "slug": "shopping-metro-itaquera",
    "person": 33,
    "customer": 54
  }
},
{
  "model": "proposal.work",
  "pk": 32,
  "fields": {
    "address": "Av Roland Garros, 1853",
    "complement": "",
    "district": "Jardim Brasil",
    "city": "S\u00e3o Paulo",
    "uf": "SP",
    "cep": "00000-000",
    "name_work": "Shopping Metr\u00f4 Tatuape",
    "slug": "shopping-metro-tatuape",
    "person": 46,
    "customer": 53
  }
},
{
  "model": "proposal.work",
  "pk": 33,
  "fields": {
    "address": "Av Nazar\u00e9, 1070",
    "complement": "",
    "district": "Ipiranga",
    "city": "S\u00e3o Paulo",
    "uf": "SP",
    "cep": "04262-200",
    "name_work": "Shopping Metr\u00f4 Tucuruvi",
    "slug": "shopping-metro-tucuruvi",
    "person": 38,
    "customer": 71
  }
},
{
  "model": "proposal.work",
  "pk": 34,
  "fields": {
    "address": "Avenida das Nacoes Unidas, 19667",
    "complement": "",
    "district": "Vila Almeida",
    "city": "S\u00e3o Paulo",
    "uf": "SP",
    "cep": "04795-100",
    "name_work": "Shopping P\u00e1tio Higien\u00f3polis",
    "slug": "shopping-patio-higienopolis",
    "person": 27,
    "customer": 64
  }
},
{
  "model": "proposal.work",
  "pk": 35,
  "fields": {
    "address": "Av Morvan Dias de Figueiredo, 1175",
    "complement": "",
    "district": "Vila Guilherme",
    "city": "S\u00e3o Paulo",
    "uf": "SP",
    "cep": "02170-000",
    "name_work": "Shopping P\u00e1tio Paulista",
    "slug": "shopping-patio-paulista",
    "person": 5,
    "customer": 70
  }
},
{
  "model": "proposal.work",
  "pk": 36,
  "fields": {
    "address": "Av Prof Luiz Ign\u00e1cio Anhaia Mello, 2560",
    "complement": "",
    "district": "Jardim Avelino",
    "city": "S\u00e3o Paulo",
    "uf": "SP",
    "cep": "03154-100",
    "name_work": "Shopping Plaza Sul",
    "slug": "shopping-plaza-sul",
    "person": 12,
    "customer": 57
  }
},
{
  "model": "proposal.work",
  "pk": 37,
  "fields": {
    "address": "Av Jabaquara, 2177",
    "complement": "",
    "district": "Mirand\u00f3polis",
    "city": "S\u00e3o Paulo",
    "uf": "SP",
    "cep": "04045-003",
    "name_work": "Shopping Sp Market",
    "slug": "shopping-sp-market",
    "person": 21,
    "customer": 59
  }
},
{
  "model": "proposal.work",
  "pk": 38,
  "fields": {
    "address": "P\u00e7 Br de Tiet\u00ea, 115",
    "complement": "",
    "district": "Belenzinho",
    "city": "S\u00e3o Paulo",
    "uf": "SP",
    "cep": "03163-050",
    "name_work": "Shopping Vila Ol\u00edmpia",
    "slug": "shopping-vila-olimpia",
    "person": 31,
    "customer": 57
  }
},
{
  "model": "proposal.work",
  "pk": 39,
  "fields": {
    "address": "Av Otaviano Alves de Lima, 3972",
    "complement": "",
    "district": "Nossa Senhora do \u00d3",
    "city": "S\u00e3o Paulo",
    "uf": "SP",
    "cep": "02901-000",
    "name_work": "Shopping Villa - lobos",
    "slug": "shopping-villa-lobos",
    "person": 7,
    "customer": 61
  }
},
{
  "model": "proposal.work",
  "pk": 40,
  "fields": {
    "address": "Av Pacaembu, 380",
    "complement": "",
    "district": "Barra Funda",
    "city": "S\u00e3o Paulo",
    "uf": "SP",
    "cep": "01155-000",
    "name_work": "West Plaza Shopping",
    "slug": "west-plaza-shopping",
    "person": 5,
    "customer": 52
  }
},
{
  "model": "proposal.proposal",
  "pk": 41,
  "fields": {
    "created": "2016-03-27T05:47:15.617Z",
    "modified": "2016-03-27T05:47:15.617Z",
    "num_prop": 1,
    "priority": "a3",
    "prop_type": "R",
    "num_prop_type": 0,
    "category": "orc",
    "description": "GNxYTZCVItMHvoPjfZlawZCvgEXeSV",
    "work": 32,
    "person": 31,
    "employee": 9,
    "seller": 5,
    "status": "co",
    "date_conclusion": "2016-03-27T05:47:15.616Z",
    "price": "451064.66",
    "obs": ""
  }
},
{
  "model": "proposal.proposal",
  "pk": 42,
  "fields": {
    "created": "2016-03-27T05:47:15.800Z",
    "modified": "2016-03-27T05:47:15.800Z",
    "num_prop": 2,
    "priority": "a3",
    "prop_type": "R",
    "num_prop_type": 0,
    "category": "orc",
    "description": "GrhOGfmxfRctoFafjlEqmowNfnHgDU",
    "work": 36,
    "person": 44,
    "employee": 3,
    "seller": 11,
    "status": "a",
    "date_conclusion": "2016-03-27T05:47:15.800Z",
    "price": "479117.84",
    "obs": ""
  }
},
{
  "model": "proposal.proposal",
  "pk": 43,
  "fields": {
    "created": "2016-03-27T05:47:15.986Z",
    "modified": "2016-03-27T05:47:15.986Z",
    "num_prop": 3,
    "priority": "a3",
    "prop_type": "R",
    "num_prop_type": 0,
    "category": "orc",
    "description": "HcYiTQYLdTdFhSKpGFcTvULFTNBvPF",
    "work": 21,
    "person": 6,
    "employee": 10,
    "seller": 11,
    "status": "p",
    "date_conclusion": null,
    "price": "0.00",
    "obs": ""
  }
},
{
  "model": "proposal.proposal",
  "pk": 44,
  "fields": {
    "created": "2016-03-27T05:47:16.182Z",
    "modified": "2016-03-27T05:47:16.182Z",
    "num_prop": 4,
    "priority": "a3",
    "prop_type": "R",
    "num_prop_type": 0,
    "category": "orc",
    "description": "fLthjgZEqXPTebAnGonAELzvEiMWFc",
    "work": 27,
    "person": 30,
    "employee": 8,
    "seller": 8,
    "status": "co",
    "date_conclusion": "2016-03-27T05:47:16.181Z",
    "price": "216089.77",
    "obs": ""
  }
},
{
  "model": "proposal.proposal",
  "pk": 45,
  "fields": {
    "created": "2016-03-27T05:47:16.349Z",
    "modified": "2016-03-27T05:47:16.349Z",
    "num_prop": 5,
    "priority": "a3",
    "prop_type": "R",
    "num_prop_type": 0,
    "category": "orc",
    "description": "kckZWeRJDjegLwKAHlSVgWHCodvnoy",
    "work": 22,
    "person": 39,
    "employee": 4,
    "seller": 11,
    "status": "c",
    "date_conclusion": null,
    "price": "0.00",
    "obs": ""
  }
},
{
  "model": "proposal.proposal",
  "pk": 46,
  "fields": {
    "created": "2016-03-27T05:47:16.593Z",
    "modified": "2016-03-27T05:47:16.593Z",
    "num_prop": 6,
    "priority": "a3",
    "prop_type": "R",
    "num_prop_type": 0,
    "category": "orc",
    "description": "PqKMJXcyTpHVjNbvsKwLyHxSOxYfnW",
    "work": 35,
    "person": 40,
    "employee": 2,
    "seller": 5,
    "status": "c",
    "date_conclusion": null,
    "price": "0.00",
    "obs": ""
  }
},
{
  "model": "proposal.proposal",
  "pk": 47,
  "fields": {
    "created": "2016-03-27T05:47:16.770Z",
    "modified": "2016-03-27T05:47:16.770Z",
    "num_prop": 7,
    "priority": "a3",
    "prop_type": "R",
    "num_prop_type": 0,
    "category": "orc",
    "description": "RWDOcelSKOBjESAsDDyOVlLcENoGIs",
    "work": 7,
    "person": 33,
    "employee": 11,
    "seller": 5,
    "status": "c",
    "date_conclusion": null,
    "price": "0.00",
    "obs": ""
  }
},
{
  "model": "proposal.proposal",
  "pk": 48,
  "fields": {
    "created": "2016-03-27T05:47:16.903Z",
    "modified": "2016-03-27T05:47:16.903Z",
    "num_prop": 8,
    "priority": "a3",
    "prop_type": "R",
    "num_prop_type": 0,
    "category": "orc",
    "description": "HhGXkLtVjwZznYhgMPDWJHuIIsnAzu",
    "work": 18,
    "person": 42,
    "employee": 10,
    "seller": 11,
    "status": "co",
    "date_conclusion": "2016-03-27T05:47:16.903Z",
    "price": "463145.96",
    "obs": ""
  }
},
{
  "model": "proposal.proposal",
  "pk": 49,
  "fields": {
    "created": "2016-03-27T05:47:17.067Z",
    "modified": "2016-03-27T05:47:17.067Z",
    "num_prop": 9,
    "priority": "a3",
    "prop_type": "R",
    "num_prop_type": 0,
    "category": "orc",
    "description": "dNWFhavoDyQlaocUpHjtGlJPEOPiyv",
    "work": 36,
    "person": 27,
    "employee": 5,
    "seller": 11,
    "status": "c",
    "date_conclusion": null,
    "price": "0.00",
    "obs": ""
  }
},
{
  "model": "proposal.proposal",
  "pk": 50,
  "fields": {
    "created": "2016-03-27T05:47:17.202Z",
    "modified": "2016-03-27T05:47:17.202Z",
    "num_prop": 10,
    "priority": "a3",
    "prop_type": "R",
    "num_prop_type": 0,
    "category": "orc",
    "description": "ZVFXBbXVqNyzcpchZEzNHQXjYRQBom",
    "work": 20,
    "person": 2,
    "employee": 8,
    "seller": 11,
    "status": "co",
    "date_conclusion": "2016-03-27T05:47:17.201Z",
    "price": "490732.74",
    "obs": ""
  }
},
{
  "model": "proposal.proposal",
  "pk": 51,
  "fields": {
    "created": "2016-03-27T05:47:17.341Z",
    "modified": "2016-03-27T05:47:17.341Z",
    "num_prop": 11,
    "priority": "a3",
    "prop_type": "R",
    "num_prop_type": 0,
    "category": "orc",
    "description": "vnTyWmXFFUlneqNrOLEQYipaEMWqFz",
    "work": 17,
    "person": 36,
    "employee": 6,
    "seller": 5,
    "status": "c",
    "date_conclusion": null,
    "price": "0.00",
    "obs": ""
  }
},
{
  "model": "proposal.proposal",
  "pk": 52,
  "fields": {
    "created": "2016-03-27T05:47:17.499Z",
    "modified": "2016-03-27T05:47:17.499Z",
    "num_prop": 12,
    "priority": "a3",
    "prop_type": "R",
    "num_prop_type": 0,
    "category": "orc",
    "description": "lOzvRbDOfhnhXeppfOTULcezKUEtBX",
    "work": 31,
    "person": 25,
    "employee": 4,
    "seller": 5,
    "status": "co",
    "date_conclusion": "2016-03-27T05:47:17.499Z",
    "price": "877224.40",
    "obs": ""
  }
},
{
  "model": "proposal.proposal",
  "pk": 53,
  "fields": {
    "created": "2016-03-27T05:47:17.802Z",
    "modified": "2016-03-27T05:47:17.802Z",
    "num_prop": 13,
    "priority": "a3",
    "prop_type": "R",
    "num_prop_type": 0,
    "category": "orc",
    "description": "QljPCeboclxeAwWKZUrrjinJurNwyc",
    "work": 40,
    "person": 47,
    "employee": 8,
    "seller": 8,
    "status": "elab",
    "date_conclusion": null,
    "price": "0.00",
    "obs": ""
  }
},
{
  "model": "proposal.proposal",
  "pk": 54,
  "fields": {
    "created": "2016-03-27T05:47:17.970Z",
    "modified": "2016-03-27T05:47:17.970Z",
    "num_prop": 14,
    "priority": "a3",
    "prop_type": "R",
    "num_prop_type": 0,
    "category": "orc",
    "description": "ZrfXOnRHTNEJDTJSgHKxyhQzKskLqQ",
    "work": 27,
    "person": 39,
    "employee": 7,
    "seller": 5,
    "status": "co",
    "date_conclusion": "2016-03-27T05:47:17.969Z",
    "price": "658138.38",
    "obs": ""
  }
},
{
  "model": "proposal.proposal",
  "pk": 55,
  "fields": {
    "created": "2016-03-27T05:47:18.115Z",
    "modified": "2016-03-27T05:47:18.115Z",
    "num_prop": 15,
    "priority": "a3",
    "prop_type": "R",
    "num_prop_type": 0,
    "category": "orc",
    "description": "olPKpBGLWUmUTNkBtSVYzTvmThULlN",
    "work": 3,
    "person": 42,
    "employee": 7,
    "seller": 8,
    "status": "a",
    "date_conclusion": "2016-03-27T05:47:18.114Z",
    "price": "949141.67",
    "obs": ""
  }
},
{
  "model": "proposal.proposal",
  "pk": 56,
  "fields": {
    "created": "2016-03-27T05:47:18.270Z",
    "modified": "2016-03-27T05:47:18.270Z",
    "num_prop": 16,
    "priority": "a3",
    "prop_type": "R",
    "num_prop_type": 0,
    "category": "orc",
    "description": "qIwTzQYavHLrwEHvDQVeHlxValAZKz",
    "work": 31,
    "person": 39,
    "employee": 3,
    "seller": 8,
    "status": "c",
    "date_conclusion": null,
    "price": "0.00",
    "obs": ""
  }
},
{
  "model": "proposal.proposal",
  "pk": 57,
  "fields": {
    "created": "2016-03-27T05:47:18.410Z",
    "modified": "2016-03-27T05:47:18.410Z",
    "num_prop": 17,
    "priority": "a3",
    "prop_type": "R",
    "num_prop_type": 0,
    "category": "orc",
    "description": "LNwcErwSPLPoMSCpQkQXymMyIJzNip",
    "work": 9,
    "person": 9,
    "employee": 4,
    "seller": 5,
    "status": "a",
    "date_conclusion": "2016-03-27T05:47:18.409Z",
    "price": "575350.54",
    "obs": ""
  }
},
{
  "model": "proposal.proposal",
  "pk": 58,
  "fields": {
    "created": "2016-03-27T05:47:18.571Z",
    "modified": "2016-03-27T05:47:18.571Z",
    "num_prop": 18,
    "priority": "a3",
    "prop_type": "R",
    "num_prop_type": 0,
    "category": "orc",
    "description": "gUFhToioyvTmhIYXynzVFOlxTjpecb",
    "work": 24,
    "person": 50,
    "employee": 8,
    "seller": 5,
    "status": "co",
    "date_conclusion": "2016-03-27T05:47:18.570Z",
    "price": "642099.12",
    "obs": ""
  }
},
{
  "model": "proposal.proposal",
  "pk": 59,
  "fields": {
    "created": "2016-03-27T05:47:18.709Z",
    "modified": "2016-03-27T05:47:18.709Z",
    "num_prop": 19,
    "priority": "a3",
    "prop_type": "R",
    "num_prop_type": 0,
    "category": "orc",
    "description": "ZGgKqxIIcmQSLqsgZqaDDWMWXhNzqk",
    "work": 35,
    "person": 23,
    "employee": 3,
    "seller": 11,
    "status": "co",
    "date_conclusion": "2016-03-27T05:47:18.709Z",
    "price": "739374.20",
    "obs": ""
  }
},
{
  "model": "proposal.proposal",
  "pk": 60,
  "fields": {
    "created": "2016-03-27T05:47:18.893Z",
    "modified": "2016-03-27T05:47:18.893Z",
    "num_prop": 20,
    "priority": "a3",
    "prop_type": "R",
    "num_prop_type": 0,
    "category": "orc",
    "description": "OkMoExHJMDiMRAsFHiBtJIPNElgiIk",
    "work": 40,
    "person": 20,
    "employee": 2,
    "seller": 11,
    "status": "c",
    "date_conclusion": null,
    "price": "0.00",
    "obs": ""
  }
},
{
  "model": "proposal.proposal",
  "pk": 61,
  "fields": {
    "created": "2016-03-27T05:47:19.052Z",
    "modified": "2016-03-27T05:47:19.052Z",
    "num_prop": 21,
    "priority": "a3",
    "prop_type": "R",
    "num_prop_type": 0,
    "category": "orc",
    "description": "QjyVdMUbxLZBpsClPrAEJOyjgYEMDW",
    "work": 27,
    "person": 4,
    "employee": 10,
    "seller": 5,
    "status": "co",
    "date_conclusion": "2016-03-27T05:47:19.051Z",
    "price": "969184.80",
    "obs": ""
  }
},
{
  "model": "proposal.proposal",
  "pk": 62,
  "fields": {
    "created": "2016-03-27T05:47:19.180Z",
    "modified": "2016-03-27T05:47:19.180Z",
    "num_prop": 22,
    "priority": "a3",
    "prop_type": "R",
    "num_prop_type": 0,
    "category": "orc",
    "description": "sBkKPeoUJNpuhUyqTNlxPoDRDlzAFt",
    "work": 24,
    "person": 3,
    "employee": 11,
    "seller": 5,
    "status": "a",
    "date_conclusion": "2016-03-27T05:47:19.180Z",
    "price": "83321.35",
    "obs": ""
  }
},
{
  "model": "proposal.proposal",
  "pk": 63,
  "fields": {
    "created": "2016-03-27T05:47:19.313Z",
    "modified": "2016-03-27T05:47:19.313Z",
    "num_prop": 23,
    "priority": "a3",
    "prop_type": "R",
    "num_prop_type": 0,
    "category": "orc",
    "description": "WsTWgZadAdErijcTqcxPsIsZDXlXyF",
    "work": 1,
    "person": 12,
    "employee": 5,
    "seller": 8,
    "status": "a",
    "date_conclusion": "2016-03-27T05:47:19.312Z",
    "price": "500859.31",
    "obs": ""
  }
},
{
  "model": "proposal.proposal",
  "pk": 64,
  "fields": {
    "created": "2016-03-27T05:47:19.453Z",
    "modified": "2016-03-27T05:47:19.453Z",
    "num_prop": 24,
    "priority": "a3",
    "prop_type": "R",
    "num_prop_type": 0,
    "category": "orc",
    "description": "ZDougNjgTduaJuyGjsAZncXFGPNCQw",
    "work": 9,
    "person": 5,
    "employee": 9,
    "seller": 5,
    "status": "co",
    "date_conclusion": "2016-03-27T05:47:19.453Z",
    "price": "795906.83",
    "obs": ""
  }
},
{
  "model": "proposal.proposal",
  "pk": 65,
  "fields": {
    "created": "2016-03-27T05:47:19.614Z",
    "modified": "2016-03-27T05:47:19.614Z",
    "num_prop": 25,
    "priority": "a3",
    "prop_type": "R",
    "num_prop_type": 0,
    "category": "orc",
    "description": "URNvcSyxVioAzeMMaxaWGHzMVodSFX",
    "work": 37,
    "person": 4,
    "employee": 7,
    "seller": 8,
    "status": "a",
    "date_conclusion": "2016-03-27T05:47:19.613Z",
    "price": "991983.11",
    "obs": ""
  }
},
{
  "model": "proposal.proposal",
  "pk": 66,
  "fields": {
    "created": "2016-03-27T05:47:19.794Z",
    "modified": "2016-03-27T05:47:19.794Z",
    "num_prop": 26,
    "priority": "a3",
    "prop_type": "R",
    "num_prop_type": 0,
    "category": "orc",
    "description": "RWUOzyruDfFgJMYWSYchSzwLAQMzfi",
    "work": 4,
    "person": 6,
    "employee": 11,
    "seller": 11,
    "status": "elab",
    "date_conclusion": null,
    "price": "0.00",
    "obs": ""
  }
},
{
  "model": "proposal.proposal",
  "pk": 67,
  "fields": {
    "created": "2016-03-27T05:47:19.953Z",
    "modified": "2016-03-27T05:47:19.953Z",
    "num_prop": 27,
    "priority": "a3",
    "prop_type": "R",
    "num_prop_type": 0,
    "category": "orc",
    "description": "AvXfpdqMmVXxQzjFAVexXXJlFsQLVF",
    "work": 24,
    "person": 38,
    "employee": 3,
    "seller": 8,
    "status": "p",
    "date_conclusion": null,
    "price": "0.00",
    "obs": ""
  }
},
{
  "model": "proposal.proposal",
  "pk": 68,
  "fields": {
    "created": "2016-03-27T05:47:20.113Z",
    "modified": "2016-03-27T05:47:20.113Z",
    "num_prop": 28,
    "priority": "a3",
    "prop_type": "R",
    "num_prop_type": 0,
    "category": "orc",
    "description": "VouPmOeXMjOcpqxQPiVivgraEXYTng",
    "work": 21,
    "person": 21,
    "employee": 4,
    "seller": 5,
    "status": "a",
    "date_conclusion": "2016-03-27T05:47:20.112Z",
    "price": "75708.72",
    "obs": ""
  }
},
{
  "model": "proposal.proposal",
  "pk": 69,
  "fields": {
    "created": "2016-03-27T05:47:20.289Z",
    "modified": "2016-03-27T05:47:20.289Z",
    "num_prop": 29,
    "priority": "a3",
    "prop_type": "R",
    "num_prop_type": 0,
    "category": "orc",
    "description": "vMrVSgcsAWUQmPDCdzHexPPanmyaLQ",
    "work": 6,
    "person": 42,
    "employee": 9,
    "seller": 11,
    "status": "c",
    "date_conclusion": null,
    "price": "0.00",
    "obs": ""
  }
},
{
  "model": "proposal.proposal",
  "pk": 70,
  "fields": {
    "created": "2016-03-27T05:47:20.431Z",
    "modified": "2016-03-27T05:47:20.431Z",
    "num_prop": 30,
    "priority": "a3",
    "prop_type": "R",
    "num_prop_type": 0,
    "category": "orc",
    "description": "wvUelUsWuMzbBrlEtwLoHDkMTPTlhT",
    "work": 13,
    "person": 10,
    "employee": 2,
    "seller": 8,
    "status": "co",
    "date_conclusion": "2016-03-27T05:47:20.430Z",
    "price": "211013.62",
    "obs": ""
  }
},
{
  "model": "proposal.proposal",
  "pk": 71,
  "fields": {
    "created": "2016-03-27T05:47:20.572Z",
    "modified": "2016-03-27T05:47:20.572Z",
    "num_prop": 31,
    "priority": "a3",
    "prop_type": "R",
    "num_prop_type": 0,
    "category": "orc",
    "description": "PrESmKaNeVQkDeArrCxPkCfZylFKQO",
    "work": 21,
    "person": 7,
    "employee": 10,
    "seller": 11,
    "status": "c",
    "date_conclusion": null,
    "price": "0.00",
    "obs": ""
  }
},
{
  "model": "proposal.proposal",
  "pk": 72,
  "fields": {
    "created": "2016-03-27T05:47:20.716Z",
    "modified": "2016-03-27T05:47:20.716Z",
    "num_prop": 32,
    "priority": "a3",
    "prop_type": "R",
    "num_prop_type": 0,
    "category": "orc",
    "description": "QNGUrMlyCAeUdWvxmMslkGVNUaSPOO",
    "work": 26,
    "person": 32,
    "employee": 10,
    "seller": 5,
    "status": "co",
    "date_conclusion": "2016-03-27T05:47:20.716Z",
    "price": "683081.00",
    "obs": ""
  }
},
{
  "model": "proposal.proposal",
  "pk": 73,
  "fields": {
    "created": "2016-03-27T05:47:20.853Z",
    "modified": "2016-03-27T05:47:20.853Z",
    "num_prop": 33,
    "priority": "a3",
    "prop_type": "R",
    "num_prop_type": 0,
    "category": "orc",
    "description": "IXPglgAThkBeXHFiSLzgCPRHDTSoIv",
    "work": 8,
    "person": 7,
    "employee": 8,
    "seller": 8,
    "status": "elab",
    "date_conclusion": null,
    "price": "0.00",
    "obs": ""
  }
},
{
  "model": "proposal.proposal",
  "pk": 74,
  "fields": {
    "created": "2016-03-27T05:47:20.983Z",
    "modified": "2016-03-27T05:47:20.983Z",
    "num_prop": 34,
    "priority": "a3",
    "prop_type": "R",
    "num_prop_type": 0,
    "category": "orc",
    "description": "BFRzFHFwTaOIfsZEgjwvMBZWkSLFOt",
    "work": 2,
    "person": 19,
    "employee": 10,
    "seller": 11,
    "status": "elab",
    "date_conclusion": null,
    "price": "0.00",
    "obs": ""
  }
},
{
  "model": "proposal.proposal",
  "pk": 75,
  "fields": {
    "created": "2016-03-27T05:47:21.114Z",
    "modified": "2016-03-27T05:47:21.114Z",
    "num_prop": 35,
    "priority": "a3",
    "prop_type": "R",
    "num_prop_type": 0,
    "category": "orc",
    "description": "OfLAukHorrAUspCIHrRZVMbvCLQDUv",
    "work": 14,
    "person": 7,
    "employee": 5,
    "seller": 5,
    "status": "a",
    "date_conclusion": "2016-03-27T05:47:21.113Z",
    "price": "269710.06",
    "obs": ""
  }
},
{
  "model": "proposal.proposal",
  "pk": 76,
  "fields": {
    "created": "2016-03-27T05:47:21.245Z",
    "modified": "2016-03-27T05:47:21.245Z",
    "num_prop": 36,
    "priority": "a3",
    "prop_type": "R",
    "num_prop_type": 0,
    "category": "orc",
    "description": "kocUveosGyAghVYTXPsgWJQGiFNXVJ",
    "work": 40,
    "person": 28,
    "employee": 8,
    "seller": 8,
    "status": "p",
    "date_conclusion": null,
    "price": "0.00",
    "obs": ""
  }
},
{
  "model": "proposal.proposal",
  "pk": 77,
  "fields": {
    "created": "2016-03-27T05:47:21.423Z",
    "modified": "2016-03-27T05:47:21.423Z",
    "num_prop": 37,
    "priority": "a3",
    "prop_type": "R",
    "num_prop_type": 0,
    "category": "orc",
    "description": "NYYDWjsSNQrPxxFPTjcabSvPptVEVo",
    "work": 26,
    "person": 5,
    "employee": 4,
    "seller": 5,
    "status": "a",
    "date_conclusion": "2016-03-27T05:47:21.423Z",
    "price": "209145.86",
    "obs": ""
  }
},
{
  "model": "proposal.proposal",
  "pk": 78,
  "fields": {
    "created": "2016-03-27T05:47:21.606Z",
    "modified": "2016-03-27T05:47:21.606Z",
    "num_prop": 38,
    "priority": "a3",
    "prop_type": "R",
    "num_prop_type": 0,
    "category": "orc",
    "description": "TRsPJakYmLLvGlergUhojCwqnONElU",
    "work": 24,
    "person": 30,
    "employee": 6,
    "seller": 11,
    "status": "a",
    "date_conclusion": "2016-03-27T05:47:21.605Z",
    "price": "832927.28",
    "obs": ""
  }
},
{
  "model": "proposal.proposal",
  "pk": 79,
  "fields": {
    "created": "2016-03-27T05:47:21.761Z",
    "modified": "2016-03-27T05:47:21.761Z",
    "num_prop": 39,
    "priority": "a3",
    "prop_type": "R",
    "num_prop_type": 0,
    "category": "orc",
    "description": "AecnYkQwXXRpqQUMGtnPnuKVLgUjae",
    "work": 20,
    "person": 7,
    "employee": 9,
    "seller": 8,
    "status": "co",
    "date_conclusion": "2016-03-27T05:47:21.760Z",
    "price": "510219.13",
    "obs": ""
  }
},
{
  "model": "proposal.proposal",
  "pk": 80,
  "fields": {
    "created": "2016-03-27T05:47:21.916Z",
    "modified": "2016-03-27T05:47:21.916Z",
    "num_prop": 40,
    "priority": "a3",
    "prop_type": "R",
    "num_prop_type": 0,
    "category": "orc",
    "description": "kgkiHmGizMJPbBAVDHVyVMtQSkAabZ",
    "work": 31,
    "person": 42,
    "employee": 11,
    "seller": 11,
    "status": "co",
    "date_conclusion": "2016-03-27T05:47:21.915Z",
    "price": "145235.71",
    "obs": ""
  }
},
{
  "model": "proposal.proposal",
  "pk": 81,
  "fields": {
    "created": "2016-03-27T05:47:22.071Z",
    "modified": "2016-03-27T05:47:22.071Z",
    "num_prop": 41,
    "priority": "a3",
    "prop_type": "R",
    "num_prop_type": 0,
    "category": "orc",
    "description": "AhrjsddtWSsCsURLxEsBckzhIImgwV",
    "work": 32,
    "person": 13,
    "employee": 10,
    "seller": 11,
    "status": "p",
    "date_conclusion": null,
    "price": "0.00",
    "obs": ""
  }
},
{
  "model": "proposal.proposal",
  "pk": 82,
  "fields": {
    "created": "2016-03-27T05:47:22.227Z",
    "modified": "2016-03-27T05:47:22.227Z",
    "num_prop": 42,
    "priority": "a3",
    "prop_type": "R",
    "num_prop_type": 0,
    "category": "orc",
    "description": "DNXLfUylNgzHjnZTizbKKNESHBxTBr",
    "work": 8,
    "person": 14,
    "employee": 11,
    "seller": 8,
    "status": "elab",
    "date_conclusion": null,
    "price": "0.00",
    "obs": ""
  }
},
{
  "model": "proposal.proposal",
  "pk": 83,
  "fields": {
    "created": "2016-03-27T05:47:22.384Z",
    "modified": "2016-03-27T05:47:22.384Z",
    "num_prop": 43,
    "priority": "a3",
    "prop_type": "R",
    "num_prop_type": 0,
    "category": "orc",
    "description": "CejdTkUUkCxnwKxVpwkIIZhgAGjjyp",
    "work": 40,
    "person": 18,
    "employee": 4,
    "seller": 11,
    "status": "c",
    "date_conclusion": null,
    "price": "0.00",
    "obs": ""
  }
},
{
  "model": "proposal.proposal",
  "pk": 84,
  "fields": {
    "created": "2016-03-27T05:47:22.528Z",
    "modified": "2016-03-27T05:47:22.528Z",
    "num_prop": 44,
    "priority": "a3",
    "prop_type": "R",
    "num_prop_type": 0,
    "category": "orc",
    "description": "vaHvWyMIJZnUMAbyLDSgskPXfVRhAf",
    "work": 28,
    "person": 22,
    "employee": 11,
    "seller": 11,
    "status": "c",
    "date_conclusion": null,
    "price": "0.00",
    "obs": ""
  }
},
{
  "model": "proposal.proposal",
  "pk": 85,
  "fields": {
    "created": "2016-03-27T05:47:22.707Z",
    "modified": "2016-03-27T05:47:22.707Z",
    "num_prop": 45,
    "priority": "a3",
    "prop_type": "R",
    "num_prop_type": 0,
    "category": "orc",
    "description": "iISLMFXvtjFybVKuaauZDztNdAWrVr",
    "work": 33,
    "person": 17,
    "employee": 11,
    "seller": 11,
    "status": "p",
    "date_conclusion": null,
    "price": "0.00",
    "obs": ""
  }
},
{
  "model": "proposal.proposal",
  "pk": 86,
  "fields": {
    "created": "2016-03-27T05:47:22.839Z",
    "modified": "2016-03-27T05:47:22.840Z",
    "num_prop": 46,
    "priority": "a3",
    "prop_type": "R",
    "num_prop_type": 0,
    "category": "orc",
    "description": "kUKdtcMqLelsrXilGAatjUaBxgIgsX",
    "work": 30,
    "person": 3,
    "employee": 9,
    "seller": 5,
    "status": "c",
    "date_conclusion": null,
    "price": "0.00",
    "obs": ""
  }
},
{
  "model": "proposal.proposal",
  "pk": 87,
  "fields": {
    "created": "2016-03-27T05:47:22.972Z",
    "modified": "2016-03-27T05:47:22.972Z",
    "num_prop": 47,
    "priority": "a3",
    "prop_type": "R",
    "num_prop_type": 0,
    "category": "orc",
    "description": "ulURXCZMiSteOiTBfOAPQNhyHMvazA",
    "work": 32,
    "person": 14,
    "employee": 2,
    "seller": 5,
    "status": "elab",
    "date_conclusion": null,
    "price": "0.00",
    "obs": ""
  }
},
{
  "model": "proposal.proposal",
  "pk": 88,
  "fields": {
    "created": "2016-03-27T05:47:23.103Z",
    "modified": "2016-03-27T05:47:23.103Z",
    "num_prop": 48,
    "priority": "a3",
    "prop_type": "R",
    "num_prop_type": 0,
    "category": "orc",
    "description": "IcOsrVqxUwdpZHBWdsdeWsWhTfQyml",
    "work": 21,
    "person": 29,
    "employee": 6,
    "seller": 8,
    "status": "c",
    "date_conclusion": null,
    "price": "0.00",
    "obs": ""
  }
},
{
  "model": "proposal.proposal",
  "pk": 89,
  "fields": {
    "created": "2016-03-27T05:47:23.282Z",
    "modified": "2016-03-27T05:47:23.283Z",
    "num_prop": 49,
    "priority": "a3",
    "prop_type": "R",
    "num_prop_type": 0,
    "category": "orc",
    "description": "jcGfWqBYNtmiQHdVmXdMfucPdfbUXB",
    "work": 8,
    "person": 42,
    "employee": 5,
    "seller": 5,
    "status": "co",
    "date_conclusion": "2016-03-27T05:47:23.282Z",
    "price": "214547.47",
    "obs": ""
  }
},
{
  "model": "proposal.proposal",
  "pk": 90,
  "fields": {
    "created": "2016-03-27T05:47:23.440Z",
    "modified": "2016-03-27T05:47:23.440Z",
    "num_prop": 50,
    "priority": "a3",
    "prop_type": "R",
    "num_prop_type": 0,
    "category": "orc",
    "description": "LtZORjzCzStICxAMwDGzevxaAmlZsM",
    "work": 29,
    "person": 7,
    "employee": 10,
    "seller": 11,
    "status": "p",
    "date_conclusion": null,
    "price": "0.00",
    "obs": ""
  }
},
{
  "model": "proposal.proposal",
  "pk": 91,
  "fields": {
    "created": "2016-03-27T05:47:23.595Z",
    "modified": "2016-03-27T05:47:23.595Z",
    "num_prop": 51,
    "priority": "a3",
    "prop_type": "R",
    "num_prop_type": 0,
    "category": "orc",
    "description": "bWIhhnjicgsCHOvwKvvsoShbCgbeMX",
    "work": 16,
    "person": 22,
    "employee": 7,
    "seller": 5,
    "status": "a",
    "date_conclusion": "2016-03-27T05:47:23.595Z",
    "price": "662364.92",
    "obs": ""
  }
},
{
  "model": "proposal.proposal",
  "pk": 92,
  "fields": {
    "created": "2016-03-27T05:47:23.763Z",
    "modified": "2016-03-27T05:47:23.763Z",
    "num_prop": 52,
    "priority": "a3",
    "prop_type": "R",
    "num_prop_type": 0,
    "category": "orc",
    "description": "BMLLMpcnVYpstrMFZoVKIrMihescnK",
    "work": 9,
    "person": 28,
    "employee": 2,
    "seller": 8,
    "status": "co",
    "date_conclusion": "2016-03-27T05:47:23.762Z",
    "price": "112197.90",
    "obs": ""
  }
},
{
  "model": "proposal.proposal",
  "pk": 93,
  "fields": {
    "created": "2016-03-27T05:47:23.918Z",
    "modified": "2016-03-27T05:47:23.918Z",
    "num_prop": 53,
    "priority": "a3",
    "prop_type": "R",
    "num_prop_type": 0,
    "category": "orc",
    "description": "eBHqMwOIMHWZvPvMTrqndItEUbDshP",
    "work": 33,
    "person": 6,
    "employee": 3,
    "seller": 8,
    "status": "p",
    "date_conclusion": null,
    "price": "0.00",
    "obs": ""
  }
},
{
  "model": "proposal.proposal",
  "pk": 94,
  "fields": {
    "created": "2016-03-27T05:47:24.067Z",
    "modified": "2016-03-27T05:47:24.067Z",
    "num_prop": 54,
    "priority": "a3",
    "prop_type": "R",
    "num_prop_type": 0,
    "category": "orc",
    "description": "wFsuFEeKOcBALtyOjRHmBekuaTOQxN",
    "work": 29,
    "person": 29,
    "employee": 10,
    "seller": 8,
    "status": "p",
    "date_conclusion": null,
    "price": "0.00",
    "obs": ""
  }
},
{
  "model": "proposal.proposal",
  "pk": 95,
  "fields": {
    "created": "2016-03-27T05:47:24.229Z",
    "modified": "2016-03-27T05:47:24.229Z",
    "num_prop": 55,
    "priority": "a3",
    "prop_type": "R",
    "num_prop_type": 0,
    "category": "orc",
    "description": "YvFzCnOTRUgpYlwOwFJbkRrtFTPrOP",
    "work": 38,
    "person": 40,
    "employee": 9,
    "seller": 8,
    "status": "c",
    "date_conclusion": null,
    "price": "0.00",
    "obs": ""
  }
},
{
  "model": "proposal.proposal",
  "pk": 96,
  "fields": {
    "created": "2016-03-27T05:47:24.413Z",
    "modified": "2016-03-27T05:47:24.413Z",
    "num_prop": 56,
    "priority": "a3",
    "prop_type": "R",
    "num_prop_type": 0,
    "category": "orc",
    "description": "VHYXzxRgAZDXFIfPjoxWoWINrpNTbw",
    "work": 18,
    "person": 48,
    "employee": 10,
    "seller": 5,
    "status": "p",
    "date_conclusion": null,
    "price": "0.00",
    "obs": ""
  }
},
{
  "model": "proposal.proposal",
  "pk": 97,
  "fields": {
    "created": "2016-03-27T05:47:24.581Z",
    "modified": "2016-03-27T05:47:24.581Z",
    "num_prop": 57,
    "priority": "a3",
    "prop_type": "R",
    "num_prop_type": 0,
    "category": "orc",
    "description": "DVdusfOgEEgYvYngpavhpsECmmzrSa",
    "work": 33,
    "person": 6,
    "employee": 8,
    "seller": 8,
    "status": "elab",
    "date_conclusion": null,
    "price": "0.00",
    "obs": ""
  }
},
{
  "model": "proposal.proposal",
  "pk": 98,
  "fields": {
    "created": "2016-03-27T05:47:24.762Z",
    "modified": "2016-03-27T05:47:24.762Z",
    "num_prop": 58,
    "priority": "a3",
    "prop_type": "R",
    "num_prop_type": 0,
    "category": "orc",
    "description": "rXRrQhcCxcKQUJBLsjQiKJymNHrzAk",
    "work": 12,
    "person": 13,
    "employee": 10,
    "seller": 5,
    "status": "c",
    "date_conclusion": null,
    "price": "0.00",
    "obs": ""
  }
},
{
  "model": "proposal.proposal",
  "pk": 99,
  "fields": {
    "created": "2016-03-27T05:47:24.894Z",
    "modified": "2016-03-27T05:47:24.894Z",
    "num_prop": 59,
    "priority": "a3",
    "prop_type": "R",
    "num_prop_type": 0,
    "category": "orc",
    "description": "lbhPLEPEpCbMXwzrkTCAcfpjeCOvSF",
    "work": 12,
    "person": 25,
    "employee": 7,
    "seller": 5,
    "status": "co",
    "date_conclusion": "2016-03-27T05:47:24.894Z",
    "price": "147660.08",
    "obs": ""
  }
},
{
  "model": "proposal.proposal",
  "pk": 100,
  "fields": {
    "created": "2016-03-27T05:47:25.049Z",
    "modified": "2016-03-27T05:47:25.049Z",
    "num_prop": 60,
    "priority": "a3",
    "prop_type": "R",
    "num_prop_type": 0,
    "category": "orc",
    "description": "qezzDRPkPJagaBRHdzjuqDKkuHNkji",
    "work": 4,
    "person": 17,
    "employee": 3,
    "seller": 5,
    "status": "a",
    "date_conclusion": "2016-03-27T05:47:25.049Z",
    "price": "249981.71",
    "obs": ""
  }
},
{
  "model": "proposal.contract",
  "pk": 1,
  "fields": {
    "created": "2016-03-27T05:47:26.259Z",
    "modified": "2016-03-27T05:47:26.259Z",
    "proposal": 42,
    "contractor": 57,
    "is_canceled": true
  }
},
{
  "model": "proposal.contract",
  "pk": 2,
  "fields": {
    "created": "2016-03-27T05:47:26.407Z",
    "modified": "2016-03-27T05:47:26.407Z",
    "proposal": 55,
    "contractor": 62,
    "is_canceled": true
  }
},
{
  "model": "proposal.contract",
  "pk": 3,
  "fields": {
    "created": "2016-03-27T05:47:26.565Z",
    "modified": "2016-03-27T05:47:26.565Z",
    "proposal": 57,
    "contractor": 74,
    "is_canceled": false
  }
},
{
  "model": "proposal.contract",
  "pk": 4,
  "fields": {
    "created": "2016-03-27T05:47:26.721Z",
    "modified": "2016-03-27T05:47:26.721Z",
    "proposal": 62,
    "contractor": 51,
    "is_canceled": false
  }
},
{
  "model": "proposal.contract",
  "pk": 5,
  "fields": {
    "created": "2016-03-27T05:47:26.878Z",
    "modified": "2016-03-27T05:47:26.878Z",
    "proposal": 63,
    "contractor": 57,
    "is_canceled": true
  }
},
{
  "model": "proposal.contract",
  "pk": 6,
  "fields": {
    "created": "2016-03-27T05:47:27.026Z",
    "modified": "2016-03-27T05:47:27.026Z",
    "proposal": 65,
    "contractor": 59,
    "is_canceled": false
  }
},
{
  "model": "proposal.contract",
  "pk": 7,
  "fields": {
    "created": "2016-03-27T05:47:27.164Z",
    "modified": "2016-03-27T05:47:27.165Z",
    "proposal": 68,
    "contractor": 60,
    "is_canceled": false
  }
},
{
  "model": "proposal.contract",
  "pk": 8,
  "fields": {
    "created": "2016-03-27T05:47:27.321Z",
    "modified": "2016-03-27T05:47:27.321Z",
    "proposal": 75,
    "contractor": 65,
    "is_canceled": false
  }
},
{
  "model": "proposal.contract",
  "pk": 9,
  "fields": {
    "created": "2016-03-27T05:47:27.455Z",
    "modified": "2016-03-27T05:47:27.455Z",
    "proposal": 77,
    "contractor": 55,
    "is_canceled": false
  }
},
{
  "model": "proposal.contract",
  "pk": 10,
  "fields": {
    "created": "2016-03-27T05:47:27.706Z",
    "modified": "2016-03-27T05:47:27.706Z",
    "proposal": 78,
    "contractor": 51,
    "is_canceled": false
  }
},
{
  "model": "proposal.contract",
  "pk": 11,
  "fields": {
    "created": "2016-03-27T05:47:27.842Z",
    "modified": "2016-03-27T05:47:27.842Z",
    "proposal": 91,
    "contractor": 58,
    "is_canceled": true
  }
},
{
  "model": "proposal.contract",
  "pk": 12,
  "fields": {
    "created": "2016-03-27T05:47:27.982Z",
    "modified": "2016-03-27T05:47:27.982Z",
    "proposal": 100,
    "contractor": 73,
    "is_canceled": false
  }
},
{
  "model": "proposal.numlastproposal",
  "pk": 1,
  "fields": {
    "num_last_prop": 60
  }
}
]
